section,category,name,price,price_old,promo_pct,available_online,rating,reviews,code,url
akkumulyatornyj-instrument,Автомобільні товари / Автомобільні компресори,Акумуляторний насос для шин Dnipro-M BTI-600,2100.0,,,True,4.53,15,48217000,https://dnipro-m.ua/tovar/akumulyatornij-nasos-dlya-shin-bti-600/
akkumulyatornyj-instrument,Автомобільні товари / Гайковерти,Акумуляторний гайковерт Dnipro-M DTW-207BC Ultra (без АКБ та ЗП),,,,False,,0,37092000,https://dnipro-m.ua/tovar/akumuliatornyi-haikovert-dtw-207bc-ultra/
akkumulyatornyj-instrument,Автомобільні товари / Гайковерти,Акумуляторний гайковерт Dnipro-M DTW-206BC Ultra (без АКБ та ЗП),,,,False,,0,37091000,https://dnipro-m.ua/tovar/akumuliatornyi-haikovert-dtw-206bc-ultra/
akkumulyatornyj-instrument,Автомобільні товари / Гайковерти,Акумуляторний гайковерт Dnipro-M DTW-204BC (без АКБ та ЗП),,,,False,,0,37528000,https://dnipro-m.ua/tovar/akumuliatornyi-haikovert-dtw-204bc/
akkumulyatornyj-instrument,Автомобільні товари / Гайковерти,Акумуляторний гайковерт Dnipro-M TW-12 (Без АКБ та ЗП),2598.0,3660.0,29,True,4.15,13,99878000-2,https://dnipro-m.ua/tovar/akumulyatornij-gajkovert-tw-12/
akkumulyatornyj-instrument,Автомобільні товари / Гайковерти,Акумуляторний гайковерт Dnipro-M DTW-400BC Ultra (без АКБ та ЗП),3498.0,4500.0,22,True,,0,48389000-4,https://dnipro-m.ua/tovar/akumulyatornij-gajkovert-dtw-400bc-ultra/
akkumulyatornyj-instrument,Автомобільні товари / Гайковерти,Акумуляторний гайковерт Dnipro-M DTW-201BC Compact (без АКБ і ЗП),3690.0,,,True,4.43,100,41613000,https://dnipro-m.ua/tovar/akkumulyatornyj-gajkovert-dtw-201bc-compact/
akkumulyatornyj-instrument,Автомобільні товари / Гайковерти,Акумуляторний гайковерт Dnipro-M DTW-205BC (без АКБ та ЗП),4200.0,,,True,5.00,11,48849000,https://dnipro-m.ua/tovar/akumulyatornij-gajkovert-dtw-205bc/
akkumulyatornyj-instrument,Автомобільні товари / Гайковерти,Акумуляторний гайковерт Dnipro-M DTW-202BC Ultra (без АКБ та ЗП),4599.0,6990.0,34,False,4.59,167,41989000-2,https://dnipro-m.ua/tovar/akkumulyatornyj-gajkovert-dtw-202bc-ultra/
akkumulyatornyj-instrument,Автомобільні товари / Гайковерти,Акумуляторний гайковерт Dnipro-M DTW-203BC Ultra (без АКБ та ЗП),7500.0,,,False,4.53,17,48263000,https://dnipro-m.ua/tovar/akumulyatornij-gajkovert-dtw-203bc-ultra/
akkumulyatornyj-instrument,Автомобільні товари / Гайковерти,Акумуляторний гайковерт Dnipro-M DTW-401BC Ultra (без АКБ та ЗП),8700.0,,,True,,0,48390000,https://dnipro-m.ua/tovar/akumulyatornij-gajkovert-dtw-401bc-ultra/
akkumulyatornyj-instrument,Автомобільні товари / Гайковерти,Акумуляторний гайковерт Dnipro-M DTW-402BC Ultra (без АКБ та ЗП),14850.0,,,True,4.60,5,48391000,https://dnipro-m.ua/tovar/akumulyatornij-gajkovert-dtw-402bc-ultra/
akkumulyatornyj-instrument,Автомобільні товари / Ключі та набори ключів,Акумуляторна тріскачка Dnipro-M RW-12 (без АКБ та ЗП),2850.0,,,False,4.73,88,21413000,https://dnipro-m.ua/tovar/akkumulyatornaya-udarnaya-treshhotka-rw-12/
akkumulyatornyj-instrument,Акумуляторний інструмент / Акумулятори і зарядки,Зарядний пристрій Dnipro-M FC-122,399.0,720.0,45,False,4.04,25,08457000-25,https://dnipro-m.ua/tovar/zaryadnoe-ustrojstvo-k-shurupovertu-fc-122/
akkumulyatornyj-instrument,Акумуляторний інструмент / Акумулятори і зарядки,Зарядний пристрій Dnipro-M FC-223,450.0,699.0,36,False,3.54,35,49142000-1,https://dnipro-m.ua/tovar/zaryadnoe-ustrojstvo-k-shurupovertu-fc-223/
akkumulyatornyj-instrument,Акумуляторний інструмент / Акумулятори і зарядки,Блок зарядний для автомобіля Dnipro-M Type-C USB-C,558.0,,,False,4.57,28,48215000,https://dnipro-m.ua/tovar/blok-zaryadnij-dlya-avtomobilya-type-c-usb-c/
akkumulyatornyj-instrument,Акумуляторний інструмент / Акумулятори і зарядки,Акумуляторна батарея Dnipro-M BP-220-5 2 А*г,630.0,,,True,5.00,1,48791000,https://dnipro-m.ua/tovar/akumulyatorna-batareya-bp-220-5/
akkumulyatornyj-instrument,Акумуляторний інструмент / Акумулятори і зарядки,Блок зарядний Dnipro-M 35 Вт Type-C USB-C,685.0,,,False,4.55,20,48214000,https://dnipro-m.ua/tovar/blok-zaryadnij-35w-type-c-usb-c/
akkumulyatornyj-instrument,Акумуляторний інструмент / Акумулятори і зарядки,Акумуляторна батарея Dnipro-M BP-122 2.0 Аг,690.0,825.0,16,True,4.71,49,16058000-1,https://dnipro-m.ua/tovar/akkumulyatornaya-batareya-bp-122/
akkumulyatornyj-instrument,Акумуляторний інструмент / Акумулятори і зарядки,Зарядний пристрій Dnipro-M FC-230,699.0,798.0,12,True,3.70,104,49274000-1,https://dnipro-m.ua/tovar/zaryadnoe-ustrojstvo-k-shurupovertu-fc-230/
akkumulyatornyj-instrument,Акумуляторний інструмент / Акумулятори і зарядки,Акумуляторна батарея Dnipro-M BP-220-10 2 А*г,720.0,,,True,,0,48792000,https://dnipro-m.ua/tovar/akumulyatorna-batareya-bp-220-10/
akkumulyatornyj-instrument,Акумуляторний інструмент / Акумулятори і зарядки,Зарядний пристрій Dnipro-M FC-230 CL,720.0,900.0,20,True,4.25,16,84550000-2,https://dnipro-m.ua/tovar/zaryadnij-pristrij-fc-230-cl/
akkumulyatornyj-instrument,Акумуляторний інструмент / Акумулятори і зарядки,Зарядний пристрій Dnipro-M FC-124,798.0,1125.0,29,True,4.50,26,22847000-1,https://dnipro-m.ua/tovar/zaryadnoe-ustrojstvo-fc-124/
akkumulyatornyj-instrument,Акумуляторний інструмент / Акумулятори і зарядки,Акумуляторна батарея Dnipro-M BP-220 2 А/год,840.0,990.0,15,True,4.24,125,49135000-18,https://dnipro-m.ua/tovar/akkumulyatornaya-batareya-k-shurupovertu-bp-220/
akkumulyatornyj-instrument,Акумуляторний інструмент / Акумулятори і зарядки,Зарядний пристрій Dnipro-M FC-420,840.0,999.0,16,True,5.00,3,48396000-4,https://dnipro-m.ua/tovar/zaryadnij-pristrij-fc-420/
akkumulyatornyj-instrument,Акумуляторний інструмент / Акумулятори і зарядки,Адаптер до акумуляторної батареї Dnipro-M BA-201W,960.0,1080.0,11,True,3.86,88,99654000-1,https://dnipro-m.ua/tovar/adapter-do-akumulyatornoyi-batareyi-ba-201w/
akkumulyatornyj-instrument,Акумуляторний інструмент / Акумулятори і зарядки,Зарядний пристрій Dnipro-M FC-230 Dual,1299.0,1599.0,19,False,4.10,49,97005000-6,https://dnipro-m.ua/tovar/zaryadnoe-ustrojstvo-fc-230-dual/
akkumulyatornyj-instrument,Акумуляторний інструмент / Акумулятори і зарядки,Акумуляторна батарея Dnipro-M BP-240 4 А/г,1350.0,1890.0,29,True,4.24,264,49136000-19,https://dnipro-m.ua/tovar/akkumulyatornaya-batareya-k-shurupovertu-bp-240/
akkumulyatornyj-instrument,Акумуляторний інструмент / Акумулятори і зарядки,Акумуляторна батарея Dnipro-M BP-125 4 Аг,1380.0,1599.0,14,True,4.64,75,08456000-1,https://dnipro-m.ua/tovar/akkumulyatornaya-batareya-bp-125/
akkumulyatornyj-instrument,Акумуляторний інструмент / Акумулятори і зарядки,Акумуляторна батарея Dnipro-M BP-420 2 А*год,1650.0,1998.0,17,True,5.00,1,48398000-4,https://dnipro-m.ua/tovar/akumulyatorna-batareya-bp-420/
akkumulyatornyj-instrument,Акумуляторний інструмент / Акумулятори і зарядки,Акумуляторна батарея Dnipro-M BP-240N 4 А*г,1899.0,2400.0,21,True,4.21,61,84548000-2,https://dnipro-m.ua/tovar/akumulyatorna-batareya-bp-240n/
akkumulyatornyj-instrument,Акумуляторний інструмент / Акумулятори і зарядки,"Акумуляторна батарея Dnipro-M BP-260 6,0 Аг",2298.0,3300.0,30,True,4.43,168,97542000-1,https://dnipro-m.ua/tovar/akkumulyatornaya-batareya-bp-260/
akkumulyatornyj-instrument,Акумуляторний інструмент / Акумулятори і зарядки,Зарядний пристрій Dnipro-M FC-280C,2400.0,,,True,4.46,35,84549000,https://dnipro-m.ua/tovar/zaryadnij-pristrij-fc-280c/
akkumulyatornyj-instrument,Акумуляторний інструмент / Акумулятори і зарядки,Зарядний пристрій Dnipro-M FC-440 Dual,2499.0,2700.0,7,True,2.00,2,48394000-3,https://dnipro-m.ua/tovar/zaryadnij-pristrij-fc-440-dual/
akkumulyatornyj-instrument,Акумуляторний інструмент / Акумулятори і зарядки,Акумуляторна батарея Dnipro-M BP-440 4 А*год,3198.0,3900.0,18,True,5.00,5,48397000-4,https://dnipro-m.ua/tovar/akumulyatorna-batareya-bp-440/
akkumulyatornyj-instrument,Акумуляторний інструмент / Акумулятори і зарядки,Акумуляторна батарея Dnipro-M BP-280N 8 А*г,3999.0,4800.0,17,True,4.52,63,84547000-2,https://dnipro-m.ua/tovar/akumulyatorna-batareya-bp-280n/
akkumulyatornyj-instrument,Акумуляторний інструмент / Акумулятори і зарядки,Акумуляторна батарея Dnipro-M BP-212 12 А*год,5298.0,5850.0,9,True,5.00,20,48440000-1,https://dnipro-m.ua/tovar/akumulyatorna-batareya-bp-212/
akkumulyatornyj-instrument,Акумуляторний інструмент / Акумуляторні вентилятори,Акумуляторний вентилятор Dnipro-M CF-12 (без АКБ та ЗП),2199.0,2850.0,23,True,4.82,17,83624000-4,https://dnipro-m.ua/tovar/akumulyatornij-ventilyator-cf-12/
akkumulyatornyj-instrument,Акумуляторний інструмент / Акумуляторні вентилятори,Акумуляторний вентилятор Dnipro-M DCF-200 (без АКБ та ЗП),2499.0,3480.0,28,True,4.42,19,48938000-2,https://dnipro-m.ua/tovar/akumulyatornij-ventilyator-dcf-200/
akkumulyatornyj-instrument,Акумуляторний інструмент / Акумуляторні гвинтоверти,Акумуляторний ударний гвинтоверт Dnipro-M DTD-202BC (без АКБ та ЗП),,,,False,,0,37529000,https://dnipro-m.ua/tovar/akumulyatornij-udarnij-gvintovert-dtd-202bc/
akkumulyatornyj-instrument,Акумуляторний інструмент / Акумуляторні гвинтоверти,Акумуляторний ударний гвинтоверт Dnipro-M DTD-200 (без АКБ та ЗП),1098.0,1797.0,39,False,4.70,37,49130000-8,https://dnipro-m.ua/tovar/akkumulyatornyj-vintovyort-dtd-200/
akkumulyatornyj-instrument,Акумуляторний інструмент / Акумуляторні гвинтоверти,Акумуляторний гвинтоверт Dnipro-M DTD-200 BC ULTRA (без АКБ і ЗП),2100.0,3999.0,47,False,4.47,66,49131000-2,https://dnipro-m.ua/tovar/akkumulyatornyj-vintovyort-dtd-200-bc-ultra/
akkumulyatornyj-instrument,Акумуляторний інструмент / Акумуляторні гвинтоверти,Акумуляторний ударний гвинтоверт Dnipro-M TD-12 (без АКБ і ЗП),2199.0,2850.0,23,True,4.37,67,84475000-2,https://dnipro-m.ua/tovar/akumulyatornij-udarnij-gvintovert-td-12/
akkumulyatornyj-instrument,Акумуляторний інструмент / Акумуляторні гвинтоверти,Акумуляторний ударний гвинтоверт Dnipro-M DTD-201BC (без АКБ і ЗП),2799.0,3000.0,7,True,4.77,48,99431000-7,https://dnipro-m.ua/tovar/akumulyatornij-udarnij-gvintovert-dtd-201bc/
akkumulyatornyj-instrument,Акумуляторний інструмент / Акумуляторні гвинтоверти,Акумуляторний ударний гвинтоверт Dnipro-M DTD-201BC ULTRA (без АКБ та ЗП),3498.0,3900.0,10,True,4.49,98,59369000-3,https://dnipro-m.ua/tovar/akumulatornij-udarnij-gvintovert-dtd-201bc-ultra/
akkumulyatornyj-instrument,Акумуляторний інструмент / Акумуляторні кавоварки,Чашка Dnipro-M для DCM-200,390.0,,,True,4.30,20,84540000,https://dnipro-m.ua/tovar/chashka-dlya-dcm-200/
akkumulyatornyj-instrument,Акумуляторний інструмент / Акумуляторні кавоварки,Акумуляторна кавова машина Dnipro-M DCM-200,3498.0,4500.0,22,True,4.47,76,83708000-5,https://dnipro-m.ua/tovar/akumulyatorna-kavova-mashina-dcm-200/
akkumulyatornyj-instrument,Акумуляторний інструмент / Акумуляторні компресори,Акумуляторний компресор Dnipro-M DTI-200,2598.0,,,True,4.44,32,84183000,https://dnipro-m.ua/tovar/akumulyatornij-kompresor-dti-200/
akkumulyatornyj-instrument,Акумуляторний інструмент / Акумуляторні компресори,Акумуляторний компресор Dnipro-M DMP-200,3699.0,4200.0,12,True,4.26,35,83875000-4,https://dnipro-m.ua/tovar/akumulyatornij-kompresor-dmp-200/
akkumulyatornyj-instrument,Акумуляторний інструмент / Акумуляторні міксери,Акумуляторний будівельний міксер Dnipro-M DBM-200BC,5199.0,7200.0,28,True,4.90,20,99673000-6,https://dnipro-m.ua/tovar/akumulyatornij-budivelnij-mikser-dbm-200bc/
akkumulyatornyj-instrument,Акумуляторний інструмент / Акумуляторні паяльники,Комплект жал для паяльника Dnipro-M SI-12,108.0,,,True,5.00,7,59328000,https://dnipro-m.ua/tovar/nasadka-dlya-payalnika-si-12/
akkumulyatornyj-instrument,Акумуляторний інструмент / Акумуляторні паяльники,Жало для паяльника Dnipro-M C-210 тип I,330.0,,,True,,0,78704000,https://dnipro-m.ua/tovar/zhalo-dlya-payalnika-s-210-tip-i/
akkumulyatornyj-instrument,Акумуляторний інструмент / Акумуляторні паяльники,Жало для паяльника Dnipro-M C-210 тип K,330.0,,,True,,0,78705000,https://dnipro-m.ua/tovar/zhalo-dlya-payalnika-c-210-tip-k/
akkumulyatornyj-instrument,Акумуляторний інструмент / Акумуляторні паяльники,Акумуляторний паяльник Dnipro-M SI-12 (без АКБ та ЗП),1500.0,2520.0,40,False,4.14,78,52397000-3,https://dnipro-m.ua/tovar/akkumulyatornyj-payalnik-si-12/
akkumulyatornyj-instrument,Акумуляторний інструмент / Акумуляторні паяльники,Акумуляторний паяльник Dnipro-M СSI-36,1668.0,1980.0,16,True,3.80,80,54287000-3,https://dnipro-m.ua/tovar/akumulyatornij-payalnik-ssi-36/
akkumulyatornyj-instrument,Акумуляторний інструмент / Акумуляторні пили,Акумуляторна ланцюгова пила Dnipro-M CS-12 (без АКБ та ЗП),1629.0,3660.0,55,True,4.41,187,41615000-3,https://dnipro-m.ua/tovar/akumulatorna-lancugova-pila-cs-12/
akkumulyatornyj-instrument,Акумуляторний інструмент / Акумуляторні пили,Акумуляторна ланцюгова пила Dnipro-M DMS-201BC (без АКБ та ЗП),2550.0,2970.0,14,True,4.55,273,78583000-1,https://dnipro-m.ua/tovar/akumulyatorna-lancyugova-pila-dms-201bc/
akkumulyatornyj-instrument,Акумуляторний інструмент / Акумуляторні пили,Акумуляторна ланцюгова міні пила Dnipro-M DMS-200BC (без АКБ та ЗП),2640.0,3270.0,19,True,4.31,55,78626000-2,https://dnipro-m.ua/tovar/akumulyatorna-lancyugova-mini-pila-dms-200bc/
akkumulyatornyj-instrument,Акумуляторний інструмент / Акумуляторні пили,Акумуляторна ланцюгова міні пила Dnipro-M DMS-202BC KIT Lite,2997.0,3870.0,23,True,4.63,24,48789000-1,https://dnipro-m.ua/tovar/akumulyatorna-lanczyugova-mini-pila-dms-202bc-kit-lite/
akkumulyatornyj-instrument,Акумуляторний інструмент / Акумуляторні пили,Акумуляторна ланцюгова пила Dnipro-M DCS-201BC,4098.0,4740.0,14,False,4.46,59,84516000-1,https://dnipro-m.ua/tovar/akumulyatorna-lanczyugova-pila-dcs-201bc/
akkumulyatornyj-instrument,Акумуляторний інструмент / Акумуляторні пили,Акумуляторна ланцюгова пила Dnipro-M DCS-202BC (без АКБ та ЗП),4200.0,,,True,4.65,17,48966000,https://dnipro-m.ua/tovar/akumulyatorna-lanczyugova-pila-dcs-202bc/
akkumulyatornyj-instrument,Акумуляторний інструмент / Акумуляторні пили,Акумуляторна ланцюгова пила Dnipro-M DCS-200BC Dual (без АКБ та ЗП),4899.0,6990.0,30,False,4.32,288,08461000-1,https://dnipro-m.ua/tovar/akkumulyatornaya-czepnaya-pila-dcs-200bc-dual/
akkumulyatornyj-instrument,Акумуляторний інструмент / Акумуляторні пили,Акумуляторна ланцюгова пила Dnipro-M DCS-201BC Dual,5850.0,6990.0,16,True,4.10,58,84515000-1,https://dnipro-m.ua/tovar/akumulyatorna-lanczyugova-pila-dcs-201bc-dual/
akkumulyatornyj-instrument,Акумуляторний інструмент / Акумуляторні полірувальні машини,Акумуляторна полірувальна машина Dnipro-M PM-12 (без АКБ та ЗП),1350.0,2250.0,40,False,4.08,26,52148000-2,https://dnipro-m.ua/tovar/akkumulyatornaya-polirovalnaya-mashina-pm-12/
akkumulyatornyj-instrument,Акумуляторний інструмент / Акумуляторні полірувальні машини,Акумуляторна полірувальна машина Dnipro-M DPE-200BC (без АКБ та ЗП),4350.0,,,True,4.71,7,48373000,https://dnipro-m.ua/tovar/akumulyatorna-poliruvalna-mashina-dpe-200bc/
akkumulyatornyj-instrument,Акумуляторний інструмент / Акумуляторні холодильники,Акумуляторний холодильник Dnipro-M DCR-200 (без АКБ та ЗП),,,,False,5.00,5,37540000,https://dnipro-m.ua/tovar/akumuliatornyi-kholodylnyk-dcr-200/
akkumulyatornyj-instrument,Акумуляторний інструмент / Кейси для акумуляторного інструменту,Кейс пластиковий до акумуляторного перфоратора Dnipro-M DHR-200,210.0,360.0,42,False,5.00,19,49524000-1,https://dnipro-m.ua/tovar/kejs-plastikovyj-k-perforatoru-dhr-200/
akkumulyatornyj-instrument,Акумуляторний інструмент / Кейси для акумуляторного інструменту,"Кейс пластиковий до акумуляторного дриля-шуруповерта Dnipro-M CD-122Q, CD-12Q, CD-12C Compact 2021",240.0,480.0,50,False,4.95,42,16856000-1,https://dnipro-m.ua/tovar/kejs-plastikovyj-k-dreli-shurupovyortu-cd-122q-cd-12q-cd-12c-compact-2021/
akkumulyatornyj-instrument,Акумуляторний інструмент / Кейси для акумуляторного інструменту,Кейс пластиковий до акумуляторного перфоратора Dnipro-M DHR-200 2021,360.0,720.0,50,False,4.75,8,16852000-2,https://dnipro-m.ua/tovar/kejs-plastikovyj-k-perforatoru-dhr-200-2021/
akkumulyatornyj-instrument,Акумуляторний інструмент / Кейси для акумуляторного інструменту,"Кейс пластиковий до акумуляторної кутової шліфувальної машини Dnipro-M DGA-201, DGA-200BC ULTRA 2021",360.0,792.0,55,False,4.59,32,16854000-2,https://dnipro-m.ua/tovar/kejs-plastikovyj-k-akkumulyatornoj-uglovoj-shlifovalnoj-mashine-dga-201-dga-200bc-ultra-2021/
akkumulyatornyj-instrument,Акумуляторний інструмент / Кейси для акумуляторного інструменту,Кейс пластиковий до акумуляторного гвинтоверту Dnipro-M DTD-200 2021,360.0,792.0,55,False,3.83,6,16858000-1,https://dnipro-m.ua/tovar/kejs-plastikovyj-k-akkumulyatornomu-vintovyortu-dtd-200-2021/
akkumulyatornyj-instrument,Акумуляторний інструмент / Кейси для акумуляторного інструменту,Кейс пластиковий до акумуляторного дриля-шуруповерта Dnipro-M CD-200BC ULTRA,375.0,,,False,4.70,27,49521000,https://dnipro-m.ua/tovar/kejs-plastikovyj-k-shurupovertu-cd-200bc-ultra/
akkumulyatornyj-instrument,Акумуляторний інструмент / Кейси для акумуляторного інструменту,Кейс пластиковий до акумуляторного перфоратора Dnipro-M DHR-200BC ULTRA 2021,390.0,840.0,54,True,4.67,9,16853000-1,https://dnipro-m.ua/tovar/kejs-plastikovyj-k-perforatoru-dhr-200bc-ultra-2021/
akkumulyatornyj-instrument,Акумуляторний інструмент / Кейси для акумуляторного інструменту,Кейс пластиковий до акумуляторного гвинтоверту Dnipro-M DTD-200BC ULTRA 2021,390.0,840.0,54,False,4.67,18,16859000-1,https://dnipro-m.ua/tovar/kejs-plastikovyj-k-vintovyortu-dtd-200bc-ultra-2021/
akkumulyatornyj-instrument,Акумуляторний інструмент / Набори акумуляторного інструменту,Набір акумуляторного інструменту Dnipro-M Ultra Set,,,,False,5.00,1,73417000,https://dnipro-m.ua/tovar/nabir-akumuliatornoho-instrumentu-ultra-set/
akkumulyatornyj-instrument,Акумуляторний інструмент / Набори акумуляторного інструменту,Набір акумуляторного інструменту Dnipro-M Standard Set,,,,False,,0,73416000,https://dnipro-m.ua/tovar/nabir-akumuliatornoho-instrumentu-standard-set/
akkumulyatornyj-instrument,Акумуляторний інструмент / Набори акумуляторного інструменту,Набір акумуляторного інструменту Dnipro-M Wood Set,,,,False,,0,73418000,https://dnipro-m.ua/tovar/nabir-akumuliatornoho-instrumentu-wood-set/
akkumulyatornyj-instrument,Будівельне обладнання / Будівельні пилососи,Акумуляторний пилосос Dnipro-M VC-10BC,1599.0,2220.0,28,True,4.32,170,99443000-1,https://dnipro-m.ua/tovar/akumulyatornij-pilosos-vc-10bc/
akkumulyatornyj-instrument,Будівельне обладнання / Будівельні пилососи,Акумуляторний пилосос Dnipro-M DVA-200BC,2790.0,,,True,3.99,112,84215000,https://dnipro-m.ua/tovar/akumulyatornij-pilosos-dva-200bc/
akkumulyatornyj-instrument,Будівельне обладнання / Будівельні пилососи,Акумуляторний пилосос Dnipro-M DVC-200BC ULTRA (без АКБ та ЗП),3798.0,4890.0,22,True,4.08,73,83361000-8,https://dnipro-m.ua/tovar/akumulyatornij-pilosos-dvc-200bc-ultra/
akkumulyatornyj-instrument,Верстати по дереву та металу / Верстати для заточування ланцюгів,Акумуляторний верстат для заточування ланцюга DST-200,2199.0,,,True,4.86,14,84525000,https://dnipro-m.ua/tovar/akumulyatornij-verstat-dlya-zatochuvannya-lanczyuga-dst-200/
akkumulyatornyj-instrument,Верстати по дереву та металу / Точильні верстати,Акумуляторний верстат точильний Dnipro-M DBG-200 (без АКБ та ЗП),2298.0,,,True,4.36,39,08460000,https://dnipro-m.ua/tovar/akkumulyatornyj-stanok-tochilnyj-dbg-200/
akkumulyatornyj-instrument,Для дому та відпочинку / Акустичні системи,Акумуляторна акустична система Dnipro-M СBS-36,1680.0,2994.0,44,True,4.34,172,99798000-2,https://dnipro-m.ua/tovar/akumulyatorna-akustichna-sistema-sbs-36/
akkumulyatornyj-instrument,Для дому та відпочинку / Акустичні системи,Акумуляторна акустична система Dnіpro-M CBS-200 (без АКБ та ЗП),2997.0,3600.0,17,True,4.71,48,78848000-3,https://dnipro-m.ua/tovar/akumulyatorna-akustichna-sistema-cbs200/
akkumulyatornyj-instrument,Електроінструмент / Болгарки (КШМ),Акумуляторна шліфмашина Dnipro-M DGA-201 (без АКБ та ЗП),1500.0,2790.0,46,False,4.01,105,17482000-5,https://dnipro-m.ua/tovar/akkumulyatornaya-shlifmashina-dga-201/
akkumulyatornyj-instrument,Електроінструмент / Болгарки (КШМ),Акумуляторна шліфмашина Dnipro-M DGA-201M (без АКБ та ЗП),1899.0,2250.0,16,True,4.31,13,78739000-1,https://dnipro-m.ua/tovar/akumulyatorna-shlifmashina-dga-201m/
akkumulyatornyj-instrument,Електроінструмент / Болгарки (КШМ),Акумуляторна шліфмашина Dnipro-M DGA-202SBC,2598.0,4500.0,42,False,4.78,60,99309000-15,https://dnipro-m.ua/tovar/akumulyatorna-shlifmashina-dga-202sbc/
akkumulyatornyj-instrument,Електроінструмент / Болгарки (КШМ),Акумуляторна шліфмашина кутова Dnipro-M DGA-200BC ULTRA (без АКБ і ЗП),2598.0,3600.0,28,False,4.49,128,49134000-9,https://dnipro-m.ua/tovar/akkumulyatornaya-shlifmashina-uglovaya-dga-200bc-ultra/
akkumulyatornyj-instrument,Електроінструмент / Болгарки (КШМ),Акумуляторна шліфмашина Dnipro-M СG-12BC Ultra (без АКБ та ЗП),3000.0,,,False,4.55,193,08455000,https://dnipro-m.ua/tovar/akkumulyatornaya-shlifmashina-sg-12bc-ultra/
akkumulyatornyj-instrument,Електроінструмент / Болгарки (КШМ),Акумуляторна кутова шліфувальна машина Dnipro-M DGA-400SBC (без АКБ та ЗП),3498.0,5400.0,35,True,4.20,5,48386000-2,https://dnipro-m.ua/tovar/akumulyatorna-kutova-shlifuvalna-mashina-dga-400sbc/
akkumulyatornyj-instrument,Електроінструмент / Болгарки (КШМ),Акумуляторна відрізна машина Dnipro-M CT-12BC (без АКБ та ЗП),3948.0,,,True,4.80,10,54795000,https://dnipro-m.ua/tovar/akumulyatorna-vidrizna-mashina-ct-12bc/
akkumulyatornyj-instrument,Електроінструмент / Болгарки (КШМ),Акумуляторна шліфмашина Dnipro-M DGA-204SBC (без АКБ та ЗП),4980.0,,,True,4.29,21,48587000,https://dnipro-m.ua/tovar/akumulyatorna-shlifmashina-dga-204sbc/
akkumulyatornyj-instrument,Електроінструмент / Болгарки (КШМ),Акумуляторна шліфмашина Dnipro-M DGA-203SBC Ultra (без АКБ та ЗП),4980.0,,,True,4.79,19,48261000,https://dnipro-m.ua/tovar/akumulyatorna-shlifmashina-dga-203sbc-ultra/
akkumulyatornyj-instrument,Електроінструмент / Болгарки (КШМ),Шуруповерт Dnipro-M CD-200BC + Ліхтар DCL-202 + Болгарка DGA-201BC Ultra + Батарея BP-240 (2 шт.) + Зарядний FC-230 + Сумка BN-45,9999.0,14388.0,31,True,4.26,681,41473000-60,https://dnipro-m.ua/tovar/sale-shurupovert-cd-200bc-likhtar-dcl-202-bolgarka-dga-201bc-ultra-batareya-bp-240-2-sht-zaryadnij-fc-230-sumka-bn-45/
akkumulyatornyj-instrument,Електроінструмент / Будівельні фени,Акумуляторний фен промисловий Dnipro-M DGH-200 ULTRA (без АКБ та ЗП),1998.0,2400.0,17,False,3.98,44,83362000-3,https://dnipro-m.ua/tovar/akumulatornij-fen-promislovij-dgh-200-ultra/
akkumulyatornyj-instrument,Електроінструмент / Будівельні фени,Акумуляторний фен Dnipro-M DGH-200,2100.0,,,True,4.60,25,84418000,https://dnipro-m.ua/tovar/akumulyatornij-fen-dgh-200/
akkumulyatornyj-instrument,Електроінструмент / Гравери,Акумуляторна шліфувально-гравіювальна машина Dnipro-M MG-12M (без АКБ та ЗП),897.0,1425.0,37,False,4.00,60,83370000-2,https://dnipro-m.ua/tovar/akumulatorna-shlifuvalno-graviuvalna-mashina-mg-12m/
akkumulyatornyj-instrument,Електроінструмент / Гравери,Акумуляторний комбітул Dnipro-M DCT-200,1848.0,2280.0,19,True,4.45,65,84007000-7,https://dnipro-m.ua/tovar/akumulyatornij-kombitul-dct-200/
akkumulyatornyj-instrument,Електроінструмент / Гравери,Акумуляторна шліфувально-гравіювальна машина Dnipro-M CGM-36,1860.0,2250.0,17,False,4.79,14,78316000-1,https://dnipro-m.ua/tovar/akumulyatorna-shlifuvalno-graviyuvalna-mashina-cgm-36/
akkumulyatornyj-instrument,Електроінструмент / Електролобзики,Акумуляторний лобзик Dnipro-M DJS-200BC (без АКБ та ЗП),2850.0,,,False,4.85,13,84273000,https://dnipro-m.ua/tovar/akumulyatornij-lobzik-djs-200bc/
akkumulyatornyj-instrument,Електроінструмент / Електролобзики,Акумуляторний лобзик Dnipro-M DJS-200BC ULTRA (без АКБ та ЗП),3999.0,5748.0,30,False,4.49,57,17602000-1,https://dnipro-m.ua/tovar/akkumulyatornyj-lobzik-djs-200bc-ultra/
akkumulyatornyj-instrument,Електроінструмент / Перфоратори,Акумуляторний перфоратор Dnipro-M DHR-200 (без АКБ та ЗП),1800.0,2850.0,37,False,4.51,105,81660000-5,https://dnipro-m.ua/tovar/akkumulyatornyj-perforator-dhr-200/
akkumulyatornyj-instrument,Електроінструмент / Перфоратори,Акумуляторний перфоратор Dnipro-M DHR-200 BC ULTRA (без АКБ і ЗП),3300.0,5898.0,44,False,4.66,259,49132000-4,https://dnipro-m.ua/tovar/akkumulyatornyj-perforator-dhr-200-bc-ultra/
akkumulyatornyj-instrument,Електроінструмент / Перфоратори,Акумуляторний перфоратор Dnipro-M DHR-201BC Compact (без АКБ і ЗП),3798.0,4440.0,14,False,4.73,48,41502000-3,https://dnipro-m.ua/tovar/akkumulyatornyj-perforator-dhr-201bc-compact/
akkumulyatornyj-instrument,Електроінструмент / Перфоратори,Акумуляторний перфоратор Dnipro-M DHR-202BC ULTRA (без АКБ та ЗП),4788.0,6150.0,22,True,4.43,138,59370000-2,https://dnipro-m.ua/tovar/akumulatornij-perforator-dhr-202bc-ultra/
akkumulyatornyj-instrument,Електроінструмент / Перфоратори,Акумуляторний перфоратор Dnipro-M DHR-400BC Ultra (без АКБ та ЗП),5499.0,7980.0,31,True,5.00,2,48387000-7,https://dnipro-m.ua/tovar/akumulyatornij-perforator-dhr-400bc-ultra/
akkumulyatornyj-instrument,Електроінструмент / Перфоратори,Акумуляторний перфоратор Dnipro-M DHR-203BCV ULTRA (без АКБ та ЗП),6198.0,8400.0,26,True,4.11,19,48091000-5,https://dnipro-m.ua/tovar/akumulyatornij-perforator-dhr-203bcv-ultra/
akkumulyatornyj-instrument,Електроінструмент / Перфоратори,Акумуляторний перфоратор Dnipro-M DHR-203 BCX (без АКБ та ЗП),6849.0,7980.0,14,True,4.81,32,54681000-1,https://dnipro-m.ua/tovar/akumulyatornij-perforator-dhr-203-bcx/
akkumulyatornyj-instrument,Електроінструмент / Перфоратори,Акумуляторний перфоратор Dnipro-M DHR-401BC Ultra (без АКБ та ЗП),9960.0,,,True,,0,48388000,https://dnipro-m.ua/tovar/akumulyatornij-perforator-dhr-401bc-ultra/
akkumulyatornyj-instrument,Електроінструмент / Пістолети клейові,Акумуляторний клейовий пістолет Dnipro-M GP-12,597.0,999.0,40,False,4.22,27,83709000-5,https://dnipro-m.ua/tovar/akumulyatornij-klejovij-pistolet-gp-12/
akkumulyatornyj-instrument,Електроінструмент / Пістолети клейові,Акумуляторний клейовий пістолет Dnipro-M SG-7,1590.0,,,True,4.75,16,48219000,https://dnipro-m.ua/tovar/akumulyatornij-klejovij-pistolet-sg-7/
akkumulyatornyj-instrument,Електроінструмент / Реноватори,Акумуляторний реноватор Dnipro-M DMT-200 (без АКБ і ЗП),1800.0,2748.0,34,False,4.28,83,49806000-1,https://dnipro-m.ua/tovar/akkumuljatornyj-renovator-dmt-200/
akkumulyatornyj-instrument,Електроінструмент / Реноватори,Акумуляторний реноватор Dnipro-M MT-12 (без АКБ та ЗП),2640.0,,,True,4.42,69,20505000,https://dnipro-m.ua/tovar/akkumulyatornyj-renovator-mt-12/
akkumulyatornyj-instrument,Електроінструмент / Реноватори,Аккумуляторний реноватор Dnipro-M DMT-201 BC (без АКБ та ЗП),3600.0,,,False,4.06,16,54677000,https://dnipro-m.ua/tovar/akumulyatornij-bagatofunkcionalnij-instrument-dmt-201-bc/
akkumulyatornyj-instrument,Електроінструмент / Фарбопульти електричні,Акумуляторний фарбопульт Dnipro-M CSG-200BC (без АКБ та ЗП),3150.0,,,False,4.08,50,99675000,https://dnipro-m.ua/tovar/akkumulyatornyj-kraskopult-csg-200bc/
akkumulyatornyj-instrument,Електроінструмент / Фрезери,Акумуляторний фрезер Dnipro-M DCR-200BC ULTRA,4998.0,6999.0,29,False,4.54,39,59387000-3,https://dnipro-m.ua/tovar/akumulatornij-frezer-dcr-200bc-ultra/
akkumulyatornyj-instrument,Електроінструмент / Циркулярні пили,Акумуляторна циркулярна пила Dnipro-M DSC-200BC ULTRA (без АКБ та ЗП),3699.0,4980.0,26,False,4.59,111,17601000-1,https://dnipro-m.ua/tovar/akkumulyatornaya-czirkulyarnaya-pila-dsc-200bc-ultra/
akkumulyatornyj-instrument,Електроінструмент / Циркулярні пили,Акумуляторна циркулярна пила Dnipro-M DSC-201BC,3900.0,,,True,4.53,86,84969000,https://dnipro-m.ua/tovar/akumulyatorna-czirkulyarna-pila-dsc-201bc/
akkumulyatornyj-instrument,Електроінструмент / Шабельні пили,Акумуляторна шабельна пила Dnipro-M DRS-200 (без АКБ і ЗП),1488.0,2250.0,34,False,4.49,178,82219000-1,https://dnipro-m.ua/tovar/akkumulyatornaya-sabelnaya-pila-drs-200/
akkumulyatornyj-instrument,Електроінструмент / Шабельні пили,Акумуляторна шабельна пила Dnipro-M RS-12 (без АКБ і ЗП),1899.0,2349.0,19,True,4.37,118,08454000-4,https://dnipro-m.ua/tovar/akkumulyatornaya-sabelnaya-pila-rs-12/
akkumulyatornyj-instrument,Електроінструмент / Шабельні пили,Акумуляторна шабельна пила Dnipro-M DRS-201BC Compact (без АКБ і ЗП),2898.0,3600.0,19,True,4.67,45,84871000-8,https://dnipro-m.ua/tovar/akumulyatorna-shabelna-pila-drs-201bc-compact/
akkumulyatornyj-instrument,Електроінструмент / Шабельні пили,Акумуляторна шабельна пила Dnipro-M DRS-200BC ULTRA (без АКБ та ЗП),4599.0,4980.0,8,True,4.65,37,59609000-3,https://dnipro-m.ua/tovar/akumulatorna-sabelna-pila-drs-200bc-ultra/
akkumulyatornyj-instrument,Електроінструмент / Шабельні пили,Акумуляторна шабельна пила Dnipro-M DRS-400BC Ultra (без АКБ та ЗП),5499.0,5970.0,8,True,5.00,1,48392000-3,https://dnipro-m.ua/tovar/akumulyatorna-shabelna-pila-drs-400bc-ultra/
akkumulyatornyj-instrument,Електроінструмент / Шліфувальний інструмент,Акумуляторна ексцентрикова шліфмашина Dnipro-M DSO-200BC ULTRA (без АКБ та ЗП),2970.0,,,True,4.59,44,83663000,https://dnipro-m.ua/tovar/akumulyatorna-eksczentrikova-shlifmashina-dso-200bc-ultra/
akkumulyatornyj-instrument,Електроінструмент / Шуруповерти,Акумуляторний дриль-шуруповерт Dnipro-M CD-12Q (без АКБ та ЗП),999.0,1698.0,41,False,4.60,139,08453000-9,https://dnipro-m.ua/tovar/akkumulyatornaya-drel-shurupovert-cd-12q/
akkumulyatornyj-instrument,Електроінструмент / Шуруповерти,Акумуляторний дриль-шуруповерт Dnipro-M CD-218 (без АКБ та ЗП),999.0,1350.0,26,False,4.19,90,15371000-1,https://dnipro-m.ua/tovar/akkumulyatornaya-drel-shurupovert-cd-218/
akkumulyatornyj-instrument,Електроінструмент / Шуруповерти,Акумуляторний дриль-шуруповерт Dnipro-M CD-218Q (без АКБ та ЗП),1149.0,1590.0,28,True,4.52,193,15372000-1,https://dnipro-m.ua/tovar/akkumulyatornaya-drel-shurupovert-cd-218q/
akkumulyatornyj-instrument,Електроінструмент / Шуруповерти,Акумуляторний дриль-шуруповерт Dnipro-M CD-12QP,1599.0,2700.0,41,False,4.88,32,59645000-1,https://dnipro-m.ua/tovar/akumulatornij-dril-shurupovert-cd-12qp/
akkumulyatornyj-instrument,Електроінструмент / Шуруповерти,Акумуляторний дриль-шуруповерт Dnipro-M CD-203BC KIT Lite,1680.0,2160.0,22,True,4.50,22,48790000-1,https://dnipro-m.ua/tovar/akumulyatornij-dril-shurupovert-cd-203bc-kit-lite/
akkumulyatornyj-instrument,Електроінструмент / Шуруповерти,Акумуляторний дриль-шуруповерт Dnipro-M CD-200BC Compact (без АКБ та ЗП),1980.0,2880.0,31,False,4.53,32,52212000-12,https://dnipro-m.ua/tovar/akumulyatornij-dril-shurupovert-cd-200bc-compact/
akkumulyatornyj-instrument,Електроінструмент / Шуруповерти,Акумуляторний дриль-шуруповерт Dnipro-M CD-12Q Kit,2199.0,3198.0,31,False,4.60,55,59646000-1,https://dnipro-m.ua/tovar/akumulatornij-dril-shurupovert-cd-12q-kit/
akkumulyatornyj-instrument,Електроінструмент / Шуруповерти,Акумуляторний дриль-шуруповерт Dnipro-M CD-204BC KIT,2199.0,2985.0,26,True,4.86,21,48826000-1,https://dnipro-m.ua/tovar/akumulyatornij-dril-shurupovert-cd-204bc-kit/
akkumulyatornyj-instrument,Електроінструмент / Шуруповерти,Акумуляторний дриль-шуруповерт Dnipro-M CD-200BC KIT,2397.0,4200.0,43,True,3.98,182,78740000-1,https://dnipro-m.ua/tovar/akumulyatornij-dril-shurupovert-cd-200bc-kit/
akkumulyatornyj-instrument,Електроінструмент / Шуруповерти,Акумуляторний дриль-шуруповерт Dnipro-M СD-12BC (Без АКБ та ЗП),2448.0,2850.0,14,True,4.28,46,99599000-14,https://dnipro-m.ua/tovar/akumulyatornij-dril-shurupovert-cd-12bc/
akkumulyatornyj-instrument,Електроінструмент / Шуруповерти,Акумуляторний дриль-шуруповерт Dnipro-M CD-12CX Compact,2598.0,4260.0,39,True,4.35,119,22635000-1,https://dnipro-m.ua/tovar/akkumulyatornaya-drel-shurupovert-cd-12cx-compact/
akkumulyatornyj-instrument,Електроінструмент / Шуруповерти,Акумуляторний дриль-шуруповерт Dnipro-M CD-12QX,2685.0,4260.0,37,False,4.57,142,22634000-1,https://dnipro-m.ua/tovar/akkumulyatornaya-drel-shurupovert-cd-12qx/
akkumulyatornyj-instrument,Електроінструмент / Шуруповерти,Акумуляторний дриль-шуруповерт Dnipro-M CD-200BC (без АКБ та ЗП),2700.0,,,True,4.12,17,48239000,https://dnipro-m.ua/tovar/akumulyatorna-dril-shurupovert-cd-200bc/
akkumulyatornyj-instrument,Електроінструмент / Шуруповерти,Акумуляторний дриль-шуруповерт Dnipro-M CD-201HBC Compact,2970.0,,,True,4.17,117,83253000,https://dnipro-m.ua/tovar/akumulyatornij-dril-shurupovert-cd-201hbc-compact/
akkumulyatornyj-instrument,Електроінструмент / Шуруповерти,Акумуляторний дриль-шуруповерт Dnipro-M CD-12QBC (Без АКБ та ЗП),3000.0,,,True,4.06,17,54854000,https://dnipro-m.ua/tovar/akumulyatornij-dril-shurupovert-cd-12qbc/
akkumulyatornyj-instrument,Електроінструмент / Шуруповерти,Акумуляторний дриль-шуруповерт Dnipro-M CD-200BC ULTRA (2021) (без АКБ та ЗП),3399.0,3990.0,15,False,4.35,142,41499000-2,https://dnipro-m.ua/tovar/akkumulyatornaya-drel-shurupovert-cd-200bc-ultra-2021/
akkumulyatornyj-instrument,Електроінструмент / Шуруповерти,Акумуляторний дриль-шуруповерт Dnipro-M CD-202BC ULTRA  (без АКБ і ЗП),4950.0,,,True,4.85,53,99655000,https://dnipro-m.ua/tovar/akumulyatornij-dril-shurupovert-cd-202bc-ultra/
akkumulyatornyj-instrument,Електроінструмент / Шуруповерти / Стрічкові шуруповерти,Акумуляторний шуруповерт Dnipro-M DSD-200A (без АКБ та ЗП),1998.0,3999.0,50,False,4.64,22,17765000-3,https://dnipro-m.ua/tovar/akkumulyatornaya-drel-shurupovert-dsd-200a/
akkumulyatornyj-instrument,Електроінструмент / Шуруповерти / Стрічкові шуруповерти,Акумуляторний шуруповерт Dnipro-M DSD-201BCA (без АКБ та ЗП),4200.0,,,False,4.35,17,78737000,https://dnipro-m.ua/tovar/akumulyatornij-shurupovert-dsd-201bca/
akkumulyatornyj-instrument,Енергонезалежність / Ліхтарики,Акумуляторний ліхтар Dnipro-M LL-12 (без АКБ та ЗП),699.0,930.0,25,False,4.52,29,84551000-1,https://dnipro-m.ua/tovar/akumulyatornij-likhtar-ll-12/
akkumulyatornyj-instrument,Енергонезалежність / Ліхтарики,Акумуляторний ліхтар Dnipro-M LL-12 Ultra (без АКБ та ЗП),2160.0,,,False,4.78,156,22513000,https://dnipro-m.ua/tovar/akkumulyatornyj-fonar-ll-12-ultra/
akkumulyatornyj-instrument,Ручний інструмент / Будівельні степлери,Акумуляторний степлер Dnipro-M CS-36,1188.0,1530.0,22,True,4.17,42,54225000-5,https://dnipro-m.ua/tovar/akumulyatornij-stepler-cs-36/
akkumulyatornyj-instrument,Ручний інструмент / Будівельні степлери,Акумуляторний степлер Dnipro-M DCN-200 (без АКБ та ЗП),3900.0,5250.0,26,False,4.29,42,08459000-1,https://dnipro-m.ua/tovar/akkumulyatornyj-stepler-dcn-200/
akkumulyatornyj-instrument,Ручний інструмент / Будівельні степлери,Акумуляторний степлер Dnipro-M DCN-201 (без АКБ та ЗП),7500.0,,,False,4.60,20,54288000,https://dnipro-m.ua/tovar/akumulyatornij-stepler-dcn-201/
akkumulyatornyj-instrument,Ручний інструмент / Викрутки,Акумуляторна викрутка Dnipro-M CSD-36X,1230.0,1890.0,35,True,4.39,496,41324000-1,https://dnipro-m.ua/tovar/akkumulyatornaya-otvertka-csd-36x/
akkumulyatornyj-instrument,Ручний інструмент / Викрутки,Акумуляторна викрутка для прецизійних робіт Dnipro-M CSPW-36,1797.0,2100.0,14,True,4.26,23,78604000-1,https://dnipro-m.ua/tovar/akumulyatorna-vikrutka-dlya-preczenzijnikh-robit-cspw-36/
akkumulyatornyj-instrument,Ручний інструмент / Викрутки,Акумуляторна викрутка Dnipro-M CSD-40X,1899.0,2550.0,26,True,4.56,64,99686000-1,https://dnipro-m.ua/tovar/akumulyatorna-vikrutka-csd-40x/
akkumulyatornyj-instrument,Ручний інструмент / Зберігання інструменту / Сумки і рюкзаки для інструменту,Сумка для інструментів Dnipro-M BN-45,1170.0,,,True,4.74,23,59419000,https://dnipro-m.ua/tovar/sumka-dlya-instrumentiv-bn-45/
akkumulyatornyj-instrument,Ручний інструмент / Зберігання інструменту / Сумки і рюкзаки для інструменту,Сумка для інструментів Dnipro-M B-55,1260.0,1869.0,33,False,3.97,35,15451001-1,https://dnipro-m.ua/tovar/sumka-dlya-instrumentov-b-55/
akkumulyatornyj-instrument,Ручний інструмент / Зберігання інструменту / Сумки і рюкзаки для інструменту,Сумка для інструментів Dnipro-M B-47,2580.0,,,False,4.84,49,15451002,https://dnipro-m.ua/tovar/sumka-dlya-instrumentov-b-47/
akkumulyatornyj-instrument,Ручний інструмент / Зберігання інструменту / Ящики для інструменту,Ящик для інструменту Dnipro-M S-Box M100,690.0,990.0,30,True,4.67,144,58233000-1,https://dnipro-m.ua/tovar/yashik-dlya-instrumentu-s-box-m100/
akkumulyatornyj-instrument,Ручний інструмент / Зберігання інструменту / Ящики для інструменту,Органайзер для інструменту Dnipro-M S-Box M90F,798.0,1230.0,35,True,5.00,3,84461000-3,https://dnipro-m.ua/tovar/organajzer-dlya-instrumentu-s-box-m90f/
akkumulyatornyj-instrument,Ручний інструмент / Зберігання інструменту / Ящики для інструменту,Ящик для інструменту Dnipro-M S-Box М190,1530.0,,,True,4.59,17,99283000,https://dnipro-m.ua/tovar/yashhik-dlya-instrumentu-s-box-m190/
akkumulyatornyj-instrument,Ручний інструмент / Пістолети для піни і герметика,Тубусна насадка під пістолет для герметика Dnipro-M TT-400,990.0,,,False,5.00,5,52420000,https://dnipro-m.ua/tovar/tubusna-nasadka-pid-pistolet-dlya-germetika-tt-400/
akkumulyatornyj-instrument,Ручний інструмент / Пістолети для піни і герметика,Акумуляторний пістолет для герметика Dnipro-M DSG-200 (без АКБ та ЗП),3900.0,,,False,4.64,22,52419000,https://dnipro-m.ua/tovar/akkumulyatornyj-pistolet-dlya-germetika-dsg-200/
akkumulyatornyj-instrument,Садова техніка та інструменти / Газонокосарки,Акумуляторна газонокосарка Dnipro-M DLM-20-4 BC (без АКБ та ЗП),4290.0,5100.0,16,False,4.49,49,78893000-1,https://dnipro-m.ua/tovar/akumulyatorna-gazonokosarka-dlm-20-4-bc/
akkumulyatornyj-instrument,Садова техніка та інструменти / Газонокосарки,Акумуляторна газонокосарка Dnipro-M DLM-200BC Dual (без АКБ та ЗП),7497.0,11400.0,34,False,4.10,69,59272000-1,https://dnipro-m.ua/tovar/akumulatorna-gazonokosarka-dlm-200bc-dual/
akkumulyatornyj-instrument,Садова техніка та інструменти / Газонокосарки,Акумуляторна газонокосарка Dnipro-M DLM-201 BC Dual (без АКБ та ЗП),8499.0,,,True,4.43,44,84339000,https://dnipro-m.ua/tovar/akumulyatorna-gazonokosarka-dlm-201bc-dual/
akkumulyatornyj-instrument,Садова техніка та інструменти / Газонокосарки,Акумуляторна газонокосарка Dnipro-M DLM-20-9 BC Dual (без АКБ та ЗП),14499.0,16980.0,15,True,4.56,25,78918000-1,https://dnipro-m.ua/tovar/akumulyatorna-gazonokosarka-dlm-20-9-bc-dual/
akkumulyatornyj-instrument,Садова техніка та інструменти / Газонокосарки,Акумуляторна газонокосарка Dnipro-M DLM-400 BC Dual (без АКБ та ЗП),23655.0,24900.0,5,True,,0,37469000-1,https://dnipro-m.ua/tovar/akumulyatorna-gazonokosarka-dlm-400-bc-dual/
akkumulyatornyj-instrument,Садова техніка та інструменти / Кущорізи,Акумуляторні садові ножиці DNIPRO-M DGS-200,1950.0,2280.0,14,True,4.03,38,84652000-4,https://dnipro-m.ua/tovar/akumulyatorni-sadovi-nozhiczi-dgs-200/
akkumulyatornyj-instrument,Садова техніка та інструменти / Кущорізи,Акумуляторний кущоріз Dnipro-M DHT-200 (без АКБ та ЗП),2400.0,2850.0,16,True,4.55,29,41501000-3,https://dnipro-m.ua/tovar/akkumulyatornyj-kustorez-dht-200/
akkumulyatornyj-instrument,Садова техніка та інструменти / Кущорізи,Акумуляторні садові ножиці Dnipro-M GS-72 + Акумуляторний секатор PS-36 + Розпушувач S-27 + Граблі міні S-31 + Лопатка S-32 + Ящик B 16,3999.0,6185.0,35,False,4.72,69,48721000-9,https://dnipro-m.ua/tovar/sale-akumulyatorni-sadovi-nozhiczi-gs-72-akumulyatornij-sekator-ps-36-rozpushuvach-s-27-grabli-mini-s-31-lopatka-s-32-yashhik-b-16/
akkumulyatornyj-instrument,Садова техніка та інструменти / Кущорізи,Акумуляторний кущоріз Dnipro-M DHT-400BC (без АКБ та ЗП),6384.0,6720.0,5,True,,0,37471000-1,https://dnipro-m.ua/tovar/akumulyatornij-kushhoriz-dht-400bc/
akkumulyatornyj-instrument,Садова техніка та інструменти / Мийки високого тиску,Акумуляторна мийка високого тиску Dnipro-M DPW-201BC (без АКБ та ЗП),3150.0,3699.0,15,True,4.93,14,37527000-1,https://dnipro-m.ua/tovar/akumulyatorna-mijka-visokogo-tisku-dpw-201bc/
akkumulyatornyj-instrument,Садова техніка та інструменти / Мийки високого тиску,Акумуляторна мийка високого тиску Dnipro-M DPW-200 Compact (без АКБ та ЗП),3300.0,4440.0,26,True,4.70,23,99652000-3,https://dnipro-m.ua/tovar/akumulyatorna-mijka-visokogo-tisku-dpw-200-compact/
akkumulyatornyj-instrument,Садова техніка та інструменти / Мотокоси і тримери,Акумуляторний тример Dnipro-M DTC-201,2598.0,,,False,3.94,69,99600000,https://dnipro-m.ua/tovar/akumulyatornij-trimer-dtc-201/
akkumulyatornyj-instrument,Садова техніка та інструменти / Мотокоси і тримери,Акумуляторний тример Dnipro-M DTC-202BC (без АКБ та ЗП),4260.0,,,False,4.10,49,48705000,https://dnipro-m.ua/tovar/akumulyatornij-trimer-dtc-202bc/
akkumulyatornyj-instrument,Садова техніка та інструменти / Мотокоси і тримери,Акумуляторний тример Dnipro-M DTC-400BC (без АКБ та ЗП),7752.0,8160.0,5,True,5.00,1,37470000-1,https://dnipro-m.ua/tovar/akumulyatornij-trimer-dtc-400bc/
akkumulyatornyj-instrument,Садова техніка та інструменти / Мотокоси і тримери,Акумуляторний тример Dnipro-M DTC-200BC Dual (без АКБ та ЗП),7770.0,,,False,4.16,164,17599000,https://dnipro-m.ua/tovar/akkumulyatornyj-trimmer-dtc-200bc-dual/
akkumulyatornyj-instrument,Садова техніка та інструменти / Насадки для садових комбі-систем,Подовжувач для акумуляторних садових ножниць Dnipro-M GS-72,750.0,960.0,22,True,5.00,2,48757000-1,https://dnipro-m.ua/tovar/podovzhuvach-dlya-akumulyatornikh-sadovikh-nozhnicz-gs-72/
akkumulyatornyj-instrument,Садова техніка та інструменти / Насадки для садових комбі-систем,Подовжувач для акумуляторної ланцюгової міні пили Dnipro-M DMS-201BC,1560.0,1750.0,11,True,4.50,26,78603000-1,https://dnipro-m.ua/tovar/podovzhuvach-dlya-lancyugovoyi-mini-pili-dms-201bc/
akkumulyatornyj-instrument,Садова техніка та інструменти / Насоси для води / Насосні станції,Акумуляторний занурювальний насос Dnipro-M BSP-90 (без АКБ та ЗП),2550.0,3450.0,26,True,5.00,20,48267000-1,https://dnipro-m.ua/tovar/akumulyatornij-zanuryuvalnij-nasos-bsp-90/
akkumulyatornyj-instrument,Садова техніка та інструменти / Обприскувачі,Акумуляторний обприскувач Dnipro-M 2 Li,900.0,,,True,4.50,20,99701000,https://dnipro-m.ua/tovar/akumulyatornij-opriskuvach-2-li/
akkumulyatornyj-instrument,Садова техніка та інструменти / Обприскувачі,Акумуляторний обприскувач Dnipro-M 5 Li,1350.0,1650.0,18,True,4.13,45,83433000-1,https://dnipro-m.ua/tovar/akumulatornij-obpriskuvach-5-li/
akkumulyatornyj-instrument,Садова техніка та інструменти / Обприскувачі,Акумуляторний обприскувач Dnipro-M 12N,1797.0,2298.0,22,True,3.94,143,83419000-4,https://dnipro-m.ua/tovar/akumulatornij-obpriskuvach-12n/
akkumulyatornyj-instrument,Садова техніка та інструменти / Обприскувачі,Акумуляторний обприскувач Dnipro-M 8 Li,1848.0,,,True,4.19,31,83432000,https://dnipro-m.ua/tovar/akumulatornij-obpriskuvach-8-li/
akkumulyatornyj-instrument,Садова техніка та інструменти / Обприскувачі,Акумуляторний обприскувач Dnipro-M 16S,1890.0,2598.0,27,True,3.88,74,83411000-1,https://dnipro-m.ua/tovar/akumulatornij-obpriskuvach-16s/
akkumulyatornyj-instrument,Садова техніка та інструменти / Обприскувачі,Акумуляторний обприскувач Dnipro-M 12S,1998.0,2598.0,23,True,4.13,47,99439000-1,https://dnipro-m.ua/tovar/akumulyatornij-obpriskuvach-12s/
akkumulyatornyj-instrument,Садова техніка та інструменти / Обприскувачі,Акумуляторний обприскувач Dnipro-M BS-202,2685.0,,,False,4.28,40,99657000,https://dnipro-m.ua/tovar/akumulyatornij-obpriskuvach-bs-202/
akkumulyatornyj-instrument,Садова техніка та інструменти / Повітродувки,Акумуляторна повітродувка Dnipro-M TJF-36,1899.0,2100.0,10,True,4.42,64,54894000-3,https://dnipro-m.ua/tovar/akumulyatorna-povitroduvka-tjf-36/
akkumulyatornyj-instrument,Садова техніка та інструменти / Повітродувки,Акумуляторна повітродувка Dnipro-M DVB-200 (без АКБ та ЗП),1995.0,,,True,4.46,81,41500000,https://dnipro-m.ua/tovar/akkumulyatornaya-vozdukhoduvka-dvb-200/
akkumulyatornyj-instrument,Садова техніка та інструменти / Повітродувки,Акумуляторна повітродувка Dnipro-M DCB-203BC Compact,2580.0,,,True,4.76,17,78738000,https://dnipro-m.ua/tovar/akumulyatorna-povitroduvka-dcb-203bc-compact/
akkumulyatornyj-instrument,Садова техніка та інструменти / Повітродувки,Акумуляторна повітродувка Dnipro-M DCB-201BC (без АКБ і ЗП),3240.0,,,False,4.75,8,78713000,https://dnipro-m.ua/tovar/akumulyatorna-povitroduvka-dcb-201bc/
akkumulyatornyj-instrument,Садова техніка та інструменти / Повітродувки,Акумуляторна повітродувка Dnipro-M DCB-400BC Ultra (без АКБ та ЗП),3600.0,,,True,5.00,6,48393000,https://dnipro-m.ua/tovar/akumulyatorna-povitroduvka-dcb-400bc-ultra/
akkumulyatornyj-instrument,Садова техніка та інструменти / Повітродувки,Акумуляторна повітродувка Dnipro-M DCB-202BC Dual (без АКБ та ЗП),4500.0,,,True,4.92,37,99966000,https://dnipro-m.ua/tovar/akumulyatorna-povitroduvka-dcb-202bc-dual/
akkumulyatornyj-instrument,Садова техніка та інструменти / Повітродувки,Акумуляторний садовий пилосос Dnipro-M DVB-200BC Dual (без АКБ та ЗП),4500.0,5700.0,21,False,3.46,13,99601000-8,https://dnipro-m.ua/tovar/akumulyatornij-sadovij-pilosos-dvb-200bc-dual/
akkumulyatornyj-instrument,Садова техніка та інструменти / Секатори садові,Акумуляторний секатор Dnipro-M PS-36,1680.0,,,True,4.56,25,48723000,https://dnipro-m.ua/tovar/akumulyatornij-sekator-ps-36/
akkumulyatornyj-instrument,Садова техніка та інструменти / Секатори садові,Акумуляторний секатор Dnipro-M DPS-201BC (без АКБ та ЗП),2490.0,,,True,5.00,10,48958000,https://dnipro-m.ua/tovar/akumulyatornij-sekator-dps-201bc/
akkumulyatornyj-instrument,Садова техніка та інструменти / Секатори садові,Акумуляторний секатор Dnipro-M PS-12BC,3150.0,3960.0,20,True,4.53,32,84590000-1,https://dnipro-m.ua/tovar/akumulyatornij-sekator-ps-12bc/
akkumulyatornyj-instrument,Садова техніка та інструменти / Секатори садові,Акумуляторний секатор Dnipro-M DPS-200BC ULTRA,3960.0,,,True,4.26,133,84280000,https://dnipro-m.ua/tovar/akumulyatornij-sekator-dps-200bc-ultra/
avtomobilni-tovari,Автомобільні товари / Автомобільні компресори,Автомобільний компресор Dnipro-M TI-40L,1599.0,2130.0,25,False,4.06,172,52115000-1,https://dnipro-m.ua/tovar/avtomobilnij-kompresor-ti-40l/
avtomobilni-tovari,Автомобільні товари / Автомобільні компресори,Автомобільний компресор Dnipro-M СTI-40S,2025.0,,,True,3.76,21,54679000,https://dnipro-m.ua/tovar/avtomobilnij-kompresor-cti-40s/
avtomobilni-tovari,Автомобільні товари / Автомобільні компресори,Автомобільний компресор Dnipro-M СTI-80D,2595.0,,,True,4.00,16,54678000,https://dnipro-m.ua/tovar/avtomobilnij-kompresor-cti-80d/
avtomobilni-tovari,Автомобільні товари / Автомобільні рамки,Рамка автомобільна Dnipro-M ( 1 шт),140.0,,,True,4.38,13,58320000,https://dnipro-m.ua/tovar/ramka-avtomobilna-1sht/
avtomobilni-tovari,Автомобільні товари / Зарядні та пуско-зарядні пристрої,Зарядний пристрій Dnipro-M BС-16,1749.0,2499.0,30,False,4.50,189,81191002-1,https://dnipro-m.ua/tovar/zaryadnoe-ystroistvo-cb-16s/
avtomobilni-tovari,Автомобільні товари / Зарядні та пуско-зарядні пристрої,Імпульсний зарядний пристрій Dnipro-M BC-4I,1785.0,,,True,4.62,112,59830000,https://dnipro-m.ua/tovar/impulsnij-zaradnij-pristrij-bc-4i/
avtomobilni-tovari,Автомобільні товари / Зарядні та пуско-зарядні пристрої,Зарядний пристрій Dnipro-M BC-20,2190.0,2997.0,27,False,4.91,85,81191004-1,https://dnipro-m.ua/tovar/zaryadnoe-ystroistvo-cb-20s/
avtomobilni-tovari,Автомобільні товари / Зарядні та пуско-зарядні пристрої,Пусковий пристрій Dnipro-M JS-8,2625.0,,,True,4.69,61,81123011,https://dnipro-m.ua/tovar/puskovij-pristrij-js-8/
avtomobilni-tovari,Автомобільні товари / Зарядні та пуско-зарядні пристрої,Імпульсний зарядний пристрій Dnipro-M BC-10i,3159.0,,,True,4.00,37,99121000,https://dnipro-m.ua/tovar/impulsnij-zaryadnij-pristrij-bc-10i/
avtomobilni-tovari,Автомобільні товари / Зарядні та пуско-зарядні пристрої,Імпульсний зарядний пристрій Dnipro-M BC-25I,4290.0,,,False,4.43,30,99796000,https://dnipro-m.ua/tovar/impulsnij-zaryadnij-pristrij-bc-25i/
avtomobilni-tovari,Автомобільні товари / Зарядні та пуско-зарядні пристрої,Пусковий пристрій Dnipro-M JS-16,4755.0,,,True,4.29,38,81123010,https://dnipro-m.ua/tovar/puskovij-pristrij-js-16/
avtomobilni-tovari,Автомобільні товари / Зарядні та пуско-зарядні пристрої,Пусковий пристрій-компресор Dnipro-M JS-16C,5550.0,,,True,4.50,70,54477000,https://dnipro-m.ua/tovar/puskovij-pristrij-kompresor-js-16c/
avtomobilni-tovari,Автомобільні товари / Зарядні та пуско-зарядні пристрої,Пуско-зарядний пристрій Dnipro-M JS-40,6999.0,8949.0,22,False,4.81,36,81123001-2,https://dnipro-m.ua/tovar/pusko-zaryadnoye-ustroystvo-js-40/
avtomobilni-tovari,Автомобільні товари / Зарядні та пуско-зарядні пристрої,Пуско-зарядний пристрій Dnipro-M JS-60,9297.0,11910.0,22,False,4.81,21,81123002-2,https://dnipro-m.ua/tovar/pusko-zaryadnoe-ustrojstvo-js-60/
avtomobilni-tovari,Автомобільні товари / Зарядні та пуско-зарядні пристрої,Пуско-зарядний пристрій Dnipro-M JS-80,11457.0,16368.0,30,False,4.18,11,81123003-1,https://dnipro-m.ua/tovar/pusko-zaryadnoe-ustrojstvo-js-80/
avtomobilni-tovari,Автомобільні товари / Зарядні та пуско-зарядні пристрої,Пуско-зарядний пристрій Dnipro-M JS-70,14360.0,,,False,5.00,2,81123009,https://dnipro-m.ua/tovar/pusko-zaryadnij-pristrij-js-70/
avtomobilni-tovari,Автомобільні товари / Каністри для бензину,Каністра пластикова для паливно-мастильних матеріалів Dnipro-M 10 л,435.0,513.0,15,False,4.04,53,58010001-1,https://dnipro-m.ua/tovar/kanistra-plastikova-10-l/
avtomobilni-tovari,Автомобільні товари / Каністри для бензину,Каністра пластикова для паливно-мастильних матеріалів Dnipro-M 20 л,630.0,735.0,14,False,3.44,55,58010002-1,https://dnipro-m.ua/tovar/kanistra-plastikova-20-l/
avtomobilni-tovari,Автомобільні товари / Каністри для бензину,"Каністра металева Dnipro-M 10 л, UN",1080.0,,,False,5.00,14,48315000,https://dnipro-m.ua/tovar/kanistra-metaleva-10-l/
avtomobilni-tovari,Автомобільні товари / Каністри для бензину,Каністра металева для ПММ Dnipro-M 20 л,1290.0,1671.0,23,False,4.09,35,58796000-1,https://dnipro-m.ua/tovar/kanistra-metaleva-dlya-pmm-20-l/
avtomobilni-tovari,Автомобільні товари / Каністри для бензину,"Каністра металева Dnipro-M 20 л, UN",1380.0,,,False,4.92,13,48314000,https://dnipro-m.ua/tovar/kanistra-metaleva-20-l/
avtomobilni-tovari,Автомобільні товари / Ключі та набори ключів,Ключ рожково-накидний Dnipro-M (9 мм),24.0,39.0,38,False,5.00,3,81978000-1,https://dnipro-m.ua/tovar/klyuch-rozhkovo-nakidnoj-dnipro-m-9-mm/
avtomobilni-tovari,Автомобільні товари / Ключі та набори ключів,Ключ рожково-накидний Dnipro-M (11 мм),24.0,42.0,43,False,5.00,1,81980000-1,https://dnipro-m.ua/tovar/klyuch-rozhkovo-nakidnoj-dnipro-m-11-mm/
avtomobilni-tovari,Автомобільні товари / Ключі та набори ключів,Ключ рожково-накидний Dnipro-M (7 мм),24.0,39.0,38,False,4.00,2,81976000-1,https://dnipro-m.ua/tovar/klyuch-rozhkovo-nakidnoj-dnipro-m-7-mm/
avtomobilni-tovari,Автомобільні товари / Ключі та набори ключів,"Ключ рожково-накидний Dnipro-M ULTRA CR-V, штамп. (6 мм)",54.0,,,True,,0,22791001,https://dnipro-m.ua/tovar/kluch-rizhkovo-nakidnij-ultra-6-mm/
avtomobilni-tovari,Автомобільні товари / Ключі та набори ключів,"Ключ рожково-накидний Dnipro-M ULTRA CR-V, штамп. (7 мм)",57.0,,,True,,0,22791002,https://dnipro-m.ua/tovar/kluch-rizhkovo-nakidnij-ultra-7-mm/
avtomobilni-tovari,Автомобільні товари / Ключі та набори ключів,"Ключ рожково-накидний Dnipro-M ULTRA CR-V, штамп. (9 мм)",63.0,,,True,5.00,1,22791004,https://dnipro-m.ua/tovar/kluch-rizhkovo-nakidnij-ultra-9-mm/
avtomobilni-tovari,Автомобільні товари / Ключі та набори ключів,Ключ рожково-накидний Dnipro-M (22 мм),63.0,102.0,38,False,5.00,1,81990000-1,https://dnipro-m.ua/tovar/klyuch-rozhkovo-nakidnoj-dnipro-m-22-mm/
avtomobilni-tovari,Автомобільні товари / Ключі та набори ключів,"Ключ рожково-накидний Dnipro-M ULTRA CR-V, штамп. (8 мм)",66.0,,,False,5.00,2,22791003,https://dnipro-m.ua/tovar/kluch-rizhkovo-nakidnij-ultra-8-mm/
avtomobilni-tovari,Автомобільні товари / Ключі та набори ключів,Ключ рожково-накидний Dnipro-M (21 мм),69.0,102.0,32,False,5.00,1,81989000-1,https://dnipro-m.ua/tovar/klyuch-rozhkovo-nakidnoj-dnipro-m-21-mm/
avtomobilni-tovari,Автомобільні товари / Ключі та набори ключів,"Ключ рожково-накидний Dnipro-M ULTRA CR-V, штамп. (10 мм)",72.0,,,True,4.67,3,22791005,https://dnipro-m.ua/tovar/kluch-rizhkovo-nakidnij-ultra-10-mm/
avtomobilni-tovari,Автомобільні товари / Ключі та набори ключів,"Ключ рожково-накидний Dnipro-M ULTRA CR-V, штамп. (11 мм)",72.0,,,True,,0,22791006,https://dnipro-m.ua/tovar/kluch-rizhkovo-nakidnij-ultra-11-mm/
avtomobilni-tovari,Автомобільні товари / Ключі та набори ключів,"Ключ рожково-накидний Dnipro-M ULTRA CR-V, штамп. (12 мм)",78.0,,,True,5.00,1,22791007,https://dnipro-m.ua/tovar/kluch-rizhkovo-nakidnij-ultra-12-mm/
avtomobilni-tovari,Автомобільні товари / Ключі та набори ключів,"Ключ рожково-накидний Dnipro-M ULTRA CR-V, штамп. (13 мм)",84.0,,,True,4.00,3,22791008,https://dnipro-m.ua/tovar/kluch-rizhkovo-nakidnij-ultra-13-mm/
avtomobilni-tovari,Автомобільні товари / Ключі та набори ключів,"Ключ рожково-накидний Dnipro-M ULTRA CR-V, штамп. (14 мм)",90.0,,,True,,0,22791009,https://dnipro-m.ua/tovar/kluch-rizhkovo-nakidnij-ultra-14-mm/
avtomobilni-tovari,Автомобільні товари / Ключі та набори ключів,Ключ рожково-накидний Dnipro-M 24 мм,99.0,165.0,40,False,5.00,2,81991000-1,https://dnipro-m.ua/tovar/klyuch-rozhkovo-nakidnoj-dnipro-m-24-mm/
avtomobilni-tovari,Автомобільні товари / Ключі та набори ключів,"Ключ рожково-накидний Dnipro-M ULTRA CR-V, штамп. (15 мм)",105.0,,,True,5.00,1,22791010,https://dnipro-m.ua/tovar/kluch-rizhkovo-nakidnij-ultra-15-mm/
avtomobilni-tovari,Автомобільні товари / Ключі та набори ключів,"Ключ рожково-накидний Dnipro-M ULTRA CR-V, штамп. (16 мм)",108.0,,,True,5.00,1,22791011,https://dnipro-m.ua/tovar/kluch-rizhkovo-nakidnij-ultra-16-mm/
avtomobilni-tovari,Автомобільні товари / Ключі та набори ключів,"Ключ рожково-накидний Dnipro-M ULTRA CR-V, штамп. (17 мм)",114.0,,,True,5.00,1,22791012,https://dnipro-m.ua/tovar/kluch-rizhkovo-nakidnij-ultra-17-mm/
avtomobilni-tovari,Автомобільні товари / Ключі та набори ключів,"Ключ рожково-накидний Dnipro-M ULTRA CR-V, штамп. (18 мм)",126.0,,,True,,0,22791013,https://dnipro-m.ua/tovar/kluch-rizhkovo-nakidnij-ultra-18-mm/
avtomobilni-tovari,Автомобільні товари / Ключі та набори ключів,"Ключ рожково-накидний Dnipro-M ULTRA CR-V, штамп. (19 мм)",144.0,,,True,5.00,1,22791014,https://dnipro-m.ua/tovar/kluch-rizhkovo-nakidnij-ultra-19-mm/
avtomobilni-tovari,Автомобільні товари / Ключі та набори ключів,"Ключ рожково-накидний Dnipro-M ULTRA CR-V, штамп. (21 мм)",165.0,,,True,,0,22791015,https://dnipro-m.ua/tovar/kluch-rizhkovo-nakidnij-ultra-21-mm/
avtomobilni-tovari,Автомобільні товари / Ключі та набори ключів,"Ключ рожково-накидний Dnipro-M ULTRA CR-V, штамп. (22 мм)",168.0,,,False,,0,22791016,https://dnipro-m.ua/tovar/kluch-rizhkovo-nakidnij-ultra-22-mm/
avtomobilni-tovari,Автомобільні товари / Ключі та набори ключів,Ключ комбінований з тріскачкою Dnipro-M ULTRA 8 мм,198.0,,,False,4.67,3,84096000,https://dnipro-m.ua/tovar/klyuch-kombinovanij-z-triskachkoyu-ultra-8-mm/
avtomobilni-tovari,Автомобільні товари / Ключі та набори ключів,Набір ключів шестигранних Dnipro-M 9 шт.,210.0,,,False,4.73,26,49997000,https://dnipro-m.ua/tovar/nabor-klyuchej-shestigrannykh-9-sht/
avtomobilni-tovari,Автомобільні товари / Ключі та набори ключів,Ключ комбінований з тріскачкою Dnipro-M ULTRA 10 мм,219.0,,,True,5.00,4,84097000,https://dnipro-m.ua/tovar/klyuch-kombinovanij-z-triskachkoyu-ultra-10-mm/
avtomobilni-tovari,Автомобільні товари / Ключі та набори ключів,"Ключ рожково-накидний Dnipro-M ULTRA CR-V, штамп. (24 мм)",234.0,,,True,,0,22791017,https://dnipro-m.ua/tovar/kluch-rizhkovo-nakidnij-ultra-24-mm/
avtomobilni-tovari,Автомобільні товари / Ключі та набори ключів,Набір ключів шестигранних Dnipro-M TORX 9 шт.,237.0,,,False,4.02,50,82001000,https://dnipro-m.ua/tovar/nabor-klyuchej-shestigrannykh-torx-9-sht/
avtomobilni-tovari,Автомобільні товари / Ключі та набори ключів,Ключ комбінований з тріскачкою Dnipro-M ULTRA 12 мм,252.0,,,True,,0,84098000,https://dnipro-m.ua/tovar/klyuch-kombinovanij-z-triskachkoyu-ultra-12-mm/
avtomobilni-tovari,Автомобільні товари / Ключі та набори ключів,Набір ключів шестигранних Dnipro-M подовжені 9 шт.,255.0,,,False,4.30,23,49998000,https://dnipro-m.ua/tovar/nabor-klyuchej-shestigrannykh-udlinennye-9-sht/
avtomobilni-tovari,Автомобільні товари / Ключі та набори ключів,Ключ комбінований з тріскачкою Dnipro-M ULTRA 13 мм,264.0,,,False,5.00,3,84099000,https://dnipro-m.ua/tovar/klyuch-kombinovanij-z-triskachkoyu-ultra-13-mm/
avtomobilni-tovari,Автомобільні товари / Ключі та набори ключів,Набір ключів шестигранних Dnipro-M подовжені з кулею 9 шт.,270.0,,,False,4.29,24,49999000,https://dnipro-m.ua/tovar/nabor-klyuchej-shestigrannykh-udlinennye-s-sharom-9-sht/
avtomobilni-tovari,Автомобільні товари / Ключі та набори ключів,Набір ключів шестигранних Dnipro-M TORX подовжені 9 шт.,270.0,,,False,3.94,18,82002000,https://dnipro-m.ua/tovar/nabor-klyuchej-shestigrannykh-torx-udlinennye-9-sht/
avtomobilni-tovari,Автомобільні товари / Ключі та набори ключів,Ключ комбінований з тріскачкою Dnipro-M ULTRA 14 мм,285.0,,,True,5.00,1,84100000,https://dnipro-m.ua/tovar/klyuch-kombinovanij-z-triskachkoyu-ultra-14-mm/
avtomobilni-tovari,Автомобільні товари / Ключі та набори ключів,Ключ комбінований з тріскачкою Dnipro-M ULTRA 15 мм,303.0,,,True,,0,84101000,https://dnipro-m.ua/tovar/klyuch-kombinovanij-z-triskachkoyu-ultra-15-mm/
avtomobilni-tovari,Автомобільні товари / Ключі та набори ключів,"Ключ рожково-накидний Dnipro-M ULTRA CR-V, штамп. (27 мм)",309.0,,,False,5.00,1,22791018,https://dnipro-m.ua/tovar/kluch-rizhkovo-nakidnij-ultra-27-mm/
avtomobilni-tovari,Автомобільні товари / Ключі та набори ключів,Ключ комбінований з тріскачкою Dnipro-M ULTRA 16 мм,321.0,,,True,5.00,1,84102000,https://dnipro-m.ua/tovar/klyuch-kombinovanij-z-triskachkoyu-ultra-16-mm/
avtomobilni-tovari,Автомобільні товари / Ключі та набори ключів,"Ключ рожково-накидний Dnipro-M ULTRA CR-V, штамп. (34 мм)",330.0,495.0,33,True,,0,22791021-1,https://dnipro-m.ua/tovar/kluch-rizhkovo-nakidnij-ultra-34-mm/
avtomobilni-tovari,Автомобільні товари / Ключі та набори ключів,Ключ комбінований з тріскачкою Dnipro-M ULTRA 17 мм,354.0,,,True,,0,84103000,https://dnipro-m.ua/tovar/klyuch-kombinovanij-z-triskachkoyu-ultra-17-mm/
avtomobilni-tovari,Автомобільні товари / Ключі та набори ключів,"Ключ рожково-накидний Dnipro-M ULTRA CR-V, штамп. (30 мм)",390.0,,,False,,0,22791019,https://dnipro-m.ua/tovar/kluch-rizhkovo-nakidnij-ultra-30-mm/
avtomobilni-tovari,Автомобільні товари / Ключі та набори ключів,Ключ комбінований з тріскачкою Dnipro-M ULTRA 19 мм,417.0,,,True,5.00,1,84104000,https://dnipro-m.ua/tovar/klyuch-kombinovanij-z-triskachkoyu-ultra-19-mm/
avtomobilni-tovari,Автомобільні товари / Ключі та набори ключів,"Ключ-тріскачка Dnipro-M ULTRA 72 зубці, 1/4",420.0,,,True,4.87,23,82050000,https://dnipro-m.ua/tovar/klyuch-treshhotka-ultra-14/
avtomobilni-tovari,Автомобільні товари / Ключі та набори ключів,"Ключ рожково-накидний Dnipro-M ULTRA CR-V, штамп. (32 мм)",435.0,,,False,,0,22791020,https://dnipro-m.ua/tovar/kluch-rizhkovo-nakidnij-ultra-32-mm/
avtomobilni-tovari,Автомобільні товари / Ключі та набори ключів,"Ключ рожково-накидний Dnipro-M ULTRA CR-V, штамп. (36 мм)",498.0,648.0,23,False,,0,22791022-1,https://dnipro-m.ua/tovar/kluch-rizhkovo-nakidnij-ultra-36-mm/
avtomobilni-tovari,Автомобільні товари / Ключі та набори ключів,Ключ розвідний Dnipro-M ULTRA 150 мм,570.0,,,False,4.07,28,16047000,https://dnipro-m.ua/tovar/klyuch-razvodnoj-ultra-150-mm/
avtomobilni-tovari,Автомобільні товари / Ключі та набори ключів,"Ключ-тріскачка Dnipro-M ULTRA 72 зубці, 1/2",609.0,,,True,4.41,22,82049000,https://dnipro-m.ua/tovar/klyuch-treshhotka-ultra-12/
avtomobilni-tovari,Автомобільні товари / Ключі та набори ключів,"Ключ-тріскачка Dnipro-M ULTRA телескопічна з шарніром, 72 зубці, 1/4",660.0,,,False,5.00,10,82048000,https://dnipro-m.ua/tovar/klyuch-treshhotka-ultra-teleskopicheskaya-s-sharnirom-14/
avtomobilni-tovari,Автомобільні товари / Ключі та набори ключів,Ключ розвідний Dnipro-M ULTRA 200 мм,729.0,,,False,4.17,36,16048000,https://dnipro-m.ua/tovar/klyuch-razvodnoj-ultra-200-mm/
avtomobilni-tovari,Автомобільні товари / Ключі та набори ключів,Набір ключів рожково-накидних Dnipro-M ULTRA в чохлі (8-19 мм) 10 шт.,855.0,,,True,4.69,16,22792000,https://dnipro-m.ua/tovar/nabir-kluciv-rizkovo-nakidnih-ultra-10-sht/
avtomobilni-tovari,Автомобільні товари / Ключі та набори ключів,"Ключ-тріскачка Dnipro-M ULTRA телескопічна з шарніром, 72 зубці, 1/2",1047.0,,,True,4.54,24,82047000,https://dnipro-m.ua/tovar/klyuch-treshhotka-ultra-teleskopicheskaya-s-sharnirom-12/
avtomobilni-tovari,Автомобільні товари / Ключі та набори ключів,Ключ розвідний Dnipro-M ULTRA 250 мм,1080.0,,,False,4.65,31,16049000,https://dnipro-m.ua/tovar/klyuch-razvodnoj-ultra-250-mm/
avtomobilni-tovari,Автомобільні товари / Ключі та набори ключів,"Набір ключів рожково-накидних Dnipro-M ULTRA в чохлі, (7-24 мм) 14 шт.",1335.0,,,True,4.59,22,22793000,https://dnipro-m.ua/tovar/nabir-kluciv-rizkovo-nakidnih-ultra-14-sht/
avtomobilni-tovari,Автомобільні товари / Ключі та набори ключів,"Ключ динамометричний Dnipro-M 1/4"" 5-25 Нм",1560.0,,,False,4.53,53,97326000,https://dnipro-m.ua/tovar/klyuch-dinamometricheskij-14/
avtomobilni-tovari,Автомобільні товари / Ключі та набори ключів,Набір ключів комбінованих з тріскачкою Dnipro-M ULTRA в чохлі (8-19 мм) 8 шт.,2097.0,2595.0,19,True,3.70,10,84105000-1,https://dnipro-m.ua/tovar/nabir-klyuchiv-kombinovanikh-z-triskachkoyu-ultra-8-19-mm-8-sht/
avtomobilni-tovari,Автомобільні товари / Ключі та набори ключів,"Ключ динамометричний Dnipro-M 1/2"" 40-220 Нм",2298.0,2595.0,11,False,4.56,32,97325000-1,https://dnipro-m.ua/tovar/klyuch-dinamometricheskij-12/
avtomobilni-tovari,Автомобільні товари / Ключі та набори ключів,"Ключ динамометричний Dnipro-M 1/2"" 20-120 Нм",2370.0,,,False,4.35,31,16847000,https://dnipro-m.ua/tovar/klyuch-dinamometricheskij-12-20-120-nm/
avtomobilni-tovari,Автомобільні товари / Ключі та набори ключів,"Універсальний набір ключів Dnipro-M ULTRA у чохлі, (6-32, 12-17 мм) 24 шт.",2985.0,,,True,4.85,26,22794000,https://dnipro-m.ua/tovar/universalnij-nabir-kluchiv-ultra-24-sht/
avtomobilni-tovari,Автомобільні товари / Ключі та набори ключів,"Універсальний набір ключів Dnipro-M ULTRA в чохлі (6-34, 12-19, 8-17 мм) 28 шт.",3885.0,,,False,4.86,28,22795000,https://dnipro-m.ua/tovar/universalnij-nabir-kluchiv-ultra-28-sht/
avtomobilni-tovari,Автомобільні товари / Мікрофібри для авто,Складне відро Dnipro-M FB-10L,,,,False,,0,37939000,https://dnipro-m.ua/tovar/skladne-vidro-fb-10l/
avtomobilni-tovari,Автомобільні товари / Мікрофібри для авто,Набір мікрофібри Dnipro-M MS-30,,,,False,,0,37943000,https://dnipro-m.ua/tovar/nabir-mikrofibry-ms-30/
avtomobilni-tovari,Автомобільні товари / Мікрофібри для авто,Шкрібок для льоду Dnipro-M IS-1,,,,False,,0,37940000,https://dnipro-m.ua/tovar/shkribok-dlia-lodu-is-1/
avtomobilni-tovari,Автомобільні товари / Мікрофібри для авто,Гумова щітка для снігу Dnipro-M RSB-66,,,,False,,0,37941000,https://dnipro-m.ua/tovar/humova-shchitka-dlia-snihu-rsb-66/
avtomobilni-tovari,Автомобільні товари / Мікрофібри для авто,Телескопічна щітка для снігу Dnipro-M TBS-100,,,,False,,0,37942000,https://dnipro-m.ua/tovar/teleskopichna-shchitka-dlia-snihu-tbs-100/
avtomobilni-tovari,Автомобільні товари / Мікрофібри для авто,Рукавичка для миття Dnipro-M GFW-2,,,,False,,0,37938000,https://dnipro-m.ua/tovar/rukavychka-dlia-myttia-gfw-2/
avtomobilni-tovari,Автомобільні товари / Мікрофібри для авто,Губка для миття Dnipro-M SFW-2,,,,False,,0,37937000,https://dnipro-m.ua/tovar/hubka-dlia-myttia-sfw-2/
avtomobilni-tovari,Автомобільні товари / Мікрофібри для авто,Набір Мікрофібр Dnipro-M,165.0,,,True,4.89,18,99632000,https://dnipro-m.ua/tovar/nabir-mikrofibr/
avtomobilni-tovari,Автомобільні товари / Мікрофібри для авто,Мікрофібра Dnipro-M DetailPro 40х80,240.0,,,True,4.18,28,54680000,https://dnipro-m.ua/tovar/mikrofibra-detailpro-40x80/
avtomobilni-tovari,Запчастини та аксесуари для інструментів / Аксесуари для інструментів та обладнання / Аксесуари до мийки,Швидкознімна форсунка Dnipro-M PN-15Q,81.0,135.0,40,True,4.50,4,15347002-1,https://dnipro-m.ua/tovar/bystrosyomnaya-forsunka-pn-15q/
avtomobilni-tovari,Запчастини та аксесуари для інструментів / Аксесуари для інструментів та обладнання / Аксесуари до мийки,З'єднувач для шланга високого тиску Dnipro-M HC-17P 48 мм,87.0,150.0,42,False,3.86,7,08667000-1,https://dnipro-m.ua/tovar/soedinitel-dlya-shlanga-vysokogo-davleniya-hc-17p/
avtomobilni-tovari,Запчастини та аксесуари для інструментів / Аксесуари для інструментів та обладнання / Аксесуари до мийки,Швидкознімна форсунка Dnipro-M PN-40Q,90.0,198.0,55,True,5.00,1,15347001-1,https://dnipro-m.ua/tovar/bystrosyomnaya-forsunka-pn-40q/
avtomobilni-tovari,Запчастини та аксесуари для інструментів / Аксесуари для інструментів та обладнання / Аксесуари до мийки,Фільтр грубої очистки Dnipro-M WF-12P 60 мм,99.0,,,True,4.20,5,15352000,https://dnipro-m.ua/tovar/filtr-gruboj-ochistki-wf-12p-60-mm/
avtomobilni-tovari,Запчастини та аксесуари для інструментів / Аксесуари для інструментів та обладнання / Аксесуари до мийки,Фільтр грубої очистки з коннектором Dnipro-M CW-12Q,129.0,,,True,4.16,19,15351001,https://dnipro-m.ua/tovar/filtr-gruboj-ochistki-s-konnektorom-cw-12q/
avtomobilni-tovari,Запчастини та аксесуари для інструментів / Аксесуари для інструментів та обладнання / Аксесуари до мийки,Колесо до мийки Dnipro-M PW-18Ri,198.0,,,True,,0,11598008,https://dnipro-m.ua/tovar/koleso-do-mijki-pw-18ri/
avtomobilni-tovari,Запчастини та аксесуари для інструментів / Аксесуари для інструментів та обладнання / Аксесуари до мийки,Насадка розсікач PW-13/14/16,210.0,,,False,,0,82622003,https://dnipro-m.ua/tovar/nasadka-rozsikach-pw-13/
avtomobilni-tovari,Запчастини та аксесуари для інструментів / Аксесуари для інструментів та обладнання / Аксесуари до мийки,Насадка подовжувач PW-16BR 2021,270.0,,,False,,0,82622007,https://dnipro-m.ua/tovar/nasadka-podovzhuvach-pw-16br-2021/
avtomobilni-tovari,Запчастини та аксесуари для інструментів / Аксесуари для інструментів та обладнання / Аксесуари до мийки,Насадка для пістолета до мийки високого тиску Dnipro-M PN-16L Turbo,315.0,,,True,4.50,6,15345001,https://dnipro-m.ua/tovar/nasadka-dlya-pistoleta-k-mojke-vysokogo-davleniya-pn-16l-turbo/
avtomobilni-tovari,Запчастини та аксесуари для інструментів / Аксесуари для інструментів та обладнання / Аксесуари до мийки,Насадка подовжувач Dnipro-M PW-18Ri,390.0,,,False,,0,82622004,https://dnipro-m.ua/tovar/nasadka-podovzhuvach-pw-18ri/
avtomobilni-tovari,Запчастини та аксесуари для інструментів / Аксесуари для інструментів та обладнання / Аксесуари до мийки,Форсунка турбо PW-18Ri 2021,390.0,,,False,,0,20833002,https://dnipro-m.ua/tovar/forsunka-turbo-pw-18ri-2021/
avtomobilni-tovari,Запчастини та аксесуари для інструментів / Аксесуари для інструментів та обладнання / Аксесуари до мийки,Піноутворювач для мийки високого тиску Dnipro-M SB-5 500 мл,399.0,,,False,4.47,58,15350000,https://dnipro-m.ua/tovar/penoobrazovatel-dlya-mojki-vysokogo-davleniya-sb-5-500-ml/
avtomobilni-tovari,Запчастини та аксесуари для інструментів / Аксесуари для інструментів та обладнання / Аксесуари до мийки,"Форсунка комплект: 0, 15, 25, 40 PW-18Ri 2021",420.0,,,False,,0,20833001,https://dnipro-m.ua/tovar/forsunka-komplekt-0-15-25-40-pw-18ri-2021/
avtomobilni-tovari,Запчастини та аксесуари для інструментів / Аксесуари для інструментів та обладнання / Аксесуари до мийки,Шланг високого тиску Dnipro-M PWH-6 6 м,444.0,798.0,44,False,4.53,17,08666000-1,https://dnipro-m.ua/tovar/shlang-vysokogo-davleniya-pwh-6-6-m/
avtomobilni-tovari,Запчастини та аксесуари для інструментів / Аксесуари для інструментів та обладнання / Аксесуари до мийки,Активна піна для мийки високого тиску Dnipro-M CF-81,480.0,,,True,4.10,81,16309000,https://dnipro-m.ua/tovar/aktivnaya-pena-dlya-mojki-vysokogo-davleniya-cf-81/
avtomobilni-tovari,Запчастини та аксесуари для інструментів / Аксесуари для інструментів та обладнання / Аксесуари до мийки,З'єднувач для шланга високого тиску Dnipro-M HC-20L 48 мм,489.0,,,True,4.50,6,08668000,https://dnipro-m.ua/tovar/soedinitel-dlya-shlanga-vysokogo-davleniya-hc-20l/
avtomobilni-tovari,Запчастини та аксесуари для інструментів / Аксесуари для інструментів та обладнання / Аксесуари до мийки,Пістолет до мийки високого тиску Dnipro-M PW-18Ri,540.0,,,False,,0,94672009,https://dnipro-m.ua/tovar/pistolet-do-mijki-visokogo-tisku-pw-18ri/
avtomobilni-tovari,Запчастини та аксесуари для інструментів / Аксесуари для інструментів та обладнання / Аксесуари до мийки,Насадка піноутворювач 680 мл PW-18Ri 2021,720.0,,,False,,0,82622005,https://dnipro-m.ua/tovar/nasadka-pinoutvoryuvach-680-ml-pw-18ri-2021/
avtomobilni-tovari,Запчастини та аксесуари для інструментів / Аксесуари для інструментів та обладнання / Аксесуари до мийки,Комплект швидкоз'ємних форсунок Dnipro-M SN-5Q,735.0,,,True,4.42,12,15346000,https://dnipro-m.ua/tovar/komplekt-bystrosemnykh-forsunok-sn-5q/
avtomobilni-tovari,Запчастини та аксесуари для інструментів / Аксесуари для інструментів та обладнання / Аксесуари до мийки,Пістолет до мийки високого тиску Dnipro-M WG-16QN,789.0,,,True,4.50,12,15344002,https://dnipro-m.ua/tovar/pistolet-k-mojke-vysokogo-davleniya-wg-16qn/
avtomobilni-tovari,Запчастини та аксесуари для інструментів / Аксесуари для інструментів та обладнання / Аксесуари до мийки,Шланг високого тиску Dnipro-M PWH-6S 6 м,798.0,1398.0,43,False,5.00,6,08409000-2,https://dnipro-m.ua/tovar/shlang-vysokogo-davleniya-pwh-6s-6-m/
avtomobilni-tovari,Запчастини та аксесуари для інструментів / Аксесуари для інструментів та обладнання / Аксесуари до мийки,Пістолет до мийки високого тиску Dnipro-M WG-16,825.0,,,True,4.31,13,15344001,https://dnipro-m.ua/tovar/pistolet-k-mojke-vysokogo-davleniya-wg-16/
avtomobilni-tovari,Запчастини та аксесуари для інструментів / Аксесуари для інструментів та обладнання / Аксесуари до мийки,Насадка для пістолета до мийки високого тиску Dnipro-M PN-35Q Turbo,840.0,,,False,4.17,6,15345002,https://dnipro-m.ua/tovar/nasadka-dlya-pistoleta-k-mojke-vysokogo-davleniya-pn-35q-turbo/
avtomobilni-tovari,Запчастини та аксесуари для інструментів / Аксесуари для інструментів та обладнання / Аксесуари до мийки,Шланг високого тиску Dnipro-M PWH-8R 8 м,999.0,1800.0,44,True,4.42,12,08430000-2,https://dnipro-m.ua/tovar/shlang-vysokogo-davleniya-pwh-8r-8-m/
avtomobilni-tovari,Запчастини та аксесуари для інструментів / Аксесуари для інструментів та обладнання / Аксесуари до мийки,Шланг для мийки високого тиску Dnipro-M PW-18Ri (2021),999.0,,,False,,0,91933019,https://dnipro-m.ua/tovar/shlang-dlya-mijki-visokogo-tisku-pw-18ri-2021/
avtomobilni-tovari,Запчастини та аксесуари для інструментів / Аксесуари для інструментів та обладнання / Аксесуари до мийки,Активна піна для мийки високого тиску Dnipro-M CF-55,1140.0,,,True,4.20,59,41472000,https://dnipro-m.ua/tovar/aktivnaya-pena-dlya-mojki-vysokogo-davleniya-cf-55/
avtomobilni-tovari,Запчастини та аксесуари для інструментів / Аксесуари для інструментів та обладнання / Аксесуари до мийки,Шланг високого тиску Dnipro-M PWH-8S 8 м,1800.0,,,True,5.00,12,15349000,https://dnipro-m.ua/tovar/shlang-vysokogo-davleniya-pwh-8s-8-m/
avtomobilni-tovari,Ручний інструмент / Набори ручного інструменту,"Набір головок торцевих з тріскачкою Dnipro-M Ultra (12 шт.) 1/4""",735.0,,,True,4.52,46,80001000,https://dnipro-m.ua/tovar/nabor-instrumentov-ultra-12-sht-14/
avtomobilni-tovari,Ручний інструмент / Набори ручного інструменту,Набір інструментів Dnipro-M Ultra 46 шт. 1/4,1440.0,,,True,4.56,99,79996000,https://dnipro-m.ua/tovar/nabor-instrumentov-ultra-46-sht-14/
avtomobilni-tovari,Ручний інструмент / Набори ручного інструменту,"Набір інструментів Dnipro-M ULTRA Super Lock, 1/2"" 12 шт.",1440.0,,,True,4.82,34,15571000,https://dnipro-m.ua/tovar/nabor-instrumentov-ultra-super-lock-12-sht/
avtomobilni-tovari,Ручний інструмент / Набори ручного інструменту,"Набір інструментів Dnipro-M Ultra 73 шт. 1/2"",1/4""",2799.0,3099.0,10,True,4.64,64,79995000-1,https://dnipro-m.ua/tovar/nabor-instrumentov-ultra-73-sht-1214/
avtomobilni-tovari,Ручний інструмент / Набори ручного інструменту,Набір інструментів Dnipro-M ULTRA (94 шт.),3699.0,,,False,4.09,22,84665000,https://dnipro-m.ua/tovar/nabir-instrumentiv-ultra-94-sht/
avtomobilni-tovari,Ручний інструмент / Набори ручного інструменту,Набір інструментів Dnipro-M ULTRA (110 шт.),3888.0,4995.0,22,True,4.59,324,79994000-2,https://dnipro-m.ua/tovar/nabor-instrumentov-ultra-110-sht/
avtomobilni-tovari,Ручний інструмент / Набори ручного інструменту,Універсальний набір інструмента Dnipro-M ULTRA (56 шт.),4485.0,,,True,4.81,62,80002000,https://dnipro-m.ua/tovar/universalnyj-nabor-instrumenta-ultra-56-sht/
avtomobilni-tovari,Ручний інструмент / Набори ручного інструменту,Набір інструментів Dnipro-M ULTRA (112 шт.),4497.0,5385.0,16,True,4.44,157,15468000-1,https://dnipro-m.ua/tovar/nabor-instrumentov-ultra-112-sht/
avtomobilni-tovari,Ручний інструмент / Набори ручного інструменту,Набір інструментів Dnipro-M ULTRA (150 шт.),12795.0,,,True,4.71,34,84747000,https://dnipro-m.ua/tovar/nabir-instrumentiv-ultra-150-sht/
avtomobilni-tovari,Ручний інструмент / Торцеві головки,"Головка торцева ударна Dnipro-M CR-MO, тефлон, 1/2 ""10 мм",87.0,,,False,5.00,5,08617001,https://dnipro-m.ua/tovar/golovka-torcevaya-udarnaya-cr-mo-teflon-10-mm/
avtomobilni-tovari,Ручний інструмент / Торцеві головки,"Головка торцева ударна Dnipro-M CR-MO, тефлон, 1/2 ""12 мм",90.0,,,True,,0,08617002,https://dnipro-m.ua/tovar/golovka-torcevaya-udarnaya-cr-mo-teflon-12-mm/
avtomobilni-tovari,Ручний інструмент / Торцеві головки,"Головка торцева ударна Dnipro-M CR-MO, тефлон, 1/2 ""13 мм",93.0,,,False,4.80,5,08617003,https://dnipro-m.ua/tovar/golovka-torcevaya-udarnaya-cr-mo-teflon-13-mm/
avtomobilni-tovari,Ручний інструмент / Торцеві головки,"Головка торцева ударна Dnipro-M CR-MO, тефлон, 1/2 ""14 мм",96.0,,,True,5.00,1,08617004,https://dnipro-m.ua/tovar/golovka-torcevaya-udarnaya-cr-mo-teflon-14-mm/
avtomobilni-tovari,Ручний інструмент / Торцеві головки,"Головка торцева ударна Dnipro-M CR-MO, тефлон, 1/2 ""15 мм",99.0,,,False,5.00,3,08617005,https://dnipro-m.ua/tovar/golovka-torcevaya-udarnaya-cr-mo-teflon-15-mm/
avtomobilni-tovari,Ручний інструмент / Торцеві головки,"Головка торцева ударна Dnipro-M CR-MO, тефлон, 1/2 ""16 мм",105.0,,,False,3.67,3,08617006,https://dnipro-m.ua/tovar/golovka-torcevaya-udarnaya-cr-mo-teflon-16-mm/
avtomobilni-tovari,Ручний інструмент / Торцеві головки,"Головка торцева ударна Dnipro-M CR-MO, тефлон, 1/2 ""17 мм",108.0,,,False,4.75,4,08617007,https://dnipro-m.ua/tovar/golovka-torcevaya-udarnaya-cr-mo-teflon-17-mm/
avtomobilni-tovari,Ручний інструмент / Торцеві головки,"Головка торцева ударна Dnipro-M CR-MO, тефлон, 1/2 ""19 мм",117.0,,,False,4.55,11,08617008,https://dnipro-m.ua/tovar/golovka-torcevaya-udarnaya-cr-mo-teflon-19-mm/
avtomobilni-tovari,Ручний інструмент / Торцеві головки,"Головка торцева ударна Dnipro-M CR-MO, тефлон, 1/2 ""21 мм",129.0,,,True,,0,08617009,https://dnipro-m.ua/tovar/golovka-torcevaya-udarnaya-cr-mo-teflon-21-mm/
avtomobilni-tovari,Ручний інструмент / Торцеві головки,"Головка торцева ударна Dnipro-M CR-MO, тефлон, 1/2"" 22 мм",135.0,,,True,,0,08617010,https://dnipro-m.ua/tovar/golovka-torcevaya-udarnaya-cr-mo-teflon-22-mm/
avtomobilni-tovari,Ручний інструмент / Торцеві головки,"Головка торцева ударна Dnipro-M CR-MO, тефлон, 1/2 ""24 мм",153.0,,,False,5.00,14,08617011,https://dnipro-m.ua/tovar/golovka-torcevaya-udarnaya-cr-mo-teflon-24-mm/
avtomobilni-tovari,Ручний інструмент / Торцеві головки,"Набір перехідників до торцевих голівок Dnipro-M 1/4"", 3/8"", 1/2"" 3 шт.",165.0,,,True,4.00,77,22860000,https://dnipro-m.ua/tovar/nabor-perekhodnikov-k-torczevym-golovkam-14-38-12-3-sht/
avtomobilni-tovari,Ручний інструмент / Торцеві головки,"Головка торцева ударна Dnipro-M подовжена 1/2"" 21 мм",198.0,,,True,,0,84534000,https://dnipro-m.ua/tovar/golovka-torczeva-udarna-podovzhena-12-21-mm/
avtomobilni-tovari,Ручний інструмент / Торцеві головки,"Головка торцева ударна Dnipro-M подовжена 1/2"" 19 мм",198.0,,,False,,0,84533000,https://dnipro-m.ua/tovar/golovka-torczeva-udarna-podovzhena-12-19-mm/
avtomobilni-tovari,Ручний інструмент / Торцеві головки,"Головка торцева ударна Dnipro-M подовжена 1/2"" 17 мм",198.0,,,False,5.00,2,84532000,https://dnipro-m.ua/tovar/golovka-torczeva-udarna-podovzhena-12-17-mm/
avtomobilni-tovari,Ручний інструмент / Торцеві головки,"Адаптер Dnipro-M 1/2"" на 1/4"" НЕХ, CR-V",198.0,,,False,4.14,28,41645000,https://dnipro-m.ua/tovar/adapter-12-na-14-hex-cr-v/
avtomobilni-tovari,Ручний інструмент / Торцеві головки,"Перехідник Dnipro-M 1/2 SQ на 1/4 Hex, Cr-Mo",249.0,,,False,4.36,11,78803000,https://dnipro-m.ua/tovar/perehidnik-1-2sq-na-1-4hex/
avtomobilni-tovari,Ручний інструмент / Торцеві головки,"Набір головок торцевих Dnipro-M ULTRA Cr-V 3/8"" 8-19 мм 10 шт.",450.0,,,True,4.84,19,22480000,https://dnipro-m.ua/tovar/nabor-torczevykh-golovok-ultra-cr-v-38-8-19-mm-10-sht/
avtomobilni-tovari,Ручний інструмент / Торцеві головки,"Набір ударних торцевих головок Dnipro-M подовжені 1/2 ""12-24 мм 8 шт.",2130.0,,,False,4.16,37,16960000,https://dnipro-m.ua/tovar/nabor-udarnykh-torczevykh-golovok-udlinennye-12-24-mm-8-sht/
dlya-domu-ta-vidpochinku,Для дому та відпочинку / Електровелосипеди,Електровелосипед Dnipro-M Sol,38997.0,72900.0,47,False,4.90,20,78659000-1,https://dnipro-m.ua/tovar/akumulyatornij-velosiped-sol/
dlya-domu-ta-vidpochinku,Для дому та відпочинку / Електровелосипеди,Електровелосипед Dnipro-M Luna,38997.0,72900.0,47,False,4.67,3,78658000-1,https://dnipro-m.ua/tovar/akumulyatornij-velosiped-luna/
dlya-domu-ta-vidpochinku,Для дому та відпочинку / Електрочайники,Електричний чайник Dnipro-M Silence,1698.0,2400.0,29,True,4.83,24,48847000-1,https://dnipro-m.ua/tovar/elektrichnij-chajnik-silence/
dlya-domu-ta-vidpochinku,Для дому та відпочинку / Електрочайники,Електричний чайник Dnipro-M Silence Pro,2970.0,,,True,4.64,22,48848000,https://dnipro-m.ua/tovar/elektrichnij-chajnik-silence-pro/
dlya-domu-ta-vidpochinku,Для дому та відпочинку / Рюкзаки,Рюкзак Dnipro-M Town,1980.0,,,True,4.96,27,48636000,https://dnipro-m.ua/tovar/ryukzak-town/
dlya-domu-ta-vidpochinku,Для дому та відпочинку / Фени для волосся,Фен для волосся Dnipro-M HD-03,2250.0,4290.0,48,False,4.52,75,78595000-1,https://dnipro-m.ua/tovar/fen-dlya-volossya-hd-03/
dlya-domu-ta-vidpochinku,Для дому та відпочинку / Фени для волосся,Фен для волосся Dnipro-M Air Flow,2799.0,3960.0,29,True,4.92,61,48905000-1,https://dnipro-m.ua/tovar/fen-dlya-volossya-air-flow/
elektroinstrument,Електроінструмент / Болгарки (КШМ),Пневматична відрізна машина Dnipro-M PG-76S,720.0,1584.0,55,False,5.00,10,98693000-4,https://dnipro-m.ua/tovar/pnevmaticheskaya-otreznaya-mashina-pg-76s/
elektroinstrument,Електроінструмент / Болгарки (КШМ),Шліфмашина кутова Dnipro-M GS-98,1299.0,1848.0,30,True,4.70,353,80588000-1,https://dnipro-m.ua/tovar/ushm-gs-98/
elektroinstrument,Електроінструмент / Болгарки (КШМ),Кутова шліфувальна машина Dnipro-M GS-90,1500.0,,,True,5.00,10,48840000,https://dnipro-m.ua/tovar/kutova-shlifuvalna-mashina-gs-90/
elektroinstrument,Електроінструмент / Болгарки (КШМ),Шліфмашина кутова Dnipro-M GL-125S,1749.0,2148.0,19,True,4.67,779,80985000-3,https://dnipro-m.ua/tovar/uglovaya-shlifmashyna-gl-125s/
elektroinstrument,Електроінструмент / Болгарки (КШМ),Шліфмашина кутова Dnipro-M GS-100S + Кейс BP-12G,1848.0,2595.0,29,True,4.67,380,82105000-22,https://dnipro-m.ua/tovar/shlifmashina-uglovaya-gs-100s/
elektroinstrument,Електроінструмент / Болгарки (КШМ),Шліфмашина кутова Dnipro-M GS-98M,1899.0,,,True,4.60,10,84423000,https://dnipro-m.ua/tovar/shlifmashina-kutova-gs-98m/
elektroinstrument,Електроінструмент / Болгарки (КШМ),Шліфмашина кутова Dnipro-M GL-160SE,2250.0,2997.0,25,True,4.60,183,19419000-1,https://dnipro-m.ua/tovar/shlifmashina-uglovaya-gl-160se/
elektroinstrument,Електроінструмент / Болгарки (КШМ),Шліфмашина кутова Dnipro-M GL-145S,2400.0,2748.0,13,True,4.73,124,80589000-1,https://dnipro-m.ua/tovar/shlifmashina-uglovaya-gl-145s/
elektroinstrument,Електроінструмент / Болгарки (КШМ),Шліфмашина кутова Dnipro-M GS-120S,2949.0,,,False,4.92,107,49137000,https://dnipro-m.ua/tovar/shlifmashina-uglovaya-gs-120s/
elektroinstrument,Електроінструмент / Болгарки (КШМ),Шліфмашина кутова Dnipro-M GL-190S,3450.0,3930.0,12,True,4.54,168,80585000-26,https://dnipro-m.ua/tovar/ushm-gl-190s/
elektroinstrument,Електроінструмент / Болгарки (КШМ),Шліфмашина кутова Dnipro-M GS-140SE (2021),3597.0,,,True,4.32,119,16873000,https://dnipro-m.ua/tovar/ushm-gs-140se/
elektroinstrument,Електроінструмент / Болгарки (КШМ),Шліфмашина кутова Dnipro-M GL-240,3999.0,4830.0,17,True,4.57,82,19420000-4,https://dnipro-m.ua/tovar/shlifmashina-uglovaya-gl-240/
elektroinstrument,Електроінструмент / Болгарки (КШМ),Шліфмашина кутова Dnipro-M GS-160SE (2021),4248.0,,,False,4.52,66,16874000,https://dnipro-m.ua/tovar/shlifmashina-uglovaya-gs-160se/
elektroinstrument,Електроінструмент / Болгарки (КШМ),Кутошліфувальна машина безщіткова Dnipro-M GS-125RX Ultra,5499.0,6585.0,16,True,4.38,26,78855000-1,https://dnipro-m.ua/tovar/kutoshlifuvalna-mashina-bezshitkova-gs-125rx-ultra/
elektroinstrument,Електроінструмент / Болгарки (КШМ),Шліфмашина кутова Dnipro-M GL-280,5670.0,,,True,4.89,37,80590000,https://dnipro-m.ua/tovar/shlifmashina-uglovaya-gl-280/
elektroinstrument,Електроінструмент / Будівельні фени,Фен промисловий Dnipro-M GH-200,1260.0,,,True,4.71,87,81022000,https://dnipro-m.ua/tovar/stroitelnyj-fen-gh-200/
elektroinstrument,Електроінструмент / Будівельні фени,Фен промисловий Dnipro-M GH-201N,1800.0,,,True,4.52,62,08087000,https://dnipro-m.ua/tovar/fen-promyshlennyj-gh-201n/
elektroinstrument,Електроінструмент / Будівельні фени,Фен промисловий Dnipro-M GH-203,1800.0,2250.0,20,False,4.63,128,81023000-2,https://dnipro-m.ua/tovar/stroitelnyj-fen-gh-203/
elektroinstrument,Електроінструмент / Будівельні фени,Фен промисловий Dnipro-M GH-203N,2700.0,,,True,4.48,23,99550000,https://dnipro-m.ua/tovar/fen-promislovij-gh-203n/
elektroinstrument,Електроінструмент / Гравери,Шліфувально-гравіювальна машина Dnipro-M SG-13,1350.0,1695.0,20,False,4.33,9,84296000-2,https://dnipro-m.ua/tovar/shlifuvalno-graviyuvalna-mashina-sg-13/
elektroinstrument,Електроінструмент / Гравери,Шліфувально-гравіювальна машина Dnipro-M SG-20,2100.0,,,False,4.72,146,16381000,https://dnipro-m.ua/tovar/shlifovalno-gravirovalnaya-mashina-sg-20/
elektroinstrument,Електроінструмент / Дрилі,Дриль безударний Dnipro-M ND-55F,1098.0,1740.0,37,False,4.73,33,80605000-1,https://dnipro-m.ua/tovar/drel-bezudarnaya-nd-55f/
elektroinstrument,Електроінструмент / Дрилі,Дриль пневматичний Dnipro-M PD-70,1299.0,2574.0,50,False,4.00,6,98694000-4,https://dnipro-m.ua/tovar/drel-pnevmaticheskaya-pd-70/
elektroinstrument,Електроінструмент / Дрилі,Дриль безударний Dnipro-M ND-45,1497.0,1950.0,23,True,4.66,29,16498000-1,https://dnipro-m.ua/tovar/drel-bezudarnaya-nd-45/
elektroinstrument,Електроінструмент / Дрилі,Дриль ударний Dnipro-M HD-120,1698.0,2640.0,36,False,4.75,338,80604000-1,https://dnipro-m.ua/tovar/drel-udarnaya-hd-120/
elektroinstrument,Електроінструмент / Дрилі,Дриль безударний Dnipro-M ND-85,1839.0,2250.0,18,True,4.77,73,49126000-1,https://dnipro-m.ua/tovar/drel-bezudarnaya-nd-85/
elektroinstrument,Електроінструмент / Дрилі,Дриль ударний Dnipro-M HD-8,1980.0,,,True,4.91,11,83559000,https://dnipro-m.ua/tovar/dril-udarnij-hd-8/
elektroinstrument,Електроінструмент / Дрилі,Дриль ударний Dnipro-M HD-120M,1998.0,2949.0,32,False,4.57,97,16433000-1,https://dnipro-m.ua/tovar/drel-udarnaya-hd-120m/
elektroinstrument,Електроінструмент / Дрилі,Дриль ударний Dnipro-M HD-132M,2400.0,3900.0,38,False,4.58,53,16452000-1,https://dnipro-m.ua/tovar/drel-udarnaya-hd-132m/
elektroinstrument,Електроінструмент / Електролобзики,Лобзик електричний Dnipro-M JS-65LX,1998.0,2499.0,20,True,4.68,141,98609000-1,https://dnipro-m.ua/tovar/lobzik-elektricheskij-js-65lx/
elektroinstrument,Електроінструмент / Електролобзики,Лобзик електричний Dnipro-M JS-100LX,3099.0,3897.0,20,False,4.60,42,41454000-6,https://dnipro-m.ua/tovar/lobzik-elektricheskij-js-100lx/
elektroinstrument,Електроінструмент / Електролобзики,Лобзик електричний Dnipro-M JS-80LX,3159.0,,,True,4.63,91,19421000,https://dnipro-m.ua/tovar/lobzik-elektricheskij-js-80lx/
elektroinstrument,Електроінструмент / Електропаяльники,Наконечник паяльника Dnipro-M косий зріз,105.0,,,False,4.60,5,48347000,https://dnipro-m.ua/tovar/nakonechnik-payalnika-kosij-zriz/
elektroinstrument,Електроінструмент / Електропаяльники,Паяльник мережевий Dnipro-M SI-60W,630.0,,,True,4.57,14,54810000,https://dnipro-m.ua/tovar/payalnik-merezhevij-si-60w/
elektroinstrument,Електроінструмент / Електрорубанки,Електрорубанок Dnipro-M PL-82 (2021),3969.0,,,False,4.60,50,22672000,https://dnipro-m.ua/tovar/elektrorubanok-pl-82-2021/
elektroinstrument,Електроінструмент / Електрорубанки,Електрорубанок Dnipro-M PL-113,4200.0,5199.0,19,False,4.61,137,80616000-1,https://dnipro-m.ua/tovar/rubanok-elektricheskiy-pl-113/
elektroinstrument,Електроінструмент / Мережеві полірувальні машинки,Полірувальна машина Dnipro-M PM-12SE,2997.0,3690.0,19,True,4.00,7,83903000-2,https://dnipro-m.ua/tovar/poliruvalna-mashina-pm-12se/
elektroinstrument,Електроінструмент / Мережеві полірувальні машинки,Полірувальна машина Dnipro-M PM-125CS,2997.0,3948.0,24,False,4.53,64,17545000-1,https://dnipro-m.ua/tovar/polirovalnaya-mashina-pm-125cs/
elektroinstrument,Електроінструмент / Мережеві полірувальні машинки,Полірувальна машина Dnipro-M PM-182CSD,3999.0,5997.0,33,False,4.79,77,17544000-2,https://dnipro-m.ua/tovar/polirovalnaya-mashina-pm-182csd/
elektroinstrument,Електроінструмент / Мережеві полірувальні машинки,Полірувальна машина Dnipro-M PE-15SED,4398.0,5790.0,24,True,4.19,16,83901000-1,https://dnipro-m.ua/tovar/poliruvalna-mashina-pe-15sed/
elektroinstrument,Електроінструмент / Мережеві полірувальні машинки,Полірувальна машина Dnipro-M PM-18SED,4998.0,5985.0,16,False,4.89,19,83902000-2,https://dnipro-m.ua/tovar/poliruvalna-mashina-pm-18sed/
elektroinstrument,Електроінструмент / Паяльники для пропіленових труб,Паяльник для пластикових труб Dnipro-M PW-52,999.0,,,False,4.45,86,08410000,https://dnipro-m.ua/tovar/payalnik-dlya-plastikovykh-trub-pw-52/
elektroinstrument,Електроінструмент / Паяльники для пропіленових труб,Паяльник для пластикових труб Dnipro-M PW-86,1749.0,,,False,4.54,41,08411000,https://dnipro-m.ua/tovar/payalnik-dlya-plastikovykh-trub-pw-86/
elektroinstrument,Електроінструмент / Паяльники для пропіленових труб,Паяльник для пластикових труб Dnipro-M PW-185,2850.0,,,False,4.34,50,81009000,https://dnipro-m.ua/tovar/payalnik-dlya-plastikovykh-trub-dnipro-m-pw-185/
elektroinstrument,Електроінструмент / Перфоратори,Перфоратор прямий Dnipro-M RH-26,2250.0,2670.0,16,True,4.93,14,48561000-1,https://dnipro-m.ua/tovar/perforator-pryamij-rh-26/
elektroinstrument,Електроінструмент / Перфоратори,Перфоратор прямий Dnipro-M RH-28Q,2697.0,3240.0,17,False,4.50,10,48562000-2,https://dnipro-m.ua/tovar/perforator-pryamij-rh-28q/
elektroinstrument,Електроінструмент / Перфоратори,Перфоратор прямий Dnipro-M RH-100,2880.0,3810.0,24,False,4.61,212,49127000-1,https://dnipro-m.ua/tovar/perforator-pryamoj-rh-100/
elektroinstrument,Електроінструмент / Перфоратори,Перфоратор прямий Dnipro-M RH-12,2910.0,4410.0,34,False,4.40,10,22539000-14,https://dnipro-m.ua/tovar/perforator-pryamoj-rh-12/
elektroinstrument,Електроінструмент / Перфоратори,Перфоратор прямий Dnipro-M RH-100Q,2997.0,4020.0,25,False,4.69,244,19776000-10,https://dnipro-m.ua/tovar/perforator-pryamoj-rh-100q/
elektroinstrument,Електроінструмент / Перфоратори,Перфоратор бочковий Dnipro-M BH-10,2997.0,3780.0,21,False,4.57,42,17554000-1,https://dnipro-m.ua/tovar/perforator-bochkovoj-bh-10/
elektroinstrument,Електроінструмент / Перфоратори,Перфоратор прямий Dnipro-M RH-30AV,3150.0,3870.0,19,False,4.57,7,48216000-3,https://dnipro-m.ua/tovar/perforator-pryamij-rh-30av/
elektroinstrument,Електроінструмент / Перфоратори,Перфоратор прямий Dnipro-M RH-12Q,3150.0,4710.0,33,False,3.45,11,22540000-5,https://dnipro-m.ua/tovar/perforator-pryamoj-rh-12q/
elektroinstrument,Електроінструмент / Перфоратори,Перфоратор прямий Dnipro-M RH-16,3450.0,4800.0,28,False,4.19,70,22541000-3,https://dnipro-m.ua/tovar/perforator-pryamoj-rh-16/
elektroinstrument,Електроінструмент / Перфоратори,Перфоратор бочковий Dnipro-M BH-14S,3699.0,4350.0,15,True,4.53,107,22557000-5,https://dnipro-m.ua/tovar/perforator-bochkovoj-bh-14s/
elektroinstrument,Електроінструмент / Перфоратори,Перфоратор бочковий Dnipro-M BH-20,4098.0,4950.0,17,True,4.50,222,17557000-3,https://dnipro-m.ua/tovar/perforator-bochkovoj-bh-20/
elektroinstrument,Електроінструмент / Перфоратори,Перфоратор прямий Dnipro-M RH-34 ULTRA + Шліфмашина кутова Dnipro-M GS-98M,4998.0,6699.0,25,True,4.60,20,48563000-3,https://dnipro-m.ua/tovar/sale-perforator-pryamij-rh-34-ultra-shlifmashina-kutova-gs-98m/
elektroinstrument,Електроінструмент / Перфоратори,Перфоратор бочковий Dnipro-M BH-30,7590.0,,,True,4.68,41,17559000,https://dnipro-m.ua/tovar/perforator-bochkovoj-bh-30/
elektroinstrument,Електроінструмент / Перфоратори,Перфоратор бочковий Dnipro-M BH-40,12900.0,21999.0,41,False,5.00,23,17562000-1,https://dnipro-m.ua/tovar/perforator-bochkovoj-bh-40/
elektroinstrument,Електроінструмент / Пістолети клейові,Клейовий пістолет Dnipro-M GF 100,738.0,,,False,4.71,146,16769001,https://dnipro-m.ua/tovar/kleevoj-pistolet-gf-100/
elektroinstrument,Електроінструмент / Реноватори,Мережевий реноватор Dnipro-M MF-42SE,2820.0,3897.0,28,False,4.63,111,98698000-1,https://dnipro-m.ua/tovar/setevoj-renovator-mf-42se/
elektroinstrument,Електроінструмент / Реноватори,Мережевий реноватор Dnipro-M MF-42SEQ,3150.0,3897.0,19,False,4.64,25,83226000-2,https://dnipro-m.ua/tovar/merezhevij-renovator-mf-42seq/
elektroinstrument,Електроінструмент / Фарбопульти електричні,Фарбопульт пневматичний Dnipro-M PG-15P,498.0,,,True,4.35,48,81342000,https://dnipro-m.ua/tovar/kraskopult-pnevmaticheskij-dnipro-m-fp-1560p/
elektroinstrument,Електроінструмент / Фарбопульти електричні,Фарбопульт пневматичний Dnipro-M SG-13H,1350.0,,,True,4.07,15,99193000,https://dnipro-m.ua/tovar/farbopult-pnevmatichnij-sg-13h/
elektroinstrument,Електроінструмент / Фарбопульти електричні,Фарбопульт пневматичний Dnipro-M SG-18L,1425.0,,,True,4.55,11,99194000,https://dnipro-m.ua/tovar/farbopult-pnevmatichnij-sg-18l/
elektroinstrument,Електроінструмент / Фарбопульти електричні,Фарбопульт електричний Dnipro-M SF-80,1980.0,,,False,4.93,14,78940000,https://dnipro-m.ua/tovar/rozpilyuvalnij-pistolet-sf-80/
elektroinstrument,Електроінструмент / Фарбопульти електричні,Фарбопульт електричний Dnipro-M SH-90,2397.0,2619.0,8,True,4.59,112,17845000-1,https://dnipro-m.ua/tovar/kraskopult-elektricheskij-sh-90/
elektroinstrument,Електроінструмент / Фарбопульти електричні,Фарбопульт електричний Dnipro-M SF-100,3300.0,,,True,4.73,167,17844000,https://dnipro-m.ua/tovar/kraskopult-elektricheskij-sf-100/
elektroinstrument,Електроінструмент / Фрезери,Фрезер Dnipro-M ЕR-120S,2700.0,3990.0,32,False,4.61,70,46930000-1,https://dnipro-m.ua/tovar/frezer-er-120s/
elektroinstrument,Електроінструмент / Фрезери,Фрезер Dnipro-M ER-70S,2820.0,3150.0,10,True,4.39,156,16425000-1,https://dnipro-m.ua/tovar/frezer-er-70s/
elektroinstrument,Електроінструмент / Фрезери,Фрезер Dnipro-M ЕR-160S,4398.0,5100.0,14,True,4.68,115,46931000-2,https://dnipro-m.ua/tovar/frezer-er-160s/
elektroinstrument,Електроінструмент / Фрезери,Фрезер Dnipro-M ЕR-210LX,5400.0,7500.0,28,False,4.65,168,08635000-2,https://dnipro-m.ua/tovar/frezer-er-210lx/
elektroinstrument,Електроінструмент / Циркулярні пили,Циркулярна пила Dnipro-M CS-185M,2499.0,3189.0,22,True,4.65,72,58728000-1,https://dnipro-m.ua/tovar/cirkularna-pila-cs-185m/
elektroinstrument,Електроінструмент / Циркулярні пили,Циркулярна пила Dnipro-M CS-185LX,3300.0,3897.0,15,True,4.77,193,16848000-1,https://dnipro-m.ua/tovar/czirkulyarnaya-pila-cs-185lx/
elektroinstrument,Електроінструмент / Циркулярні пили,Циркулярна пила Dnipro-M CS-210,4998.0,6498.0,23,False,4.56,82,80614000-2,https://dnipro-m.ua/tovar/pila-tsirkularnaya-cs-210/
elektroinstrument,Електроінструмент / Циркулярні пили,Циркулярна пила Dnipro-M CS-235 IN,6297.0,8160.0,23,False,4.64,90,80615000-1,https://dnipro-m.ua/tovar/pila-tsirkularnaya-cs-235in/
elektroinstrument,Електроінструмент / Шабельні пили,Ножівка пневматична Dnipro-M PS-90,1140.0,2175.0,48,False,4.73,15,98687000-5,https://dnipro-m.ua/tovar/nozhovka-pnevmaticheskaya-ps-90/
elektroinstrument,Електроінструмент / Шабельні пили,Шабельна пила Dnipro-M SR-115,3000.0,3960.0,24,False,4.46,79,49993000-1,https://dnipro-m.ua/tovar/sabelnaya-pila-sr-115/
elektroinstrument,Електроінструмент / Шабельні пили,Шабельна пила Dnipro-M SR-210 RX,4500.0,5640.0,20,False,4.86,22,41548000-1,https://dnipro-m.ua/tovar/sabelna-pila-sr-210-rx/
elektroinstrument,Електроінструмент / Шліфувальний інструмент,Шліфмашина вібраційна Dnipro-M PS-30S,1380.0,2148.0,36,False,4.85,78,80618000-4,https://dnipro-m.ua/tovar/shlifmashina-vibratsionnaya-ps-30s/
elektroinstrument,Електроінструмент / Шліфувальний інструмент,Шліфмашина ексцентрикова пневматична Dnipro-M PS-15A,1920.0,,,False,4.60,5,99137000,https://dnipro-m.ua/tovar/shlifmashina-eksczentrikova-pnevmatichna-ps-15a/
elektroinstrument,Електроінструмент / Шліфувальний інструмент,Шліфмашина ексцентрикова Dnipro-M PE-29S,1950.0,,,False,4.14,36,83666000,https://dnipro-m.ua/tovar/shlifmashina-eksczentrikova-pe-29s/
elektroinstrument,Електроінструмент / Шліфувальний інструмент,Стрічкова шліфувальна машина Dnipro-M BS-94S,2190.0,3648.0,40,False,4.60,101,81033000-1,https://dnipro-m.ua/tovar/lentochnaya-shlifovalnaya-mashina-bs-94s/
elektroinstrument,Електроінструмент / Шліфувальний інструмент,Шліфмашина ексцентрикова Dnipro-M PE-50S,2430.0,,,True,4.80,338,80890000,https://dnipro-m.ua/tovar/shlifmashina-ekstsentrikovaya-pe-50s/
elektroinstrument,Електроінструмент / Шліфувальний інструмент,Стрічкова шліфувальна машина Dnipro-M BS-100S,2490.0,3399.0,27,False,4.00,50,59527000-1,https://dnipro-m.ua/tovar/strichkova-shlifuvalna-mashina-bs-100s/
elektroinstrument,Електроінструмент / Шліфувальний інструмент,Стрічкова шліфувальна машина Dnipro-M BS-100SN,2940.0,3300.0,11,True,4.17,6,48311000-1,https://dnipro-m.ua/tovar/strichkova-shlifuvalna-mashina-bs-100sn/
elektroinstrument,Електроінструмент / Шліфувальний інструмент,Шліфмашина ексцентрикова Dnipro-M PE-35 RX,7998.0,9690.0,17,False,4.11,35,83698000-3,https://dnipro-m.ua/tovar/shlifmashina-eksczentrikova-pe-35-rx/
elektroinstrument,Електроінструмент / Шліфувальний інструмент,Шліфмашина для стін Dnipro-M WS-225S,9198.0,10485.0,12,True,4.34,35,83699000-3,https://dnipro-m.ua/tovar/shlifmashina-dlya-stin-ws-225s/
elektroinstrument,Електроінструмент / Шуруповерти,Дриль-шуруповерт мережевий Dnipro-M TD-30,972.0,1149.0,15,False,4.68,128,16488000-1,https://dnipro-m.ua/tovar/drel-shurupovert-setevaya-td-30/
elektroinstrument,Електроінструмент / Шуруповерти,Дриль-шуруповерт мережевий Dnipro-M TD-32Q,1698.0,,,True,4.51,94,16449000,https://dnipro-m.ua/tovar/drel-shurupovert-setevaya-td-32q/
elektroinstrument,Електроінструмент / Шуруповерти,Дриль-шуруповерт мережевий Dnipro-M TD-42,1698.0,2097.0,19,False,4.54,123,16244000-1,https://dnipro-m.ua/tovar/drel-shurupovert-setevaya-td-42/
elektroinstrument,Електроінструмент / Шуруповерти / Стрічкові шуруповерти,Мережевий шуруповерт Dnipro-M SD-55A,1497.0,4299.0,65,True,5.00,20,17766000-3,https://dnipro-m.ua/tovar/setevoj-shurupovyort-sd-55a/
elektroinstrument,Запчастини та аксесуари для інструментів / Аксесуари для інструментів та обладнання / Аксесуари для шліфмашини,Аксессуари до шліфувально-гравіювальних машин Dnipro-M Гнучкий вал FS-10,840.0,,,True,4.10,10,84297000,https://dnipro-m.ua/tovar/aksessuari-do-shlifuvalno-graviyuvalnikh-mashin-gnuchkij-val-fs-10/
elektroinstrument,Ручний інструмент / Будівельні степлери,Степлер електричний Dnipro-M ES-16,1170.0,1599.0,27,False,4.33,80,81632000-1,https://dnipro-m.ua/tovar/stepler-elektricheskij-es-16/
elektroinstrument,Ручний інструмент / Будівельні степлери,Степлер електричний Dnipro-M EN-25,1860.0,2799.0,34,False,4.57,128,49420000-1,https://dnipro-m.ua/tovar/stepler-elektricheskij-en-25/
elektroinstrument,Ручний інструмент / Будівельні степлери,Степлер електричний Dnipro-M EN-25L,2490.0,3150.0,21,True,4.17,6,78939000-2,https://dnipro-m.ua/tovar/stepler-elektrichnij-en-25l/
kompressory-i-aksessuary,Автомобільні товари / Гайковерти,Гайковерт пневматичний Dnipro-M PW-68C,1890.0,3690.0,49,False,4.47,49,98691000-7,https://dnipro-m.ua/tovar/gajkovert-pnevmaticheskij-pw-68c/
kompressory-i-aksessuary,Автомобільні товари / Гайковерти,Гайковерт пневматичний Dnipro-M PW-88,2499.0,4389.0,43,False,4.48,44,98690000-7,https://dnipro-m.ua/tovar/gajkovert-pnevmaticheskij-pw-88/
kompressory-i-aksessuary,Автомобільні товари / Гайковерти,Гайковерт пневматичний Dnipro-M PW-40С,3159.0,,,True,5.00,5,99261000,https://dnipro-m.ua/tovar/gajkovert-pnevmatichnij-pw-40c/
kompressory-i-aksessuary,Автомобільні товари / Гайковерти,Гайковерт пневматичний Dnipro-M PW-70,4590.0,,,True,4.44,9,99138000,https://dnipro-m.ua/tovar/gajkovert-pnevmatichnij-pw-70/
kompressory-i-aksessuary,Автомобільні товари / Ключі та набори ключів,Тріскачка пневматична Dnipro-M PR-88,1197.0,2490.0,52,False,4.61,28,98692000-5,https://dnipro-m.ua/tovar/treshhotka-pnevmaticheskaya-pr-88/
kompressory-i-aksessuary,Компресори і пневмоінструменти / Аксесуари до компресорів,Пістолет продувний Dnipro-M BS-11,264.0,,,True,4.75,12,81344000,https://dnipro-m.ua/tovar/pistolet-produvochnyj-dnipro-m-po-1121/
kompressory-i-aksessuary,Компресори і пневмоінструменти / Аксесуари до компресорів,Пістолет піскоструминний Dnipro-M SG-10,315.0,489.0,36,False,3.69,29,81351000-1,https://dnipro-m.ua/tovar/pistolet-peskostrujnyj-pp-1010a/
kompressory-i-aksessuary,Компресори і пневмоінструменти / Аксесуари до компресорів,Пістолет для накачування коліс Dnipro-M IG-16,399.0,,,False,3.90,41,81345000,https://dnipro-m.ua/tovar/pistolet-dlya-nakachivaniya-koles-dnipro-m-pn-6037/
kompressory-i-aksessuary,Компресори і пневмоінструменти / Аксесуари до компресорів,Розпилювач будівельних сумішей Dnipro-M MG-46A,1197.0,,,True,4.18,11,21438000,https://dnipro-m.ua/tovar/raspylitel-stroitelnykh-smesej-mg-46a/
kompressory-i-aksessuary,Компресори і пневмоінструменти / Аксесуари до компресорів,Набір пневмоінструменту Dnipro-M AS-5,1479.0,,,True,4.68,62,81347000,https://dnipro-m.ua/tovar/nabor-pnevmoinstrumenta-np-5s-dnipro-m/
kompressory-i-aksessuary,Компресори і пневмоінструменти / Оливи для компресорів,Олива для пневмоінструменту Dnipro-M 0.5 л,189.0,,,True,5.00,9,16485000,https://dnipro-m.ua/tovar/maslo-dlya-pnevmoinstrumenta-05-l/
kompressory-i-aksessuary,Компресори і пневмоінструменти / Оливи для компресорів,Олива компресорна Dnipro-M мінеральна 1.0 л,297.0,,,True,4.00,9,84661000,https://dnipro-m.ua/tovar/oliva-kompresorna-mineralna-1-l/
kompressory-i-aksessuary,Компресори і пневмоінструменти / Оливи для компресорів,Олива компресорна Dnipro-M синтетична 1.0 л,375.0,,,True,,0,84662000,https://dnipro-m.ua/tovar/oliva-kompresorna-sintetichna-1-l/
kompressory-i-aksessuary,Компресори і пневмоінструменти / Повітряні компресори,Компресор повітряний Dnipro-M AC-9NL,5898.0,7299.0,19,False,4.68,53,22428000-1,https://dnipro-m.ua/tovar/kompressor-vozdushnyj-ac-9nl/
kompressory-i-aksessuary,Компресори і пневмоінструменти / Повітряні компресори,Компресор повітряний Dnipro-M AC-20,5997.0,7890.0,24,True,4.68,88,08726000-1,https://dnipro-m.ua/tovar/kompressor-vozdushnyj-ac-20/
kompressory-i-aksessuary,Компресори і пневмоінструменти / Повітряні компресори,Компресор повітряний безмасляний Dnipro-M AC-9NLP,6360.0,,,True,4.88,8,78662000,https://dnipro-m.ua/tovar/kompresor-povitryanij-bezmaslyanij-ac-9nlp/
kompressory-i-aksessuary,Компресори і пневмоінструменти / Повітряні компресори,Компресор повітряний Dnipro-M AC-48,8199.0,10170.0,19,True,4.36,83,08728000-2,https://dnipro-m.ua/tovar/kompressor-vozdushnyj-ac-48/
kompressory-i-aksessuary,Компресори і пневмоінструменти / Повітряні компресори,Компресор повітряний Dnipro-M AC-50LX,8697.0,11697.0,26,False,4.75,80,08729000-2,https://dnipro-m.ua/tovar/kompressor-vozdushnyj-ac-50lx/
kompressory-i-aksessuary,Компресори і пневмоінструменти / Повітряні компресори,Компресор повітряний Dnipro-M AC-24NL,8970.0,,,True,5.00,10,84970000,https://dnipro-m.ua/tovar/kompresor-povitryanij-ac-24nl/
kompressory-i-aksessuary,Компресори і пневмоінструменти / Повітряні компресори,Компресор повітряний Dnipro-M AC-50NL,12999.0,15795.0,18,True,4.31,13,99001000-1,https://dnipro-m.ua/tovar/kompresor-povitryanij-ac-50nl/
kompressory-i-aksessuary,Компресори і пневмоінструменти / Повітряні компресори,Компресор повітряний Dnipro-M AC-50 V + Гайковерт пневматичний PW-40C,14397.0,19056.0,24,True,4.41,291,80967000-13,https://dnipro-m.ua/tovar/sale-kompresor-povitryanij-ac-50-v-gajkovert-pnevmatichnij-pw-40c/
kompressory-i-aksessuary,Компресори і пневмоінструменти / Повітряні компресори,Компресор повітряний Dnipro-M AC-50 VG,17199.0,21690.0,21,True,4.59,158,80979000-4,https://dnipro-m.ua/tovar/kompressor-ac-50-vg/
kompressory-i-aksessuary,Компресори і пневмоінструменти / Повітряні компресори,Компресор повітряний Dnipro-M AC-100 VG,20997.0,26970.0,22,False,4.58,143,80980000-4,https://dnipro-m.ua/tovar/kompressor-ac-100-vg/
kompressory-i-aksessuary,Компресори і пневмоінструменти / Повітряні компресори,Компресор повітряний Dnipro-M AC-100 VGP,25497.0,30990.0,18,True,4.20,15,48399000-1,https://dnipro-m.ua/tovar/kompresor-povitryanij-ac-100-vgp/
kompressory-i-aksessuary,Компресори і пневмоінструменти / Пристрої підготовки та очищення повітря,Маслорозпилювач-міні Dnipro-M LP-8,78.0,120.0,35,True,4.33,6,16366000-1,https://dnipro-m.ua/tovar/masloraspylitel-mini-lp-8/
kompressory-i-aksessuary,Компресори і пневмоінструменти / Пристрої підготовки та очищення повітря,Маслорозпилювач Dnipro-M LP-75,240.0,459.0,48,True,5.00,4,16369000-2,https://dnipro-m.ua/tovar/masloraspylitel-lp-75/
kompressory-i-aksessuary,Компресори і пневмоінструменти / Пристрої підготовки та очищення повітря,Фільтр Dnipro-M FP-140,333.0,492.0,32,False,4.44,34,16368000-1,https://dnipro-m.ua/tovar/filtr-fp-140/
kompressory-i-aksessuary,Компресори і пневмоінструменти / Пристрої підготовки та очищення повітря,Фільтр регулятор Dnipro-M FP-140R,699.0,,,True,4.03,39,16367000,https://dnipro-m.ua/tovar/filtr-regulyator-fp-140r/
kompressory-i-aksessuary,Компресори і пневмоінструменти / Пристрої підготовки та очищення повітря,Блок підготовки повітря Dnipro-M BP-140 RM,969.0,,,True,4.78,18,16371000,https://dnipro-m.ua/tovar/blok-podgotovki-vozdukha-bp-140-rm/
kompressory-i-aksessuary,Компресори і пневмоінструменти / Шланги для компресорів,Шланг повітряний Dnipro-M AH-35,225.0,,,False,4.00,4,81375005,https://dnipro-m.ua/tovar/shlang-vozdushnyy-dnipro-m-5x8-5m/
kompressory-i-aksessuary,Компресори і пневмоінструменти / Шланги для компресорів,Шланг повітряний Dnipro-M AH-310,390.0,,,False,4.07,14,81375006,https://dnipro-m.ua/tovar/shlang-vozdushnyy-dnipro-m-5x8-10m/
kompressory-i-aksessuary,Компресори і пневмоінструменти / Шланги для компресорів,Шланг повітряний Dnipro-M AH-315,525.0,,,True,4.00,11,81375007,https://dnipro-m.ua/tovar/shlang-vozdushnyy-dnipro-m-5x8-15m/
kompressory-i-aksessuary,Компресори і пневмоінструменти / Шланги для компресорів,Шланг повітряний гумовий Dnipro-M AH-510 R,825.0,,,True,4.23,39,08392002,https://dnipro-m.ua/tovar/shlang-vozdushnyj-rezinovyj-ah-510-r/
kompressory-i-aksessuary,Компресори і пневмоінструменти / Шланги для компресорів,Шланг повітряний Dnipro-M AH-420,1185.0,,,True,3.87,15,81375004,https://dnipro-m.ua/tovar/shlang-vozdushnyy-dnipro-m-8x12-20m/
kompressory-i-aksessuary,Компресори і пневмоінструменти / Шланги для компресорів,Шланг повітряний гумовий Dnipro-M AH-520 R,1545.0,,,True,4.00,18,08392003,https://dnipro-m.ua/tovar/shlang-vozdushnyj-rezinovyj-ah-520-r/
kompressory-i-aksessuary,Ручний інструмент / Будівельні степлери,Пневматичний степлер Dnipro-M PN-22S,1260.0,2100.0,40,False,4.22,23,21956000-1,https://dnipro-m.ua/tovar/pnevmaticheskij-stepler-pn-22s/
kompressory-i-aksessuary,Ручний інструмент / Будівельні степлери,Пневматичний степлер Dnipro-M PN-30P,1410.0,1890.0,25,False,4.50,14,21922000-1,https://dnipro-m.ua/tovar/pnevmaticheskij-stepler-pn-30p/
kompressory-i-aksessuary,Ручний інструмент / Будівельні степлери,Пневматичний степлер Dnipro-M PN-50SN,1680.0,2550.0,34,False,4.62,21,21924000-2,https://dnipro-m.ua/tovar/pnevmaticheskij-stepler-pn-50sn/
oborudovanie,Будівельне обладнання / Бетонозмішувачі,Бетонозмішувач Dnipro-M CM-130С,12597.0,,,False,4.74,38,72614000,https://dnipro-m.ua/tovar/betonomeshalka-sm-130c/
oborudovanie,Будівельне обладнання / Бетонозмішувачі,Бетонозмішувач Dnipro-M СМ-165С,13485.0,,,False,4.35,43,81125000,https://dnipro-m.ua/tovar/betonosmesitel-sm-165s/
oborudovanie,Будівельне обладнання / Будівельні міксери,Міксер будівельний Dnipro-M BM-142S,3897.0,4860.0,20,True,4.46,162,16957000-1,https://dnipro-m.ua/tovar/mikser-stroitelnyj-bm-142s/
oborudovanie,Будівельне обладнання / Будівельні пилососи,Пилосос для сухого та вологого прибирання Dnipro-M VCW-20SA,4998.0,5799.0,14,True,4.10,295,41214000-2,https://dnipro-m.ua/tovar/pylesos-dlya-sukhoj-i-vlazhnoj-uborki-vcw-20sa/
oborudovanie,Будівельне обладнання / Будівельні пилососи,Пилосос для сухого та вологого прибирання Dnipro-M VCW-30SA Autoclean,10899.0,12498.0,13,True,4.11,91,52478000-1,https://dnipro-m.ua/tovar/pylesos-dlya-sukhoj-i-vlazhnoj-uborki-vcw-30sa-autoclean/
oborudovanie,Будівельне обладнання / Відбійні молотки,Відбійний молоток Dnipro-M SH-8HP,5799.0,6480.0,11,True,5.00,4,99307000-1,https://dnipro-m.ua/tovar/vidbijnij-molotok-sh-8hp/
oborudovanie,Будівельне обладнання / Відбійні молотки,Відбійний молоток Dnipro-M SH-25H,9960.0,,,False,4.96,25,17565000,https://dnipro-m.ua/tovar/otbojnyj-molotok-sh-25h/
oborudovanie,Будівельне обладнання / Відбійні молотки,Відбійний молоток Dnipro-M SH-45,11250.0,14190.0,21,True,4.56,27,17567000-1,https://dnipro-m.ua/tovar/otbojnyj-molotok-sh-45/
oborudovanie,Будівельне обладнання / Драбини / Драбини-стрем'янки,"Драбина-стрем'янка двостороння DNIPRO-M FL-80, 2х4",2460.0,,,True,5.00,19,78852000,https://dnipro-m.ua/tovar/drabina-stremyanka-dvostoronnya-fl-80/
oborudovanie,Будівельне обладнання / Драбини / Драбини-стрем'янки,Драбина-стрем'янка алюмінієва Dnipro-M ST-5,2990.0,,,True,4.27,11,48805000,https://dnipro-m.ua/tovar/drabina-stremyanka-alyuminiyeva-st-5/
oborudovanie,Будівельне обладнання / Драбини / Драбини-стрем'янки,Драбина-стрем'янка алюмінієва Dnipro-M Alteza 3 сх,3240.0,,,True,4.38,37,08163001,https://dnipro-m.ua/tovar/lestnicza-stremyanka-alteza-3-st/
oborudovanie,Будівельне обладнання / Драбини / Драбини-стрем'янки,Драбина-стрем'янка алюмінієва Dnipro-M ST-6,3620.0,,,True,4.80,15,48806000,https://dnipro-m.ua/tovar/drabina-stremyanka-alyuminiyeva-st-6/
oborudovanie,Будівельне обладнання / Драбини / Драбини-стрем'янки,Драбина-стрем'янка алюмінієва Dnipro-M Alteza 4 сх,3960.0,,,True,4.56,52,08163002,https://dnipro-m.ua/tovar/lestnicza-stremyanka-alteza-4-st/
oborudovanie,Будівельне обладнання / Драбини / Драбини-трансформери,Металева платформа Dnipro-M SP-44 4*4,565.0,,,False,5.00,2,80468002,https://dnipro-m.ua/tovar/metallicheskaya-platforma-sp-44-44/
oborudovanie,Будівельне обладнання / Драбини / Драбини-трансформери,Драбина алюмінієва трансформер Dnipro-M MP-43Р 3 ст,4698.0,6699.0,30,False,4.79,56,80467003-2,https://dnipro-m.ua/tovar/lestnitsa-alyuminiyevaya-transformer-mp-43p/
oborudovanie,Будівельне обладнання / Драбини / Драбини-трансформери,Драбина шарнірна алюмінієва Dnipro-M MP-35P 4х3,5985.0,,,True,4.71,14,78854000,https://dnipro-m.ua/tovar/drabina-sharnirna-alyuminiyeva-mp-35p/
oborudovanie,Будівельне обладнання / Драбини / Драбини-трансформери,Драбина шарнірна алюмінієва Dnipro-M MP-46 4х4,6795.0,,,True,4.33,15,78853000,https://dnipro-m.ua/tovar/drabina-sharnirna-alyuminiyeva-mp-46/
oborudovanie,Будівельне обладнання / Драбини / Драбини-трансформери,Драбина шарнірна телескопічна Dnipro-M MultiStep 34,7980.0,,,True,5.00,1,37407000,https://dnipro-m.ua/tovar/drabyna-sharnirna-teleskopichna-multistep-34/
oborudovanie,Будівельне обладнання / Драбини / Телескопічні драбини,Драбина алюмінієва телескопічна Dnipro-M TL126 9 сх 2.6 м,3198.0,4185.0,24,False,4.00,16,81024001-2,https://dnipro-m.ua/tovar/lestnitsa-alyuminiyevaya-teleskopicheskaya-tl126/
oborudovanie,Будівельне обладнання / Драбини / Телескопічні драбини,Драбина алюмінієва телескопічна Dnipro-M TL132 11 сх 3.2 м,5460.0,,,True,4.59,22,81024002,https://dnipro-m.ua/tovar/lestnitsa-alyuminiyevaya-teleskopicheskaya-tl132/
oborudovanie,Будівельне обладнання / Драбини / Телескопічні драбини,Драбина алюмінієва телескопічна Dnipro-M TL138 13 сх 3.8 м,6270.0,,,True,4.13,23,81024003,https://dnipro-m.ua/tovar/lestnitsa-alyuminiyevaya-teleskopicheskaya-tl138/
oborudovanie,Будівельне обладнання / Драбини / Універсальні драбини,Драбина алюмінієва універсальна Dnipro-M CL-49 PRO 3х8 сх,9840.0,11850.0,17,True,4.79,19,15479001-1,https://dnipro-m.ua/tovar/lestnicza-alyuminievaya-universalnaya-cl-49-pro-8-st/
oborudovanie,Будівельне обладнання / Драбини / Універсальні драбини,Драбина алюмінієва універсальна Dnipro-M CL-65 PRO 3х10 сх,12198.0,14250.0,14,True,4.68,59,15479002-1,https://dnipro-m.ua/tovar/lestnicza-alyuminievaya-universalnaya-cl-65-pro-10-st/
oborudovanie,Будівельне обладнання / Мережеві подовжувачі,"Подовжувач електричний Dnipro-M SE2 3x1,5мм² 15 м",1497.0,,,True,4.50,14,58299000,https://dnipro-m.ua/tovar/podovzuvach-elektricnij-se2-3x1-5mm-15-m/
oborudovanie,Будівельне обладнання / Мережеві подовжувачі,"Подовжувач на котушці Dnipro-M SE4 3x1,5мм² 20 м",2790.0,,,True,4.25,12,58292000,https://dnipro-m.ua/tovar/podovzuvach-na-kotushci-se4-3x1-5mm-20-m/
oborudovanie,Будівельне обладнання / Мережеві подовжувачі,"Подовжувач на котушці Dnipro-M SE1 3x1,5мм² 25 м",2997.0,,,True,5.00,6,58295000,https://dnipro-m.ua/tovar/podovzuvach-na-kotushci-se1-3x1-5mm-25-m/
oborudovanie,Будівельне обладнання / Мережеві подовжувачі,"Подовжувач на котушці Dnipro-M SE4 3x2,5мм² 25 м",4260.0,,,True,4.31,26,58294000,https://dnipro-m.ua/tovar/podovzuvach-na-kotushci-se4-3x2-5mm-25-m/
oborudovanie,Будівельне обладнання / Мережеві подовжувачі,"Подовжувач на котушці Dnipro-M SE4 3x1,5мм² 40 м",4320.0,,,True,4.50,12,58293000,https://dnipro-m.ua/tovar/podovzuvach-na-kotushci-se4-3x1-5mm-40-m/
oborudovanie,Будівельне обладнання / Мережеві подовжувачі,"Подовжувач на котушці Dnipro-M ST4 3x2, 5мм² 50 м",7485.0,,,True,4.36,11,83254000,https://dnipro-m.ua/tovar/podovzuvach-na-kotuschi-st4-3x2-5mm-50-m/
oborudovanie,Будівельне обладнання / Обігрівачі / Обігрівачі інфрачервоні,Мобільне кріплення для обігрівачів серії TWP Dnipro-M,210.0,297.0,29,False,1.00,1,58817000-1,https://dnipro-m.ua/tovar/mobilne-kriplennya-dlya-obigrivachiv-serii-twp/
oborudovanie,Будівельне обладнання / Обігрівачі / Тепловентилятори,Тепловентилятор Dnipro-M FH-15,1398.0,,,False,4.49,55,84405000,https://dnipro-m.ua/tovar/teploventilyator-fh-15/
oborudovanie,Будівельне обладнання / Обігрівачі / Теплові гармати,Теплова гармата Dnipro-M FH-30,2460.0,,,True,4.33,12,78552000,https://dnipro-m.ua/tovar/teplova-garmata-fh-30/
oborudovanie,Будівельне обладнання / Плиткорізи ручні,Ролик ріжучий для плиткоріза Dnipro-M 22х6 мм,420.0,,,False,,0,48313000,https://dnipro-m.ua/tovar/rolik-rizhuchij-dlya-plitkoriza-22x6mm/
oborudovanie,Будівельне обладнання / Плиткорізи ручні,Ручний плиткоріз Dnipro-M TC-1200,7260.0,,,True,4.68,28,99627000,https://dnipro-m.ua/tovar/ruchnij-plitkoriz-tc-1200/
oborudovanie,Будівельне обладнання / Штроборізи,Штроборіз Dnipro-M GC-15,5949.0,6798.0,12,False,3.96,84,83665000-3,https://dnipro-m.ua/tovar/shtroboriz-gc-15/
rashodnik,Витратні матеріали / Абразивні диски по металу,"Диск відрізний Dnipro-M Ultra 115 мм 1,0 мм 22,2 мм",15.0,21.0,29,False,4.33,12,82532000-1,https://dnipro-m.ua/tovar/disk-otreznoj-ultra-115-mm-10-mm-222-mm/
rashodnik,Витратні матеріали / Абразивні диски по металу,"Круг відрізний по металу Dnipro-M 125 1,0 22,2 25 шт/уп.",18.0,,,True,5.00,4,48775000,https://dnipro-m.ua/tovar/krug-vidriznij-po-metalu-125-1-0-22-2-25sht/
rashodnik,Витратні матеріали / Абразивні диски по металу,"Диск відрізний Dnipro-M ULTRA 125 мм 1,0 мм 22.2 мм",18.0,27.0,33,False,4.46,35,72320000-1,https://dnipro-m.ua/tovar/disk-otreznoj-ultra-125-10-mm-222-25-sht/
rashodnik,Витратні матеріали / Абразивні диски по металу,"Диск відрізний Dnipro-M Ultra 125 мм 1,2 мм 22.2 мм",18.0,27.0,33,False,4.67,52,72322000-1,https://dnipro-m.ua/tovar/disk-otreznoj-ultra-125-12-mm-222-25-sht/
rashodnik,Витратні матеріали / Абразивні диски по металу,"Диск відрізний Dnipro-M Ultra 125 мм 1,6 мм 22.2 мм",18.0,27.0,33,False,4.31,32,72324000-1,https://dnipro-m.ua/tovar/disk-otreznoj-ultra-125-16-mm-222-25-sht/
rashodnik,Витратні матеріали / Абразивні диски по металу,"Круг відрізний по металу Dnipro-M 125 1,2 22,2 25 шт/уп.",21.0,,,True,5.00,4,48776000,https://dnipro-m.ua/tovar/krug-vidriznij-po-metalu-125-1-2-22-2-25sht/
rashodnik,Витратні матеріали / Абразивні диски по металу,"Круг відрізний по металу Dnipro-M 125 1,6 22,2 25 шт/уп.",21.0,,,True,4.80,5,48778000,https://dnipro-m.ua/tovar/krug-vidriznij-po-metalu-125-1-6-22-2-25sht/
rashodnik,Витратні матеріали / Абразивні диски по металу,"Диск відрізний Dnipro-M ULTRA 125 мм 2,0 мм 22,2 мм",21.0,27.0,22,False,5.00,3,41363000-1,https://dnipro-m.ua/tovar/disk-vidriznij-ultra-125-mm-2-0-mm-22-2-mm/
rashodnik,Витратні матеріали / Абразивні диски по металу,"Круг відрізний по металу Dnipro-M 125 2,0 22,2 25 шт/уп.",24.0,,,True,5.00,5,48779000,https://dnipro-m.ua/tovar/krug-vidriznij-po-metalu-125-2-0-22-2-25sht/
rashodnik,Витратні матеріали / Абразивні диски по металу,"Диск відрізний Dnipro-M Ultra 150 мм 1,2 мм 22.2 мм",27.0,36.0,25,False,4.07,15,72325000-1,https://dnipro-m.ua/tovar/disk-otreznoj-ultra-150-12-mm-222-25-sht/
rashodnik,Витратні матеріали / Абразивні диски по металу,"Круг відрізний по металу Dnipro-M 150 1,2 22,2 25 шт/уп.",33.0,,,True,5.00,5,48780000,https://dnipro-m.ua/tovar/krug-vidriznij-po-metalu-150-1-2-22-2-25sht/
rashodnik,Витратні матеріали / Абразивні диски по металу,"Диск зачисний Dnipro-M Ultra 125 мм 6,0 мм 22.2 мм",36.0,48.0,25,False,4.72,32,72348000-1,https://dnipro-m.ua/tovar/disk-zachistnoj-ultra-125-60-mm-222-5-sht/
rashodnik,Витратні матеріали / Абразивні диски по металу,"Круг зачисний по металу Dnipro-M 125 6,0 22,2 5 шт/уп.",39.0,,,False,4.75,4,48774000,https://dnipro-m.ua/tovar/krug-zachisnij-po-metalu-125-6-0-22-2-5sht/
rashodnik,Витратні матеріали / Абразивні диски по металу,"Диск відрізний Dnipro-M Ultra 180 мм 1,6 мм 22.2 мм",39.0,51.0,24,True,3.50,4,72329000-1,https://dnipro-m.ua/tovar/disk-otreznoj-ultra-180-16-mm-222-25-sht/
rashodnik,Витратні матеріали / Абразивні диски по металу,"Диск відрізний Dnipro-M ULTRA 180 мм 2,0 мм 22,2 мм",39.0,51.0,24,False,5.00,1,41364000-1,https://dnipro-m.ua/tovar/disk-vidriznij-ultra-180-mm-2-0-mm-22-2-mm/
rashodnik,Витратні матеріали / Абразивні диски по металу,"Диск відрізний Dnipro-M ULTRA 230 мм 1.8 мм 22,2 мм",42.0,63.0,33,False,3.00,4,22494000-1,https://dnipro-m.ua/tovar/disk-otreznoj-ultra-230-mm-18-mm-222-mm/
rashodnik,Витратні матеріали / Абразивні диски по металу,"Круг відрізний по металу Dnipro-M 180 1,6 22,2 25 шт/уп.",45.0,,,True,5.00,2,48781000,https://dnipro-m.ua/tovar/krug-vidriznij-po-metalu-180-1-6-22-2-25sht/
rashodnik,Витратні матеріали / Абразивні диски по металу,"Диск відрізний Dnipro-M Ultra 230 мм 2,0 мм 22.2 мм",48.0,63.0,24,True,4.13,8,72331000-1,https://dnipro-m.ua/tovar/disk-otreznoj-ultra-230-20-mm-222-25-sht/
rashodnik,Витратні матеріали / Абразивні диски по металу,"Диск відрізний Dnipro-M Ultra 230 мм 2,5 мм 22.2 мм",54.0,69.0,22,True,3.00,4,72332000-3,https://dnipro-m.ua/tovar/disk-otreznoj-ultra-230-25-mm-222-25-sht/
rashodnik,Витратні матеріали / Абразивні диски по металу,"Круг відрізний по металу Dnipro-M 230 1,8 22,2 25 шт/уп.",60.0,,,True,5.00,4,48782000,https://dnipro-m.ua/tovar/krug-vidriznij-po-metalu-230-1-8-22-2-25sht/
rashodnik,Витратні матеріали / Абразивні диски по металу,"Круг відрізний по металу Dnipro-M 230 2,0 22,2 25 шт/уп.",63.0,,,True,4.88,8,48783000,https://dnipro-m.ua/tovar/krug-vidriznij-po-metalu-230-2-0-22-2-25sht/
rashodnik,Витратні матеріали / Абразивні диски по металу,"Круг відрізний по металу Dnipro-M 230 2,5 22,2 25 шт/уп.",69.0,,,True,4.75,4,48784000,https://dnipro-m.ua/tovar/krug-vidriznij-po-metalu-230-2-5-22-2-25sht/
rashodnik,Витратні матеріали / Абразивні диски по металу,"Диск зачистний Dnipro-M ULTRA 150 мм 6,0 мм 22,2 мм",72.0,,,False,,0,41365000,https://dnipro-m.ua/tovar/disk-zachistnij-ultra-150-mm-6-0-mm-22-2-mm/
rashodnik,Витратні матеріали / Абразивні диски по металу,"Диск зачистний Dnipro-M ULTRA 180 мм 6,0 мм 22,2 мм",81.0,,,False,,0,72345000,https://dnipro-m.ua/tovar/disk-zachistnij-ultra-180-mm-6-0-mm-22-2-mm/
rashodnik,Витратні матеріали / Абразивні диски по металу,"Диск відрізний Dnipro-M Ultra 355 мм 3,0 мм 25,4 мм",138.0,177.0,22,False,3.82,17,82531000-1,https://dnipro-m.ua/tovar/disk-otreznoj-ultra-355-30-mm-254/
rashodnik,Витратні матеріали / Абразивні диски по металу,"Диск зачистний Dnipro-M ULTRA 230 мм 6,0 мм 22,2 мм",150.0,,,True,,0,72349000,https://dnipro-m.ua/tovar/disk-zachistnij-ultra-230-mm-6-0-mm-22-2-mm/
rashodnik,Витратні матеріали / Абразивні диски по металу,"Диск відрізний Dnipro-M Ultra 125 мм 1,0 мм 22.2 мм 10 шт/уп",165.0,282.0,41,False,4.69,32,72321000-2,https://dnipro-m.ua/tovar/disk-otreznoj-ultra-125-10-mm-222-10-sht/
rashodnik,Витратні матеріали / Абразивні диски по металу,"Круг відрізний по металу Dnipro-M 355 3,0 25,4 5 шт/уп.",165.0,,,False,5.00,5,48785000,https://dnipro-m.ua/tovar/krug-vidriznij-po-metalu-355-3-0-25-4-5sht/
rashodnik,Витратні матеріали / Абразивні диски по металу,"Диск відрізний Dnipro-M ULTRA 76 мм 1,0 мм 10 мм 5 шт.",198.0,,,True,4.04,47,17586000,https://dnipro-m.ua/tovar/disk-otreznoj-ultra-76-mm-10-mm-5-sht/
rashodnik,Витратні матеріали / Абразивні диски по металу,"Диск відрізний Dnipro-M Ultra 125 мм 1,2 мм 22,2 мм 10 шт/уп",198.0,285.0,31,True,4.35,26,62022000-1,https://dnipro-m.ua/tovar/disk-otreznoj-ultra-125-12-mm-222-10-sht/
rashodnik,Витратні матеріали / Абразивні диски по металу,"Круг відрізний по металу Dnipro-M 125 1,2 22,2 BOX 10 шт",240.0,,,True,5.00,9,48777000,https://dnipro-m.ua/tovar/krug-vidriznij-po-metalu-125-1-2-22-2-box-10sht/
rashodnik,Витратні матеріали / Алмазні диски,"Алмазний диск Dnipro-M 115 мм 22,2 мм Solid",99.0,153.0,35,True,5.00,6,81944000-1,https://dnipro-m.ua/tovar/almaznyy-disk-115-mm-22-2-plitka/
rashodnik,Витратні матеріали / Алмазні диски,Алмазний диск Dnipro-M 150 22.2 Solid,147.0,312.0,53,True,5.00,1,81951000-1,https://dnipro-m.ua/tovar/almaznyy-disk-150-mm-22-2-plitka/
rashodnik,Витратні матеріали / Алмазні диски,Алмазний диск Dnipro-M 180 мм 25.4 Solid,150.0,378.0,60,True,4.80,10,81957000-1,https://dnipro-m.ua/tovar/almaznyy-disk-180-mm-25-4-plitka/
rashodnik,Витратні матеріали / Алмазні диски,Алмазний диск Dnipro-M 125 22.2 Solid,186.0,,,True,5.00,10,81948000,https://dnipro-m.ua/tovar/almaznyy-disk-125-mm-22-2-plitka/
rashodnik,Витратні матеріали / Алмазні диски,Алмазний диск Дніпро-М 200 25.4 плитка,204.0,297.0,31,False,5.00,3,67584001-1,https://dnipro-m.ua/tovar/almaznyy-disk-200-mm-25-4-plitka/
rashodnik,Витратні матеріали / Алмазні диски,Алмазний диск Dnipro-M 125 22.2 Turbowave,219.0,,,True,4.60,20,81950000,https://dnipro-m.ua/tovar/almaznyy-disk-125-mm-22-2-turbovolna/
rashodnik,Витратні матеріали / Алмазні диски,Алмазний диск Dnipro-M 230 22.2 Solid,300.0,543.0,45,False,5.00,2,81958000-1,https://dnipro-m.ua/tovar/almaznyy-disk-230-mm-22-2-plitka/
rashodnik,Витратні матеріали / Алмазні диски,Алмазний диск Дніпро-М 180 22.2 ULTRA,306.0,570.0,46,False,4.83,6,72525006-1,https://dnipro-m.ua/tovar/almaznyy-disk-180-mm-22-2-ultra/
rashodnik,Витратні матеріали / Алмазні диски,Алмазний диск Dnipro-M Ultra-Ceramics 76 мм 10 мм,330.0,,,True,4.50,20,16824000,https://dnipro-m.ua/tovar/almaznyj-disk-ultra-ceramics-76-mm-10-mm/
rashodnik,Витратні матеріали / Алмазні диски,"Алмазний диск Dnipro-M 150 22,2 мм Deep Cut",333.0,609.0,45,False,5.00,5,82798000-1,https://dnipro-m.ua/tovar/almaznyj-disk-150-22-mm-deep-cut/
rashodnik,Витратні матеріали / Алмазні диски,Алмазний диск Dnipro-M 125 22.2 Ultra,348.0,540.0,36,False,4.69,42,81947000-2,https://dnipro-m.ua/tovar/almaznyy-disk-125-mm-22-2-ultra/
rashodnik,Витратні матеріали / Алмазні диски,"Алмазний диск Dnipro-M 150 22,2 мм Segment",369.0,,,False,4.50,6,81952000,https://dnipro-m.ua/tovar/almaznyy-disk-150-mm-22-2-segment/
rashodnik,Витратні матеріали / Алмазні диски,"Алмазний диск Dnipro-M Extra-Ceramics 150 22,2 мм",390.0,729.0,47,False,4.80,10,19228000-1,https://dnipro-m.ua/tovar/almaznyj-disk-150-22-2-extra-ceramics/
rashodnik,Витратні матеріали / Алмазні диски,Алмазний диск Dnipro-M 180 22.2 Segment,432.0,,,True,4.50,8,81955000,https://dnipro-m.ua/tovar/almaznyy-disk-180-mm-22-2-segment/
rashodnik,Витратні матеріали / Алмазні диски,"Алмазний диск Dnipro-M Extra-Ceramics 125 22,2 мм",447.0,570.0,22,True,4.54,113,81922000-2,https://dnipro-m.ua/tovar/almaznyj-disk-125-22-2-extra-ceramics/
rashodnik,Витратні матеріали / Алмазні диски,Алмазний диск Dnipro-M 230 22.2 Deep Cut,480.0,753.0,36,False,4.57,14,81960000-1,https://dnipro-m.ua/tovar/almaznyy-disk-230-mm-22-2-glubokiy-rez/
rashodnik,Витратні матеріали / Алмазні диски,"Алмазний диск Dnipro-M Extra-Ceramics 115 мм 22,2 мм",483.0,,,True,4.75,16,19227000,https://dnipro-m.ua/tovar/almaznyy-disk-115-mm-22-2-ekstra-keramika/
rashodnik,Витратні матеріали / Алмазні диски,"Алмазний диск Dnipro-M SteelCutter 125 мм 22,2 мм по металу",489.0,,,True,4.61,23,16955001,https://dnipro-m.ua/tovar/almaznyj-disk-steelcutter-125-mm/
rashodnik,Витратні матеріали / Алмазні диски,"Алмазний диск Dnipro-M Grand 125 мм 22,2 мм",507.0,,,True,4.38,13,59382000,https://dnipro-m.ua/tovar/almaznij-disk-grand-125-mm/
rashodnik,Витратні матеріали / Алмазні диски,"Алмазний диск Dnipro-M 230 мм 22,2 мм Ultra",510.0,1128.0,55,False,4.50,12,81959000-1,https://dnipro-m.ua/tovar/almaznyy-disk-230-mm-22-2-ultra/
rashodnik,Витратні матеріали / Алмазні диски,"Алмазний диск Dnipro-M 180 мм 22,2 мм Turbowave",522.0,,,True,3.43,7,81956000,https://dnipro-m.ua/tovar/almaznyy-disk-180-mm-22-2-turbovolna/
rashodnik,Витратні матеріали / Алмазні диски,Алмазний диск Dnipro-M Extra-Ceramics 180 мм 25.4 22.2,540.0,1113.0,51,True,4.53,17,81923000-1,https://dnipro-m.ua/tovar/almaznyy-disk-180-mm-22-2-ekstra-keramika/
rashodnik,Витратні матеріали / Алмазні диски,Алмазний диск Dnipro-M 230 22.2 Segment,573.0,,,True,4.11,9,81961000,https://dnipro-m.ua/tovar/almaznyy-disk-230-mm-22-2-segment/
rashodnik,Витратні матеріали / Алмазні диски,Алмазний диск Dnipro-M 230 22.2 Turbowave,657.0,,,True,4.43,7,81962000,https://dnipro-m.ua/tovar/almaznyy-disk-230-mm-22-2-turbovolna/
rashodnik,Витратні матеріали / Алмазні диски,"Алмазний диск Dnipro-M SteelCutter 230 мм 22,2 мм по металу",660.0,1149.0,43,False,4.70,10,16955002-1,https://dnipro-m.ua/tovar/almaznyj-disk-steelcutter-230-mm/
rashodnik,Витратні матеріали / Алмазні диски,"Шліфувальна алмазна чашка Dnipro-M L-SEGMENT 100 мм 22,2 мм",660.0,1248.0,47,False,4.00,4,20959000-2,https://dnipro-m.ua/tovar/shlifovalnaya-almaznaya-chashka-l-segment-100-mm-222-mm/
rashodnik,Витратні матеріали / Алмазні диски,"Алмазний диск Dnipro-M Grand 150 мм 22,2 мм",687.0,,,False,4.64,11,59383000,https://dnipro-m.ua/tovar/almaznij-disk-grand-150-mm/
rashodnik,Витратні матеріали / Алмазні диски,"Шліфувальна алмазна чашка Dnipro-M Turbo-Pro 100 мм 22,2 мм",699.0,990.0,29,True,5.00,2,20957000-1,https://dnipro-m.ua/tovar/shlifovalnaya-almaznaya-chashka-turbo-pro-100-mm-222-mm/
rashodnik,Витратні матеріали / Алмазні диски,Шліфувальна алмазна чашка Dnipro-M Extra 115 мм 22.2,945.0,,,True,4.10,10,22833000,https://dnipro-m.ua/tovar/slifuvalna-almazna-chaska-extra-115-mm/
rashodnik,Витратні матеріали / Алмазні диски,"Алмазний диск Dnipro-M Extra 45 125 мм 22,2 мм.",990.0,,,True,4.29,14,54453000,https://dnipro-m.ua/tovar/almaznij-disk-extra-45-125mm/
rashodnik,Витратні матеріали / Алмазні диски,"Алмазний диск Dnipro-M Grand 230 мм 22,2 мм",1089.0,,,False,5.00,5,59384000,https://dnipro-m.ua/tovar/almaznij-disk-grand-230-mm/
rashodnik,Витратні матеріали / Алмазні диски,Шліфувальна алмазна чашка Dnipro-M Extra 125 мм 22.2,1152.0,,,True,4.30,20,22834000,https://dnipro-m.ua/tovar/slifuvalna-almazna-chaska-extra-125-mm/
rashodnik,Витратні матеріали / Алмазні диски,Алмазний диск Dnipro-M Segment 350 мм 32 мм 25.4,1749.0,,,True,4.36,22,97829000,https://dnipro-m.ua/tovar/almaznyy-disk-350-mm-32-segment/
rashodnik,Витратні матеріали / Бури та зубила,Бур Дніпро-М S4L 8 мм 110 мм SDS+,18.0,36.0,50,False,5.00,1,67568033-1,https://dnipro-m.ua/tovar/bur-dnipro-m-sds-plus-8-110/
rashodnik,Витратні матеріали / Бури та зубила,Бур Дніпро-М S4L 10 мм 110 мм SDS+,21.0,48.0,56,False,5.00,2,67568001-1,https://dnipro-m.ua/tovar/bur-dm-s4l-10-mm-110-mm-sds/
rashodnik,Витратні матеріали / Бури та зубила,Бур Дніпро-М S4L 4 мм 160 мм SDS+,27.0,,,True,5.00,1,67568026,https://dnipro-m.ua/tovar/440/
rashodnik,Витратні матеріали / Бури та зубила,Бур Dnipro-M SDS+ S4L (10 мм) 110 мм,33.0,54.0,39,False,,0,82054001-1,https://dnipro-m.ua/tovar/bur-dnipro-m-sds-plus-10-110/
rashodnik,Витратні матеріали / Бури та зубила,Бур Дніпро-М S4L 8 мм 260 мм SDS+,36.0,75.0,52,False,5.00,1,67568036-1,https://dnipro-m.ua/tovar/bur-dm-s4l-8-mm-260-mm-sds/
rashodnik,Витратні матеріали / Бури та зубила,Бур Дніпро-М S4L 8 мм 310 мм SDS+,39.0,84.0,54,False,,0,67568037-1,https://dnipro-m.ua/tovar/bur-dm-s4l-8-mm-310-mm-sds/
rashodnik,Витратні матеріали / Бури та зубила,Бур Дніпро-М S4L 14 мм 160 мм SDS+,39.0,78.0,50,False,5.00,2,67568015-1,https://dnipro-m.ua/tovar/bur-dm-s4l-14-mm-160-mm-sds/
rashodnik,Витратні матеріали / Бури та зубила,Бур Дніпро-М SDS + S4L 12 мм 260 мм,42.0,87.0,52,False,5.00,1,67568012-1,https://dnipro-m.ua/tovar/bur-dm-s4l-12-mm-260-mm-sds/
rashodnik,Витратні матеріали / Бури та зубила,Бур Дніпро-М S4L 14 мм 210 мм SDS+,42.0,87.0,52,False,5.00,2,67568016-1,https://dnipro-m.ua/tovar/bur-dm-s4l-14-mm-210-mm-sds/
rashodnik,Витратні матеріали / Бури та зубила,Бур Дніпро-М S4L 8 мм 450 мм SDS+,57.0,120.0,52,False,5.00,2,67568038-1,https://dnipro-m.ua/tovar/bur-dm-s4l-8-mm-450-mm-sds/
rashodnik,Витратні матеріали / Бури та зубила,Бур Dnipro-M SDS+ S4L (5 мм) 110 мм,60.0,,,True,4.70,10,82054026,https://dnipro-m.ua/tovar/bur-dnipro-m-sds-plus-5-110/
rashodnik,Витратні матеріали / Бури та зубила,Бур Dnipro-M SDS+ S4L (8 мм) 310 мм,60.0,93.0,35,False,,0,82054035-1,https://dnipro-m.ua/tovar/bur-dnipro-m-sds-plus-8-310/
rashodnik,Витратні матеріали / Бури та зубила,Бур Dnipro-M SDS+ S4L (4 мм) 160 мм,63.0,,,False,4.00,6,82054025,https://dnipro-m.ua/tovar/bur-dnipro-m-sds-plus-4-160/
rashodnik,Витратні матеріали / Бури та зубила,Бур Dnipro-M SDS+ S4L (6 мм) 160 мм,69.0,,,True,4.25,8,82054028,https://dnipro-m.ua/tovar/bur-dnipro-m-sds-plus-6-160/
rashodnik,Витратні матеріали / Бури та зубила,Бур Dnipro-M SDS+S4L (14 мм) 250 мм,78.0,111.0,30,False,,0,82054038-1,https://dnipro-m.ua/tovar/bur-sdss4l-14-mm-250-mm/
rashodnik,Витратні матеріали / Бури та зубила,Бур Dnipro-M SDS+ S4L (8 мм) 160 мм,87.0,,,True,5.00,5,82054032,https://dnipro-m.ua/tovar/bur-dnipro-m-sds-plus-8-160/
rashodnik,Витратні матеріали / Бури та зубила,"Зубило Dnipro-M 14*250*20 мм мале плоске, SDS+",93.0,,,True,4.09,11,19211000,https://dnipro-m.ua/tovar/zubilo-ploskoe-maloe/
rashodnik,Витратні матеріали / Бури та зубила,Бур Dnipro-M SDS+S4L 14 мм 160 мм,93.0,,,False,,0,82054014,https://dnipro-m.ua/tovar/bur-dnipro-m-sds-plus-14-160/
rashodnik,Витратні матеріали / Бури та зубила,"Зубило Dnipro-M 14*250 мм пікоподібне, SDS+",99.0,,,True,4.67,6,19212000,https://dnipro-m.ua/tovar/zubilo-pikoobraznoe/
rashodnik,Витратні матеріали / Бури та зубила,Зубило Dnipro-M велике плоске 14x250x30 мм SDS+,117.0,,,True,4.57,7,19210000,https://dnipro-m.ua/tovar/zubilo-ploskoe-bolshoe/
rashodnik,Витратні матеріали / Бури та зубила,Бур Dnipro-M SDS+ S4L (12 мм) 160 мм,120.0,,,False,,0,82054009,https://dnipro-m.ua/tovar/bur-dnipro-m-sds-plus-12-160/
rashodnik,Витратні матеріали / Бури та зубила,"Бур Dnipro-M ULTRA 6 мм 110 мм по армованому бетону, SDS+",120.0,,,True,4.28,39,49297012,https://dnipro-m.ua/tovar/bur-ultra-6-mm-110-mm-sds/
rashodnik,Витратні матеріали / Бури та зубила,"Бур Dnipro-M S4L 10 мм 260 мм по бетону, SDS+",150.0,,,False,5.00,2,82054004,https://dnipro-m.ua/tovar/bur-dnipro-m-sds-plus-10-260/
rashodnik,Витратні матеріали / Бури та зубила,"Бур Dnipro-M ULTRA 8 мм 160 мм по армованому бетону, SDS+",180.0,,,False,4.83,6,49297015,https://dnipro-m.ua/tovar/bur-ultra-8-mm-160-mm-sds/
rashodnik,Витратні матеріали / Бури та зубила,"Бур Dnipro-M ULTRA 10 мм 160 мм по армованому бетону, SDS+",195.0,,,False,5.00,4,49297001,https://dnipro-m.ua/tovar/bur-ultra-10-mm-160-mm-sds/
rashodnik,Витратні матеріали / Бури та зубила,Зубило Dnipro-M мале плоске 18*400*25 мм SDS MAX,204.0,,,True,,0,49294001,https://dnipro-m.ua/tovar/zubilo-maloe-ploskoe-1840025-mm-sds-max/
rashodnik,Витратні матеріали / Бури та зубила,"Бур Dnipro-M ULTRA 14 мм 160 мм по армованому бетону, SDS+",207.0,,,True,4.00,2,49297009,https://dnipro-m.ua/tovar/bur-ultra-14-mm-160-mm-sds/
rashodnik,Витратні матеріали / Бури та зубила,Зубило Dnipro-M мале плоске 18*300*25 мм SDS MAX,213.0,,,True,5.00,2,49294002,https://dnipro-m.ua/tovar/zubilo-maloe-ploskoe-1830025-mm-sds-max/
rashodnik,Витратні матеріали / Бури та зубила,Бур Dnipro-M SDS+ S4L (16 мм) 210 мм,255.0,,,True,5.00,1,82054020,https://dnipro-m.ua/tovar/bur-dnipro-m-sds-plus-16-210/
rashodnik,Витратні матеріали / Бури та зубила,Зубило Dnipro-M велике плоске 18*400*50 мм SDS MAX,267.0,,,True,5.00,6,49293000,https://dnipro-m.ua/tovar/zubilo-bolshoe-ploskoe-1840050-mm-sds-max/
rashodnik,Витратні матеріали / Бури та зубила,"Зубило Dnipro-M 14*250*20 мм Ultra мале плоске, SDS+",270.0,,,True,4.15,20,19677000,https://dnipro-m.ua/tovar/zubilo-ultra-sds-maloe-ploskoe/
rashodnik,Витратні матеріали / Бури та зубила,Долото Dnipro-M пікоподібне 18*400 мм SDS MAX,285.0,,,True,,0,49295001,https://dnipro-m.ua/tovar/doloto-pikoobraznoe-18400-mm-sds-max/
rashodnik,Витратні матеріали / Бури та зубила,Долото Dnipro-M пікоподібне 18*600 мм SDS MAX,339.0,,,True,5.00,2,49295002,https://dnipro-m.ua/tovar/doloto-pikoobraznoe-18600-mm-sds-max/
rashodnik,Витратні матеріали / Бури та зубила,Бур Dnipro-M SDS+ S4L (14 мм) 1000 мм,348.0,513.0,32,False,3.00,1,82054045-1,https://dnipro-m.ua/tovar/bur-sds-14-mm-1000-mm/
rashodnik,Витратні матеріали / Бури та зубила,"Зубило Dnipro-M 14*250*30 мм Ultra велике плоске, SDS+",390.0,,,False,4.70,10,19676000,https://dnipro-m.ua/tovar/zubilo-ultra-sds-bolshoe-ploskoe/
rashodnik,Витратні матеріали / Бури та зубила,"Бур Dnipro-M PRO 4Х 12 мм 340 мм по армованому бетону,SDS max",399.0,,,False,5.00,1,49810001,https://dnipro-m.ua/tovar/bur-pro-4x-12-mm-340-mm/
rashodnik,Витратні матеріали / Бури та зубила,"Бур Dnipro-M PRO 4Х 14 мм 340 мм по армованому бетону,SDS max",420.0,,,False,5.00,1,49810003,https://dnipro-m.ua/tovar/bur-pro-4x-14-mm-340-mm/
rashodnik,Витратні матеріали / Бури та зубила,"Бур Dnipro-M PRO 4Х 16 мм 340 мм по армованому бетону,SDS max",444.0,,,True,5.00,1,49810005,https://dnipro-m.ua/tovar/bur-pro-4x-16-mm-340-mm/
rashodnik,Витратні матеріали / Бури та зубила,Долото Dnipro-M пікоподібне 28х520 мм HEX,498.0,750.0,34,False,5.00,3,62024000-1,https://dnipro-m.ua/tovar/doloto-pikoobraznoe-28520-mm-hex/
rashodnik,Витратні матеріали / Бури та зубила,Бур Dnipro-M SDS+ S4L (10 мм) 1000 мм,570.0,,,True,5.00,3,82054043,https://dnipro-m.ua/tovar/bur-sds-10-mm-1000-mm/
rashodnik,Витратні матеріали / Бури та зубила,Зубило Dnipro-M плоске 30*410*35 мм HEX,627.0,,,True,5.00,2,49287000,https://dnipro-m.ua/tovar/zubilo-ploskoe-3041030-mm-hex/
rashodnik,Витратні матеріали / Бури та зубила,Долото Dnipro-M пікоподібне 30*410 мм HEX,657.0,,,True,5.00,1,49296000,https://dnipro-m.ua/tovar/doloto-pikoobraznoe-30410-mm-hex/
rashodnik,Витратні матеріали / Бури та зубила,"Бур Dnipro-M PRO 4Х 18 мм 540 мм по армованому бетону,SDS max",669.0,,,False,5.00,1,49810007,https://dnipro-m.ua/tovar/bur-pro-4x-18-mm-540-mm/
rashodnik,Витратні матеріали / Бури та зубила,"Бур Dnipro-M PRO 4Х 20 мм 540 мм по армованому бетону,SDS max",756.0,,,True,4.00,4,49810009,https://dnipro-m.ua/tovar/bur-pro-4x-20-mm-540-mm/
rashodnik,Витратні матеріали / Бури та зубила,"Бур Dnipro-M PRO 4Х 22 мм 540 мм по армованому бетону,SDS max",792.0,,,True,,0,49810011,https://dnipro-m.ua/tovar/bur-pro-4x-22-mm-540-mm/
rashodnik,Витратні матеріали / Бури та зубила,"Бур Dnipro-M PRO 4Х 25 мм 540 мм по армованому бетону,SDS max",822.0,,,False,,0,49810013,https://dnipro-m.ua/tovar/bur-pro-4x-25-mm-540-mm/
rashodnik,Витратні матеріали / Бури та зубила,Набір бурів і зубил Dnipro-M 6 шт. в чохлі,840.0,,,True,5.00,19,15370000,https://dnipro-m.ua/tovar/nabor-burov-i-zubil-6-sht-v-chekhle/
rashodnik,Витратні матеріали / Бури та зубила,"Бур Dnipro-M PRO 4Х 30 мм 570 мм по армованому бетону,SDS max",1368.0,,,False,,0,49810015,https://dnipro-m.ua/tovar/bur-pro-4x-30-mm-570-mm/
rashodnik,Витратні матеріали / Бури та зубила,"Бур Dnipro-M PRO 4Х 35 мм 570 мм по армованому бетону,SDS max",1599.0,,,False,,0,49810019,https://dnipro-m.ua/tovar/bur-pro-4x-35-mm-570-mm/
rashodnik,Витратні матеріали / Бури та зубила,"Бур Dnipro-M PRO 4Х 32 мм 1000 мм по армованому бетону,SDS max",1998.0,,,True,,0,49810018,https://dnipro-m.ua/tovar/bur-pro-4x-32-mm-1000-mm/
rashodnik,Витратні матеріали / Бури та зубила,"Бур Dnipro-M PRO 4Х 40 мм 570 мм по армованому бетону,SDS max",2100.0,,,True,5.00,2,49810021,https://dnipro-m.ua/tovar/bur-pro-4x-40-mm-570-mm/
rashodnik,Витратні матеріали / Біти і бітотримачі,Насадка (біта) Impact DNIPRO-M TORX30 25 мм 2 шт.,18.0,36.0,50,False,5.00,2,49753019-2,https://dnipro-m.ua/tovar/nasadka-bita-impact-torx30-25-mm-2-sht/
rashodnik,Витратні матеріали / Біти і бітотримачі,Насадка (біта) Impact Dnipro SL/PZ1 25 мм 2 шт.,21.0,42.0,50,False,5.00,5,49753021-2,https://dnipro-m.ua/tovar/nasadka-bita-impact-pzsl1-25-mm-2-sht/
rashodnik,Витратні матеріали / Біти і бітотримачі,Насадка (біта) Impact Dnipro-M SL/PZ2 25 мм 2 шт.,21.0,42.0,50,False,4.00,5,49753022-2,https://dnipro-m.ua/tovar/nasadka-bita-impact-pzsl2-25-mm-2-sht/
rashodnik,Витратні матеріали / Біти і бітотримачі,Насадка (біта) Impact Dnipro SL/PZ1 50 мм 2 шт.,30.0,60.0,50,False,3.71,17,49753023-2,https://dnipro-m.ua/tovar/nasadka-bita-impact-pzsl1-50-mm-2-sht/
rashodnik,Витратні матеріали / Біти і бітотримачі,Насадка (біта) Impact Dnipro-M SL/PZ2 50 мм 2 шт.,36.0,60.0,40,False,4.65,17,49753024-2,https://dnipro-m.ua/tovar/nasadka-bita-impact-pzsl2-50-mm-2-sht/
rashodnik,Витратні матеріали / Біти і бітотримачі,Насадка (біта) Impact Dnipro-M H4 25 мм 2 шт.,39.0,,,True,5.00,1,49753020,https://dnipro-m.ua/tovar/nasadka-bita-impact-h4-25-mm-2-sht/
rashodnik,Витратні матеріали / Біти і бітотримачі,Насадка (біта) Impact Dnipro PZ2 25 мм 2 шт.,39.0,,,False,4.43,7,49753018,https://dnipro-m.ua/tovar/nasadka-bita-impact-pz2-25-mm-2-sht/
rashodnik,Витратні матеріали / Біти і бітотримачі,Насадка (біта) Dnipro-M PH 2 25 мм сталь S2 2 шт.,45.0,,,True,4.50,4,19046034,https://dnipro-m.ua/tovar/nasadka-bita-ph-2-25-mm-2-sht/
rashodnik,Витратні матеріали / Біти і бітотримачі,Насадка (біта) Dnipro-M S2 146 мм PH 2,45.0,81.0,44,False,2.43,7,20890000-1,https://dnipro-m.ua/tovar/nasadka-bita-146-mm-ph-2/
rashodnik,Витратні матеріали / Біти і бітотримачі,Насадка (біта) Dnipro-M PH 2 25 мм з магнітним фіксатором 2 шт.,66.0,,,True,4.53,19,20393001,https://dnipro-m.ua/tovar/nasadka-bita-ph-2-25-mm-s-magnitnym-fiksatorom-2-sht/
rashodnik,Витратні матеріали / Біти і бітотримачі,Насадка (біта) Impact Dnipro-M H4 50 м 2 шт.,66.0,,,True,5.00,9,49753015,https://dnipro-m.ua/tovar/nasadka-bita-impact-h4-50-m-2-sht/
rashodnik,Витратні матеріали / Біти і бітотримачі,Насадка (біта) Impact Dnipro-M PH 3 50 м 2 шт.,66.0,,,True,5.00,2,49753009,https://dnipro-m.ua/tovar/nasadka-bita-impact-ph-3-50-m-2-sht/
rashodnik,Витратні матеріали / Біти і бітотримачі,Насадка (біта) Impact Dnipro-M PZ 3 50 м 2 шт.,66.0,,,True,4.08,24,49753012,https://dnipro-m.ua/tovar/nasadka-bita-impact-pz-3-50-m-2-sht/
rashodnik,Витратні матеріали / Біти і бітотримачі,Насадка (біта) Impact Dnipro-M SL4 50 мм 2 шт.,66.0,,,True,4.33,6,49753013,https://dnipro-m.ua/tovar/nasadka-bita-impact-sl4-50-m-2-sht/
rashodnik,Витратні матеріали / Біти і бітотримачі,Насадка (біта) Impact Dnipro-M SL6 50 мм 2 шт.,66.0,,,True,4.40,15,49753014,https://dnipro-m.ua/tovar/nasadka-bita-impact-sl6-50-m-2-sht/
rashodnik,Витратні матеріали / Біти і бітотримачі,Насадка (біта) Impact Dnipro-M TORX 30 50 мм (S2)-M,66.0,,,True,4.20,5,49753005,https://dnipro-m.ua/tovar/nasadka-bita-torx-30-impact-50-mm/
rashodnik,Витратні матеріали / Біти і бітотримачі,Насадка (біта) Impact Dnipro-M PZ 2 50 мм (S2)-M,66.0,,,True,4.13,46,49753004,https://dnipro-m.ua/tovar/nasadka-bita-pz-2-impact-50-mm/
rashodnik,Витратні матеріали / Біти і бітотримачі,Насадка (біта) Impact Dnipro-M PH 2  50 мм (S2)-M,66.0,,,True,4.60,20,49753002,https://dnipro-m.ua/tovar/nasadka-bita-ph-2-impact-50-mm/
rashodnik,Витратні матеріали / Біти і бітотримачі,Насадка (біта) Impact Dnipro-M PH 1 50 мм 2 шт.,66.0,,,False,4.63,8,49753008,https://dnipro-m.ua/tovar/nasadka-bita-impact-ph-1-50-mm-2-sht/
rashodnik,Витратні матеріали / Біти і бітотримачі,Насадка (біта) Impact Dnipro-M PH 1 110 мм 1 шт.,66.0,,,True,4.70,20,49753010,https://dnipro-m.ua/tovar/nasadka-bita-impact-ph-1-110-mm/
rashodnik,Витратні матеріали / Біти і бітотримачі,Насадка (біта) Impact Dnipro PZ2 110 мм 1 шт.,66.0,,,True,4.40,10,49753017,https://dnipro-m.ua/tovar/nasadka-bita-impact-pz2-110-mm-1-sht/
rashodnik,Витратні матеріали / Біти і бітотримачі,Насадка (біта) Impact  Dnipro-M PH 2 110 мм (S2)-M 1 шт.,66.0,,,True,4.04,28,49753003,https://dnipro-m.ua/tovar/nasadka-bita-ph-2-impact-110-mm/
rashodnik,Витратні матеріали / Біти і бітотримачі,Насадка для покрівельних саморізів Dnipro-M SW6 65 мм 6 мм 1 шт.,66.0,,,True,4.67,3,19808002,https://dnipro-m.ua/tovar/nasadka-dlya-krovelnykh-samorezov-sw6-65-mm-6-mm/
rashodnik,Витратні матеріали / Біти і бітотримачі,Насадка для покрівельних саморізів Dnipro-M SW10 65 мм 10 мм 1 шт.,66.0,,,True,4.11,9,19808003,https://dnipro-m.ua/tovar/nasadka-dlya-krovelnykh-samorezov-sw10-65-mm-10-mm/
rashodnik,Витратні матеріали / Біти і бітотримачі,Насадка для покрівельних саморізів Dnipro-M SW 65 мм 8 мм сталь 50BV30 1 шт.,66.0,,,True,4.29,14,19808001,https://dnipro-m.ua/tovar/nasadka-dlya-krovelnykh-samorezov-sw-65-mm/
rashodnik,Витратні матеріали / Біти і бітотримачі,Насадка (біта) Dnipro-M PH 2 50 мм з магнітним фіксатором 2 шт.,75.0,,,True,4.70,20,20393002,https://dnipro-m.ua/tovar/nasadka-bita-ph-2-50-mm-s-magnitnym-fiksatorom-2-sht/
rashodnik,Витратні матеріали / Біти і бітотримачі,Магнітний тримач для біт Autofix Dnipro-M BH-60A 60 мм 1 шт.,78.0,135.0,42,False,3.40,15,19801002-1,https://dnipro-m.ua/tovar/magnitnyj-derzhatel-dlya-bit-autofix-bh-60a-60-mm/
rashodnik,Витратні матеріали / Біти і бітотримачі,Насадка (біта) Impact Dnipro-M PH2-PZ2 65 мм 2 шт.,87.0,,,True,4.80,20,49753016,https://dnipro-m.ua/tovar/nasadka-bita-impact-ph2-pz2-65-mm-2-sht/
rashodnik,Витратні матеріали / Біти і бітотримачі,Насадка (біта) Impact Dnipro-M PH2-PH2 65 мм (S2)-M,87.0,,,True,4.42,26,49753007,https://dnipro-m.ua/tovar/nasadka-bita-ph2-ph2-impact-65-mm/
rashodnik,Витратні матеріали / Біти і бітотримачі,Магнітний тримач для біт Dnipro-M BH-60 60 мм 1 шт.,96.0,,,True,4.17,23,20391001,https://dnipro-m.ua/tovar/magnitnyj-derzhatel-dlya-bit-bh-60-60-mm/
rashodnik,Витратні матеріали / Біти і бітотримачі,Магнітний тримач для біт Dnipro-M BH-100 100 мм 1 шт.,105.0,,,True,4.50,4,20391002,https://dnipro-m.ua/tovar/magnitnyj-derzhatel-dlya-bit-bh-100-100-mm/
rashodnik,Витратні матеріали / Біти і бітотримачі,Насадка торцева головка Dnipro-M 13 мм подовжена 1шт.,111.0,,,False,5.00,4,21785000,https://dnipro-m.ua/tovar/nasadka-torczevaya-golovka-13-mm-udlinennaya-1-sht/
rashodnik,Витратні матеріали / Біти і бітотримачі,Магнітний тримач для біт Dnipro-M BH-150 150 мм 1 шт.,120.0,,,True,4.36,11,20391003,https://dnipro-m.ua/tovar/magnitnyj-derzhatel-dlya-bit-bh-150-150-mm/
rashodnik,Витратні матеріали / Біти і бітотримачі,Магнітний тримач для біт Dnipro-M BH-75 75 мм 1 шт.,141.0,,,True,4.31,13,20390000,https://dnipro-m.ua/tovar/magnitnyj-derzhatel-dlya-bit-bh-75-75-mm/
rashodnik,Витратні матеріали / Біти і бітотримачі,Магнітний тримач для біт Autofix Dnipro-M BH-65A 65 мм 1 шт,168.0,,,True,3.21,29,83702000,https://dnipro-m.ua/tovar/magnitnij-trimach-dlya-bitiv-autofix-bh-65a-65-mm-1-sht/
rashodnik,Витратні матеріали / Біти і бітотримачі,Магнітний тримач для біт з обмежувачем Dnipro-M BH-66 66 мм 1 шт.,192.0,,,True,4.33,6,19800002,https://dnipro-m.ua/tovar/magnitnyj-derzhatel-dlya-bit-s-ogranichitelem-bh-66-66-mm/
rashodnik,Витратні матеріали / Біти і бітотримачі,Набір насадок (біт) Dnipro-M Impact 10 шт.,285.0,,,True,4.25,44,41431000,https://dnipro-m.ua/tovar/nabir-nasadok-bitu-impact-10-sht/
rashodnik,Витратні матеріали / Біти і бітотримачі,Насадка - гнучкий вал Dnipro-M BH-280S 280 мм з магнітом,288.0,417.0,31,False,4.50,12,19804001-1,https://dnipro-m.ua/tovar/nasadka-gibkij-val-bh-28s-280-mm/
rashodnik,Витратні матеріали / Біти і бітотримачі,Набір насадок (біт) Dnipro-M 25 мм 19 шт.,480.0,,,False,4.48,84,20392000,https://dnipro-m.ua/tovar/nabor-nasadok-bit-25-mm-19-sht/
rashodnik,Витратні матеріали / Біти і бітотримачі,Набір насадок (біт) Dnipro-M Impact 25 мм 32 шт,630.0,,,False,4.22,23,52396000,https://dnipro-m.ua/tovar/nabir-nasadok-bit-impact-25-mm-32-sht/
rashodnik,Витратні матеріали / Біти і бітотримачі,Набір насадок (біт) Dnipro-M (50 шт.),810.0,,,False,4.56,16,58071000,https://dnipro-m.ua/tovar/nabir-nasadok-bit-50-sht/
rashodnik,Витратні матеріали / Витратні матеріали для паяння,Флюс-паста для пайки Dnipro-M 40 г,120.0,,,True,4.33,12,59775001,https://dnipro-m.ua/tovar/flus-pasta-dlya-pajki-40-g/
rashodnik,Витратні матеріали / Витратні матеріали для паяння,"Припій Dnipro-M Sn60Pb40 1мм, 16г",150.0,,,False,4.96,24,59774001,https://dnipro-m.ua/tovar/pripoj-sn60pb40-1mm-16g/
rashodnik,Витратні матеріали / Витратні матеріали для паяння,"Припій Dnipro-M Sn60Pb40 1мм, 100г",660.0,,,False,5.00,8,59774002,https://dnipro-m.ua/tovar/pripoj-sn60pb40-1mm-100g/
rashodnik,Витратні матеріали / Витратні матеріали для реноваторів,"Шліфувальний папір для БФІ Dnipro-M Р120, 10 шт.",69.0,,,True,4.15,13,15566002,https://dnipro-m.ua/tovar/shlifovalnaya-bumaga-dlya-mfi-r120-10-sht/
rashodnik,Витратні матеріали / Витратні матеріали для реноваторів,"Шліфувальний папір для БФІ Dnipro-M Р40, 10 шт.",69.0,,,True,,0,15566004,https://dnipro-m.ua/tovar/shlifovalnaya-bumaga-dlya-mfi-r40-10-sht/
rashodnik,Витратні матеріали / Витратні матеріали для реноваторів,"Шліфувальний папір для БФІ Dnipro-M Р80, 10 шт.",69.0,,,True,4.23,22,15566003,https://dnipro-m.ua/tovar/shlifovalnaya-bumaga-dlya-mfi-r80-10-sht/
rashodnik,Витратні матеріали / Витратні матеріали для реноваторів,Насадка для МФІ Dnipro-M Ultra C-80 TCT,99.0,234.0,58,False,4.00,4,20496007-1,https://dnipro-m.ua/tovar/nasadka-dlya-mfi-ultra-c-80/
rashodnik,Витратні матеріали / Витратні матеріали для реноваторів,Насадка для МФІ Dnipro-M Ultra W-34 HCS,144.0,,,True,4.07,14,20496002,https://dnipro-m.ua/tovar/nasadka-dlya-mfi-ultra-w-34/
rashodnik,Витратні матеріали / Витратні матеріали для реноваторів,Насадка для МФІ Dnipro-M Ultra С-65 TCT,150.0,210.0,29,False,5.00,6,20496006-1,https://dnipro-m.ua/tovar/nasadka-dlya-mfi-ultra-s-65/
rashodnik,Витратні матеріали / Витратні матеріали для реноваторів,Насадка для МФІ Dnipro-M Ultra WP-87 HCS,153.0,,,True,4.00,10,20496001,https://dnipro-m.ua/tovar/nasadka-dlya-mfi-ultra-wp-87/
rashodnik,Витратні матеріали / Витратні матеріали для реноваторів,Шліфувальна основа для БФІ Dnipro-M SP-90,180.0,,,True,4.35,23,84674000,https://dnipro-m.ua/tovar/shlifuvalna-osnova-dlya-bfi-sp-90/
rashodnik,Витратні матеріали / Витратні матеріали для реноваторів,Насадка для МФІ Dnipro-M Ultra WM-22 Bi-metal,315.0,,,False,4.07,45,20496004,https://dnipro-m.ua/tovar/nasadka-dlya-mfi-ultra-wm-22/
rashodnik,Витратні матеріали / Витратні матеріали для реноваторів,Насадка для МФІ Dnipro-M Ultra WM-65 Bi-metal,330.0,,,False,4.44,9,20496005,https://dnipro-m.ua/tovar/nasadka-dlya-mfi-ultra-wm-65/
rashodnik,Витратні матеріали / Витратні матеріали для реноваторів,Насадка для МФІ Dnipro-M Ultra WM-87 Bi-metal,360.0,,,False,4.18,17,20496003,https://dnipro-m.ua/tovar/nasadka-dlya-mfi-ultra-wm-87/
rashodnik,Витратні матеріали / Витратні матеріали для реноваторів,"Набір насадок для БФІ Dnipro-BIM, HCS 4 шт.",504.0,,,True,4.10,10,20894001,https://dnipro-m.ua/tovar/nabor-nasadok-dlya-mfi-bim-hcs-4-sht/
rashodnik,Витратні матеріали / Витратні матеріали для реноваторів,"Набір насадок для БФІ Dnipro-M TCT, BIM 4 шт.",801.0,,,True,5.00,4,20894002,https://dnipro-m.ua/tovar/nabor-nasadok-dlya-mfi-tct-bim-4-sht/
rashodnik,Витратні матеріали / Електроізоляційні матеріали,"Ізоляційна стрічка Dnipro-M 10 м 19 мм 0,18 мм чорна",30.0,,,True,4.18,11,08029001,https://dnipro-m.ua/tovar/izolyaczionnaya-lenta-10-m-19-mm-018-mm-chernyj/
rashodnik,Витратні матеріали / Електроізоляційні матеріали,"Ізоляційна стрічка Dnipro-M 10 м 19 мм 0,18 мм синій",30.0,,,True,4.00,14,08030001,https://dnipro-m.ua/tovar/izolyaczionnaya-lenta-10-m-19-mm-018-mm-sinij/
rashodnik,Витратні матеріали / Електроізоляційні матеріали,"Ізоляційна стрічка Dnipro-M 20 м 19 мм 0,18 мм синій",54.0,,,True,5.00,3,08030002,https://dnipro-m.ua/tovar/izolyaczionnaya-lenta-20-m-19-mm-018-mm-sinij/
rashodnik,Витратні матеріали / Електроізоляційні матеріали,"Ізоляційна стрічка Dnipro-M 20 м 19 мм 0,18 мм чорна",54.0,,,False,4.33,21,08029002,https://dnipro-m.ua/tovar/izolyaczionnaya-lenta-20-m-19-mm-018-mm-chernyj/
rashodnik,Витратні матеріали / Електроізоляційні матеріали,"Набір ізоляційних стрічок Dnipro-M Multi Fix 10 м 19 мм 0,13 мм 6 шт.",120.0,165.0,27,True,3.64,11,52088000-1,https://dnipro-m.ua/tovar/nabor-lent-izolyaczionnykh-multi-fix-10-m-19-mm-6-sht/
rashodnik,Витратні матеріали / Електроізоляційні матеріали,Набір термозбіжних трубок Dnipro-M з клейовим шаром 270 шт,375.0,,,True,4.86,28,62028000,https://dnipro-m.ua/tovar/nabor-termousadochnykh-trubok-s-kleevym-sharom-270-sht/
rashodnik,Витратні матеріали / Заклепки,"Заклепка алюмінієва Dnipro-M 3,2*6,4 мм (50 шт.)",42.0,,,True,,0,21955001,https://dnipro-m.ua/tovar/zaklepka-alyuminievaya-32-64-mm-50-sht/
rashodnik,Витратні матеріали / Заклепки,"Заклепка алюмінієва Dnipro-M 3,2*9,6 мм (50 шт.)",42.0,,,True,,0,21955002,https://dnipro-m.ua/tovar/zaklepka-alyuminievaya-32-96-mm-50-sht/
rashodnik,Витратні матеріали / Засоби дезінфекції та гігієни,Серветки вологі антибактеріальні Dnipro-M 15 шт/уп,21.0,,,False,4.70,10,16954000,https://dnipro-m.ua/tovar/servetki-vologi-antibakterialni-15-sht-up/
rashodnik,Витратні матеріали / Клейкі стрічки,Скотч пакувальний Dnipro-M 45 мм 50 м 42 мкм,33.0,,,True,4.60,10,59535001,https://dnipro-m.ua/tovar/skotch-pakuvalnij-45-mm-50-m/
rashodnik,Витратні матеріали / Клейкі стрічки,Двостороння стрічка Dnipro-M W11 18 мм 3 м 1 мм,42.0,,,True,,0,59538002,https://dnipro-m.ua/tovar/dvostoronna-stricka-w11-18-mm-3-m/
rashodnik,Витратні матеріали / Клейкі стрічки,Двостороння стрічка Dnipro-M B11 18 мм 3 м 1 мм,42.0,,,True,4.33,6,59538001,https://dnipro-m.ua/tovar/dvostoronna-stricka-b11-18-mm-3-m/
rashodnik,Витратні матеріали / Клейкі стрічки,Малярна стрічка Dnipro-M 140А 24 мм 20 м 140 мкм,42.0,,,True,,0,59537001,https://dnipro-m.ua/tovar/malarna-stricka-140a-24-mm-20-m/
rashodnik,Витратні матеріали / Клейкі стрічки,Скотч пакувальний Dnipro-M 45 мм 100 м 42 мкм,57.0,,,True,5.00,3,59535002,https://dnipro-m.ua/tovar/skotch-pakuvalnij-45-mm-100-m/
rashodnik,Витратні матеріали / Клейкі стрічки,Двостороння стрічка Dnipro-M ULTRA 12 мм 2 м 1 мм,66.0,,,True,4.25,4,59538003,https://dnipro-m.ua/tovar/dvostoronna-stricka-ultra-12-mm-2-m/
rashodnik,Витратні матеріали / Клейкі стрічки,Малярна стрічка Dnipro-M 140А 48 мм 20 м 140 мкм,72.0,,,True,4.43,7,59537002,https://dnipro-m.ua/tovar/malarna-stricka-140a-48-mm-20-m/
rashodnik,Витратні матеріали / Клейкі стрічки,Армована стрічка Dnipro-M Universal 48 мм 20 м 150 мкм,120.0,,,False,4.50,12,59536001,https://dnipro-m.ua/tovar/armovana-stricka-universal-48-mm-20-m/
rashodnik,Витратні матеріали / Клейкі стрічки,Скотч пакувальний Dnipro-M прозорий 48 мм 300 м,327.0,,,True,2.25,4,81203004,https://dnipro-m.ua/tovar/upakovochnyj-skotch-48-mm-300-m/
rashodnik,Витратні матеріали / Корончаті свердла,Адаптер для коронок Dnipro-M SDS+ 110 мм,60.0,102.0,41,False,4.67,3,16042001-1,https://dnipro-m.ua/tovar/adapter-dlya-koronok-sds-110-mm/
rashodnik,Витратні матеріали / Корончаті свердла,Адаптер для коронок Dnipro-M HSS 4341 16-30 мм,99.0,159.0,38,True,4.00,7,16280001-1,https://dnipro-m.ua/tovar/adapter-dlya-koronok-hss-4341-16-30-mm/
rashodnik,Витратні матеріали / Корончаті свердла,Адаптер Dnipro-M SDS+ М22 110 мм,114.0,,,True,4.20,5,21966001,https://dnipro-m.ua/tovar/adapter-sds-m22-110-mm/
rashodnik,Витратні матеріали / Корончаті свердла,Коронка по дереву Dnipro-M Falcon 32 мм,120.0,270.0,56,True,,0,16278006-1,https://dnipro-m.ua/tovar/koronka-po-derevu-falcon-32-mm/
rashodnik,Витратні матеріали / Корончаті свердла,Коронка по дереву Dnipro-M Falcon 22 мм,120.0,255.0,53,True,5.00,1,16278003-1,https://dnipro-m.ua/tovar/koronka-po-derevu-falcon-22-mm/
rashodnik,Витратні матеріали / Корончаті свердла,Коронка по дереву Dnipro-M Falcon 16 мм,120.0,249.0,52,True,3.00,2,16278001-1,https://dnipro-m.ua/tovar/koronka-po-derevu-falcon-16-mm/
rashodnik,Витратні матеріали / Корончаті свердла,Коронка по дереву Dnipro-M Falcon 19 мм,120.0,249.0,52,True,,0,16278002-1,https://dnipro-m.ua/tovar/koronka-po-derevu-falcon-19-mm/
rashodnik,Витратні матеріали / Корончаті свердла,Коронка по дереву Dnipro-M Falcon 35 мм,120.0,270.0,56,False,5.00,1,16278007-1,https://dnipro-m.ua/tovar/koronka-po-derevu-falcon-35-mm/
rashodnik,Витратні матеріали / Корончаті свердла,Адаптер для коронок Dnipro-M HSS 4341 32-200 мм,120.0,291.0,59,False,4.57,14,16280002-1,https://dnipro-m.ua/tovar/adapter-dlya-koronok-hss-4341-32-200-mm/
rashodnik,Витратні матеріали / Корончаті свердла,Свердло алмазне Dnipro-M Extra-Ceramics 16 мм,132.0,,,True,,0,59707001,https://dnipro-m.ua/tovar/sverdlo-almazne-extra-ceramics-16-mm/
rashodnik,Витратні матеріали / Корончаті свердла,Коронка по дереву Dnipro-M Falcon 25 мм,132.0,255.0,48,True,3.67,3,16278004-1,https://dnipro-m.ua/tovar/koronka-po-derevu-falcon-25-mm/
rashodnik,Витратні матеріали / Корончаті свердла,Коронка по дереву Dnipro-M Falcon 29 мм,135.0,258.0,48,True,5.00,2,16278005-1,https://dnipro-m.ua/tovar/koronka-po-derevu-falcon-29-mm/
rashodnik,Витратні матеріали / Корончаті свердла,Коронка по дереву Dnipro-M Falcon 40 мм,135.0,276.0,51,False,4.00,3,16278008-1,https://dnipro-m.ua/tovar/koronka-po-derevu-falcon-40-mm/
rashodnik,Витратні матеріали / Корончаті свердла,Коронка по дереву Dnipro-M Falcon 44 мм,144.0,288.0,50,False,5.00,2,16278009-1,https://dnipro-m.ua/tovar/koronka-po-derevu-falcon-44-mm/
rashodnik,Витратні матеріали / Корончаті свердла,Свердло алмазне Dnipro-M Extra-Ceramics 22 мм,150.0,,,True,,0,59707002,https://dnipro-m.ua/tovar/sverdlo-almazne-extra-ceramics-22-mm/
rashodnik,Витратні матеріали / Корончаті свердла,Коронка по дереву Dnipro-M Falcon 82 мм,150.0,549.0,73,False,4.60,10,16278015-1,https://dnipro-m.ua/tovar/koronka-po-derevu-falcon-82-mm/
rashodnik,Витратні матеріали / Корончаті свердла,Свердло алмазне Dnipro-M Extra-Ceramics 25 мм,168.0,,,True,4.00,4,59707003,https://dnipro-m.ua/tovar/sverdlo-almazne-extra-ceramics-25-mm/
rashodnik,Витратні матеріали / Корончаті свердла,Кільцевий різець Dnipro-M ULTRA 40 мм,180.0,270.0,33,False,5.00,1,82051001-1,https://dnipro-m.ua/tovar/kolczevoj-rezecz-ultra-40-mm/
rashodnik,Витратні матеріали / Корончаті свердла,Коронка по дереву Dnipro-M Falcon 51 мм,180.0,351.0,49,False,5.00,2,16278010-1,https://dnipro-m.ua/tovar/koronka-po-derevu-falcon-51-mm/
rashodnik,Витратні матеріали / Корончаті свердла,Коронка по дереву Dnipro-M Falcon 57 мм,198.0,372.0,47,True,5.00,8,16278011-1,https://dnipro-m.ua/tovar/koronka-po-derevu-falcon-57-mm/
rashodnik,Витратні матеріали / Корончаті свердла,Коронка по дереву Dnipro-M Falcon 76 мм,198.0,504.0,61,False,5.00,2,16278014-1,https://dnipro-m.ua/tovar/koronka-po-derevu-falcon-76-mm/
rashodnik,Витратні матеріали / Корончаті свердла,Свердло алмазне Dnipro-M Extra-Ceramics 28 мм,204.0,,,True,5.00,1,59707004,https://dnipro-m.ua/tovar/sverdlo-almazne-extra-ceramics-28-mm/
rashodnik,Витратні матеріали / Корончаті свердла,Коронка по металу Dnipro-M Barracuda 38 мм,210.0,393.0,47,False,4.38,13,16234007-1,https://dnipro-m.ua/tovar/koronka-po-metallu-barracuda-38-mm/
rashodnik,Витратні матеріали / Корончаті свердла,Свердло алмазне Dnipro-M Extra-Ceramics 35 мм,231.0,,,True,5.00,1,59707005,https://dnipro-m.ua/tovar/sverdlo-almazne-extra-ceramics-35-mm/
rashodnik,Витратні матеріали / Корончаті свердла,Коронка по металу Dnipro-M Barracuda 19 мм,240.0,333.0,28,False,5.00,4,16234001-1,https://dnipro-m.ua/tovar/koronka-po-metallu-barracuda-19-mm/
rashodnik,Витратні матеріали / Корончаті свердла,Коронка по дереву Dnipro-M Falcon 68 мм,249.0,459.0,46,False,4.82,11,16278013-1,https://dnipro-m.ua/tovar/koronka-po-derevu-falcon-68-mm/
rashodnik,Витратні матеріали / Корончаті свердла,Свердло алмазне Dnipro-M Extra-Ceramics 40 мм,261.0,,,False,5.00,1,59707006,https://dnipro-m.ua/tovar/sverdlo-almazne-extra-ceramics-40-mm/
rashodnik,Витратні матеріали / Корончаті свердла,Адаптер для коронок Dnipro-M SDS+,282.0,,,False,4.44,9,58315000,https://dnipro-m.ua/tovar/adapter-dlya-koronok-sds/
rashodnik,Витратні матеріали / Корончаті свердла,Свердло алмазне Dnipro-M Extra-Ceramics 45 мм,291.0,,,True,5.00,1,59707007,https://dnipro-m.ua/tovar/sverdlo-almazne-extra-ceramics-45-mm/
rashodnik,Витратні матеріали / Корончаті свердла,Адаптер для коронок Dnipro-M шестигр. хвостовик,315.0,,,True,3.00,2,58316000,https://dnipro-m.ua/tovar/adapter-dlya-koronok-shestigr-hvostovik/
rashodnik,Витратні матеріали / Корончаті свердла,Свердло алмазне Dnipro-M Extra-Ceramics 50 мм,321.0,,,True,,0,59707008,https://dnipro-m.ua/tovar/sverdlo-almazne-extra-ceramics-50-mm/
rashodnik,Витратні матеріали / Корончаті свердла,Свердло алмазне Dnipro-M Extra-Ceramics 55 мм,354.0,,,True,,0,59707009,https://dnipro-m.ua/tovar/sverdlo-almazne-extra-ceramics-55-mm/
rashodnik,Витратні матеріали / Корончаті свердла,Свердло алмазне Dnipro-M Extra-Ceramics 65 мм,417.0,,,True,4.50,2,59707010,https://dnipro-m.ua/tovar/sverdlo-almazne-extra-ceramics-65-mm/
rashodnik,Витратні матеріали / Корончаті свердла,Свердло алмазне Dnipro-M Extra-Ceramics 68 мм,465.0,,,True,4.70,20,59707011,https://dnipro-m.ua/tovar/sverdlo-almazne-extra-ceramics-68-mm/
rashodnik,Витратні матеріали / Корончаті свердла,Свердло алмазне Dnipro-M Extra-Ceramics 72 мм,504.0,,,True,4.00,10,59707012,https://dnipro-m.ua/tovar/sverdlo-almazne-extra-ceramics-72-mm/
rashodnik,Витратні матеріали / Корончаті свердла,"Кільцевий різець Dnipro-M ULTRA з адаптером M22, SDS+ 68 мм",627.0,,,False,4.00,22,21968001,https://dnipro-m.ua/tovar/kolczevoj-rezecz-ultra-z-adapterom-m22-sds-68-mm/
rashodnik,Витратні матеріали / Корончаті свердла,Свердло алмазне Dnipro-M Extra-Ceramics 100 мм,726.0,,,True,5.00,2,59707013,https://dnipro-m.ua/tovar/sverdlo-almazne-extra-ceramics-100-mm/
rashodnik,Витратні матеріали / Корончаті свердла,Свердло алмазне Dnipro-M Extra-Ceramics 125 мм,999.0,,,True,5.00,2,59707014,https://dnipro-m.ua/tovar/sverdlo-almazne-extra-ceramics-125-mm/
rashodnik,Витратні матеріали / Корончаті свердла,Алмазна коронка Dnipro-M RX-68 68 мм,1170.0,,,False,4.13,39,58312000,https://dnipro-m.ua/tovar/almazna-koronka-rx-68/
rashodnik,Витратні матеріали / Корончаті свердла,Алмазна коронка Dnipro-M RX-72 72 мм,1290.0,,,False,4.10,49,58313000,https://dnipro-m.ua/tovar/almazna-koronka-rx-72/
rashodnik,Витратні матеріали / Корончаті свердла,Алмазна коронка Dnipro-M RX-82 82 мм,1494.0,,,False,4.43,7,58314000,https://dnipro-m.ua/tovar/almazna-koronka-rx-82/
rashodnik,Витратні матеріали / Набори витратного інструменту,Набір насадок для гравера Dnipro-M 227 шт,570.0,,,True,4.71,7,54809000,https://dnipro-m.ua/tovar/nabir-nasadok-dlya-gravera-227-sht/
rashodnik,Витратні матеріали / Набори витратного інструменту,"Набір фрез по дереву Dnipro-M PROFESSIONAL хвостовик 8 мм, 12 шт.",798.0,1299.0,39,False,4.82,39,81851000-4,https://dnipro-m.ua/tovar/nabor-frez-po-derevu/
rashodnik,Витратні матеріали / Набори витратного інструменту,"Набір фрез по дереву Dnipro-M PROFESSIONAL, хвостовик 8 мм 12 шт. (2021)",999.0,1500.0,33,False,5.00,4,41318000-1,https://dnipro-m.ua/tovar/nabir-frez-po-derevu-professional-hvostovik-12-sht-2021/
rashodnik,Витратні матеріали / Набори витратного інструменту,Набір насадок для гравера Dnipro-M (276 шт.),1047.0,,,True,4.63,60,49933000,https://dnipro-m.ua/tovar/nabor-nasadok-dlya-gravera-276-sht/
rashodnik,Витратні матеріали / Набори витратного інструменту,"Набір фрез по дереву Dnipro-M PROFESSIONAL, хвостовик 8 мм 15 шт. (2021)",1200.0,1647.0,27,False,4.36,14,41319000-1,https://dnipro-m.ua/tovar/nabir-frez-po-derevu-professional-hvostovik-15-sht-2021/
rashodnik,Витратні матеріали / Ножі для електрорубанка,Ніж для рубанкa Dnipro-M KP-82X,345.0,,,True,4.00,15,81159004,https://dnipro-m.ua/tovar/nozh-dlya-rubanka-kp-82x/
rashodnik,Витратні матеріали / Ножі для електрорубанка,Ніж для рубанкa Dnipro-M KP-110X,450.0,,,False,5.00,5,81159003,https://dnipro-m.ua/tovar/nozh-dlya-rubanka-kp-110x/
rashodnik,Витратні матеріали / Оливи і мастила,Мастило для редукторів з молібденом Dnipro-M для перфораторів,189.0,267.0,29,False,4.69,52,82707000-10,https://dnipro-m.ua/tovar/smazka-dlya-reduktorov-s-molibdenom-dlya-perforatorov/
rashodnik,Витратні матеріали / Оливи і мастила,Мастило для хвостовиків оснащення Dnipro-M TL-5HS,192.0,,,True,4.65,17,16139000,https://dnipro-m.ua/tovar/smazka-dlya-khvostovikov-osnastki-tl-5hs/
rashodnik,Витратні матеріали / Оливи і мастила,Мастило для редукторів відбійних молотків Dnipro-M TL-50SH,285.0,,,True,5.00,7,16138000,https://dnipro-m.ua/tovar/maslo-dlya-reduktorov-otbojnykh-molotkov-tl-50sh/
rashodnik,Витратні матеріали / Пиляльні диски,"Пиляльний диск Dnipro-M 115 22,2 3Т",99.0,279.0,65,False,4.69,16,98037000-1,https://dnipro-m.ua/tovar/pilnyj-disk-115-222-3t/
rashodnik,Витратні матеріали / Пиляльні диски,Пильний диск Дніпро-М 230 22.2 20 60Т,171.0,,,False,5.00,1,72538002,https://dnipro-m.ua/tovar/pilnyj-disk-dnipro-m-230-mm-60t/
rashodnik,Витратні матеріали / Пиляльні диски,Пильний диск Dnipro-M Multi Cut 76 мм 10 мм,210.0,,,True,4.00,32,16825000,https://dnipro-m.ua/tovar/pilnyj-disk-multi-cut-76-mm-10-mm/
rashodnik,Витратні матеріали / Пиляльні диски,"Пиляльний диск Dnipro-M Standart 185×20/16×1,8 20Т",240.0,,,True,5.00,1,78678001,https://dnipro-m.ua/tovar/pilyalnij-disk-standart-185-20-16-18-20t/
rashodnik,Витратні матеріали / Пиляльні диски,Пиляльний диск Dnipro-M 185 20 16 20Т,270.0,,,False,4.44,16,19460001,https://dnipro-m.ua/tovar/pilnyj-disk-dnipro-m-185-mm-20t/
rashodnik,Витратні матеріали / Пиляльні диски,"Диск твердосплавний для КШМ Dnipro-M ULTRA 125 мм 22,2 мм",291.0,,,True,4.19,70,49307000,https://dnipro-m.ua/tovar/disk-tverdosplavnyj-dlya-ushm-ultra-125-mm/
rashodnik,Витратні матеріали / Пиляльні диски,"Пиляльний диск Dnipro-M Standart 185×20/16×1,8 48Т",300.0,,,True,4.89,9,78678002,https://dnipro-m.ua/tovar/pilyalnij-disk-standart-185-20-16-18-48t/
rashodnik,Витратні матеріали / Пиляльні диски,Пиляльний диск Dnipro-M 185 20/16 48Т,333.0,,,False,4.38,29,19460002,https://dnipro-m.ua/tovar/pilnyj-disk-dnipro-m-185-mm-48t/
rashodnik,Витратні матеріали / Пиляльні диски,Пиляльний диск Dnipro-M ULTRA 216 мм 30 25.4 24T,390.0,747.0,48,False,5.00,7,49726028-1,https://dnipro-m.ua/tovar/pilnyj-disk-ultra-216-mm-30-254-65mn-24t-po-derevu/
rashodnik,Витратні матеріали / Пиляльні диски,Пиляльний диск Dnipro-M ULTRA 235 мм 30 25.4 24T,420.0,678.0,38,False,5.00,8,49726017-1,https://dnipro-m.ua/tovar/pilnyj-disk-ultra-235-mm-30-254-65mn-24t-po-derevu/
rashodnik,Витратні матеріали / Пиляльні диски,"Пиляльний диск Dnipro-M Turbo Cut 165×20/16×1,8 24T",430.0,,,True,4.91,11,78675001,https://dnipro-m.ua/tovar/pilyalnij-disk-turbo-cut-165-20-16-18-24t/
rashodnik,Витратні матеріали / Пиляльні диски,Пиляльний диск Dnipro-M ULTRA 185 мм 20 16 24T,468.0,,,False,4.80,20,49726015,https://dnipro-m.ua/tovar/pilnyj-disk-ultra-185-mm-20-16-65mn-24t-po-derevu/
rashodnik,Витратні матеріали / Пиляльні диски,Пиляльний диск Dnipro-M ULTRA 185 мм 20 16 54Т,510.0,660.0,23,False,5.00,13,49726025-1,https://dnipro-m.ua/tovar/pilnyj-disk-ultra-185-mm-20-16-65mn-54t-alyum-plast-lam/
rashodnik,Витратні матеріали / Пиляльні диски,Пиляльний диск Dnipro-M ULTRA 235 мм 30 25.4 48Т,549.0,840.0,35,False,2.33,3,49726022-2,https://dnipro-m.ua/tovar/pilnyj-disk-ultra-235-mm-30-254-65mn-48t-po-derevu-dsp/
rashodnik,Витратні матеріали / Пиляльні диски,"Пиляльний диск Dnipro-M Turbo Cut 185×20/16×2,4 24T",560.0,,,True,5.00,3,78675002,https://dnipro-m.ua/tovar/pilyalnij-disk-turbo-cut-185-20-16-24-24t/
rashodnik,Витратні матеріали / Пиляльні диски,"Пиляльний диск Dnipro-M Clean Cut 165×20/16×1,6 42T",570.0,,,False,5.00,3,78676001,https://dnipro-m.ua/tovar/pilyalnij-disk-clean-cut-165-20-16-16-42t/
rashodnik,Витратні матеріали / Пиляльні диски,Пиляльний диск Dnipro-M ULTRA 210 мм 30 25.4 24T,576.0,,,True,5.00,8,49726016,https://dnipro-m.ua/tovar/pilnyj-disk-ultra-210-mm-30-254-65mn-24t-po-derevu/
rashodnik,Витратні матеріали / Пиляльні диски,Пиляльний диск Dnipro-M ULTRA 210 мм 30 25.4 60Т,597.0,798.0,25,False,3.73,15,49726026-1,https://dnipro-m.ua/tovar/pilnyj-disk-ultra-210-mm-30-254-65mn-60t-alyum-plast-lam/
rashodnik,Витратні матеріали / Пиляльні диски,"Пиляльний диск Dnipro-M Multi Material 165×20/16×1,8 48T",660.0,,,True,5.00,6,78677001,https://dnipro-m.ua/tovar/pilyalnij-disk-multi-material-165-20-16-18-48t/
rashodnik,Витратні матеріали / Пиляльні диски,"Пиляльний диск Dnipro-M Turbo Cut 235×30/25,4×2,6 24T",680.0,,,True,5.00,4,78675004,https://dnipro-m.ua/tovar/pilyalnij-disk-turbo-cut-235-30-254-26-24t/
rashodnik,Витратні матеріали / Пиляльні диски,"Пиляльний диск Dnipro-M Turbo Cut 210×30/25,4×2,4 24T",720.0,,,True,5.00,5,78675003,https://dnipro-m.ua/tovar/pilyalnij-disk-turbo-cut-210-30-254-24-24t/
rashodnik,Витратні матеріали / Пиляльні диски,"Пиляльний диск Dnipro-M Clean Cut 185×20/16×2,6 48Т",720.0,,,True,5.00,4,78676002,https://dnipro-m.ua/tovar/pilyalnij-disk-clean-cut-185-20-16-26-48t/
rashodnik,Витратні матеріали / Пиляльні диски,Пиляльний диск Dnipro-M ULTRA 305 мм 30 25.4 42T,720.0,1305.0,45,True,4.56,9,49726019-2,https://dnipro-m.ua/tovar/pilnyj-disk-ultra-305-mm-30-254-65mn-42t-po-derevu/
rashodnik,Витратні матеріали / Пиляльні диски,Пиляльний диск Dnipro-M ULTRA 255 мм 30 25.4 60Т,789.0,1140.0,31,False,5.00,7,49726023-1,https://dnipro-m.ua/tovar/pilnyj-disk-ultra-255-mm-30-254-65mn-60t-po-derevu-dsp/
rashodnik,Витратні матеріали / Пиляльні диски,"Пиляльний диск Dnipro-M Multi Material 185×20/16×2,4 54Т",885.0,,,True,4.50,2,78677002,https://dnipro-m.ua/tovar/pilyalnij-disk-multi-material-185-20-16-24-54t/
rashodnik,Витратні матеріали / Пиляльні диски,"Пиляльний диск Dnipro-M Clean Cut 210×30/25,4×2,8 48Т",900.0,,,True,5.00,2,78676003,https://dnipro-m.ua/tovar/pilyalnij-disk-clean-cut-210-30-254-28-48t/
rashodnik,Витратні матеріали / Пиляльні диски,"Пиляльний диск Dnipro-M Clean Cut 235×30/25,4×2,8 48Т",900.0,,,False,5.00,3,78676004,https://dnipro-m.ua/tovar/pilyalnij-disk-clean-cut-235-30-254-28-48t/
rashodnik,Витратні матеріали / Пиляльні диски,Пиляльний диск Dnipro-M ULTRA 305 мм 30 25.4 72Т,900.0,1890.0,52,False,4.00,4,49726024-1,https://dnipro-m.ua/tovar/pilnyj-disk-ultra-305-mm-30-254-65mn-72t-po-derevu-dsp/
rashodnik,Витратні матеріали / Пиляльні диски,Пиляльний диск Dnipro-M ULTRA 255 мм 30 25.4 42T,975.0,,,False,4.86,14,49726018,https://dnipro-m.ua/tovar/pilnyj-disk-ultra-255-mm-30-254-65mn-42t-po-derevu/
rashodnik,Витратні матеріали / Пиляльні диски,"Пиляльний диск Dnipro-M Multi Material 210×30/25,4×2,4 60Т",1005.0,,,True,5.00,5,78677003,https://dnipro-m.ua/tovar/pilyalnij-disk-multi-material-210-30-254-24-60t/
rashodnik,Витратні матеріали / Пиляльні диски,"Пиляльний диск Dnipro-M Clean Cut 255×30/25,4×2,8 42T",1350.0,,,True,5.00,5,78676005,https://dnipro-m.ua/tovar/pilyalnij-disk-clean-cut-255-30-254-28-42t/
rashodnik,Витратні матеріали / Пиляльні диски,"Пиляльний диск Dnipro-M Clean Cut 255×30/25,4×2,8 48Т",1500.0,,,True,5.00,3,78676006,https://dnipro-m.ua/tovar/pilyalnij-disk-clean-cut-255-30-25428-48t/
rashodnik,Витратні матеріали / Пиляльні диски,"Пиляльний диск Dnipro-M Clean Cut 305×30/25,4×3 54T",1650.0,,,True,,0,78676007,https://dnipro-m.ua/tovar/pilyalnij-disk-clean-cut-305-30-254-3-54t/
rashodnik,Витратні матеріали / Пиляльні диски,"Пиляльний диск Dnipro-M Multi Material 255×30/25,4×3 84Т",1950.0,,,False,5.00,4,78677004,https://dnipro-m.ua/tovar/pilyalnij-disk-multi-material-255-30-254-3-84t/
rashodnik,Витратні матеріали / Пиляльні диски,"Пиляльний диск Dnipro-M Multi Material 305×30/25,4×3 96T",2100.0,,,True,5.00,4,78677005,https://dnipro-m.ua/tovar/pilyalnij-disk-multi-material-305-30-254-3-96t/
rashodnik,Витратні матеріали / Пиляльні полотна,Пильне полотно для лобзика Dnipro-M T119BO (3 шт.),60.0,,,True,,0,98611001,https://dnipro-m.ua/tovar/pilnoe-polotno-dlya-lobzika-t119bo-3-sht/
rashodnik,Витратні матеріали / Пиляльні полотна,Пильне полотно для лобзика Dnipro-M T111C,69.0,,,True,,0,98611002,https://dnipro-m.ua/tovar/pilnoe-polotno-dlya-lobzika-t111c-3-sht/
rashodnik,Витратні матеріали / Пиляльні полотна,Пильне полотно для лобзика Dnipro-M T144D Progressor,72.0,,,True,5.00,3,98611003,https://dnipro-m.ua/tovar/pilnoe-polotno-dlya-lobzika-t144d-progressor-3-sht/
rashodnik,Витратні матеріали / Пиляльні полотна,Пильне полотно для лобзика Dnipro-M T101D,72.0,,,True,4.33,3,98611008,https://dnipro-m.ua/tovar/pilnoe-polotno-dlya-lobzika-t101d-3-sht/
rashodnik,Витратні матеріали / Пиляльні полотна,Пильне полотно для лобзика Dnipro-M T101BR (3 шт.),84.0,,,True,4.22,18,98611007,https://dnipro-m.ua/tovar/pilnoe-polotno-dlya-lobzika-t101br-3-sht/
rashodnik,Витратні матеріали / Пиляльні полотна,Пильне полотно для лобзика Dnipro-M T101AO (3 шт.),84.0,,,True,4.20,5,98611005,https://dnipro-m.ua/tovar/pilnoe-polotno-dlya-lobzika-t101ao-3-sht/
rashodnik,Витратні матеріали / Пиляльні полотна,Пильне полотно для лобзика Dnipro-M T244D Progressor,87.0,,,True,4.43,7,98611004,https://dnipro-m.ua/tovar/pilnoe-polotno-dlya-lobzika-t244d-progressor-3-sht/
rashodnik,Витратні матеріали / Пиляльні полотна,Пильне полотно для лобзика Dnipro-M T101B (3 шт.),96.0,,,True,4.10,10,98611006,https://dnipro-m.ua/tovar/pilnoe-polotno-dlya-lobzika-t101b-3-sht/
rashodnik,Витратні матеріали / Пиляльні полотна,Пильне полотно для лобзика Dnipro-M T301CD,105.0,,,True,4.50,6,98611010,https://dnipro-m.ua/tovar/pilnoe-polotno-dlya-lobzika-t301cd-3-sht/
rashodnik,Витратні матеріали / Пиляльні полотна,Пильне полотно для лобзика Dnipro-M T744D 2 шт.,114.0,,,True,4.22,9,98613001,https://dnipro-m.ua/tovar/pilnoe-polotno-dlya-lobzika-t744d-2-sht/
rashodnik,Витратні матеріали / Пиляльні полотна,Пильне полотно для лобзика Dnipro-M T344CB Double-sided,114.0,,,True,4.43,7,98613005,https://dnipro-m.ua/tovar/pilnoe-polotno-dlya-lobzika-t344cb-double-sided-2-sht/
rashodnik,Витратні матеріали / Пиляльні полотна,Пильне полотно для лобзика Dnipro-M T234X Progressor,114.0,,,True,4.00,4,98611009,https://dnipro-m.ua/tovar/pilnoe-polotno-dlya-lobzika-t234x-progressor-3-sht/
rashodnik,Витратні матеріали / Пиляльні полотна,Пильне полотно для шабельної пили Dnipro-M S 644 D,114.0,,,True,4.33,6,49813000,https://dnipro-m.ua/tovar/pilnoe-polotno-dlya-sabelnoj-pily-s-644-d/
rashodnik,Витратні матеріали / Пиляльні полотна,Пильне полотно для лобзика Dnipro-M T101AIF BIM,120.0,,,True,4.20,10,98613003,https://dnipro-m.ua/tovar/pilnoe-polotno-dlya-lobzika-t101aif-bim-2-sht/
rashodnik,Витратні матеріали / Пиляльні полотна,Пильне полотно для шабельної пили Dnipro-M по металу S 918 BF,120.0,,,False,5.00,2,52430000,https://dnipro-m.ua/tovar/pilne-polotno-dlya-sabelnoi-pili-po-metalu-s918bf/
rashodnik,Витратні матеріали / Пиляльні полотна,Пильне полотно для шабельної пили Dnipro-M по металу S 922 AF,126.0,,,True,4.33,6,52432000,https://dnipro-m.ua/tovar/pilne-polotno-dlya-sabelnoi-pili-po-metalu-s-922-af/
rashodnik,Витратні матеріали / Пиляльні полотна,Пильне полотно для шабельної пили Dnipro-M по металу S 123 XF,126.0,,,False,4.00,18,52433000,https://dnipro-m.ua/tovar/pilne-polotno-dlya-sabelnoi-pili-po-metalu-s-123-xf/
rashodnik,Витратні матеріали / Пиляльні полотна,Пильне полотно для лобзика Dnipro-M T308BF BIM 2 шт.,138.0,,,True,4.44,9,98613004,https://dnipro-m.ua/tovar/pilnoe-polotno-dlya-lobzika-t308bf-bim-2-sht/
rashodnik,Витратні матеріали / Пиляльні полотна,Набір пильних полотен для лобзика Dnipro-M 5 шт.,162.0,,,True,4.08,12,98612000,https://dnipro-m.ua/tovar/nabor-pilnykh-poloten-dlya-lobzika-5sht/
rashodnik,Витратні матеріали / Пиляльні полотна,Пильне полотно для шабельної пили Dnipro-M по металу S1122 BF,162.0,,,True,4.00,11,52431000,https://dnipro-m.ua/tovar/pilne-polotno-dlya-sabelnoi-pili-po-metalu-s-1122-bf/
rashodnik,Витратні матеріали / Пиляльні полотна,Пильне полотно для лобзика Dnipro-M T118A Progressor,168.0,,,True,4.44,9,98611011,https://dnipro-m.ua/tovar/pilnoe-polotno-dlya-lobzika-t118a-progressor-3-sht/
rashodnik,Витратні матеріали / Пиляльні полотна,Пильне полотно для шабельної пили Dnipro-M S 1 542 K,177.0,,,True,4.25,16,49815000,https://dnipro-m.ua/tovar/pilnoe-polotno-dlya-sabelnoj-pily-s-1542-k/
rashodnik,Витратні матеріали / Пиляльні полотна,Пильне полотно для шабельної пили Dnipro-M S 1122 HF,180.0,,,False,4.33,6,49816000,https://dnipro-m.ua/tovar/pilnoe-polotno-dlya-sabelnoj-pily-s-1122-hf/
rashodnik,Витратні матеріали / Пиляльні полотна,Пильне полотно для шабельної пили Dnipro-M S 1131 L,192.0,,,True,4.05,20,49812000,https://dnipro-m.ua/tovar/pilnoe-polotno-dlya-sabelnoj-pily-s-1131-l/
rashodnik,Витратні матеріали / Пиляльні полотна,Пильне полотно для шабельної пили Dnipro-M Progressor S 2345 X,213.0,,,True,4.60,10,49819000,https://dnipro-m.ua/tovar/pilnoe-polotno-dlya-sabelnoj-pily-progressor-s-2345-x/
rashodnik,Витратні матеріали / Пиляльні полотна,Набір пильних полотен для лобзика Dnipro-M 10 шт.,330.0,,,True,4.75,24,98610000,https://dnipro-m.ua/tovar/nabor-pilnykh-poloten-dlya-lobzika-10sht/
rashodnik,Витратні матеріали / Пиляльні полотна,Тримач пиляльних полотен Dnipro-M SB-2,399.0,,,True,4.52,29,99436000,https://dnipro-m.ua/tovar/trimach-pilyalnikh-poloten-sb-2/
rashodnik,Витратні матеріали / Пиляльні полотна,Набір полотен для шабельної пили Dnipro-M в тубусі (5 шт.),672.0,,,True,4.83,29,49821000,https://dnipro-m.ua/tovar/nabor-poloten-dlya-sabelnoj-pily-v-tubuse-5-sht/
rashodnik,Витратні матеріали / Пиляльні полотна,Пильне полотно для шабельної пили Dnipro-M TCT S1243 HM,684.0,,,True,4.64,28,49820000,https://dnipro-m.ua/tovar/pilnoe-polotno-dlya-sabelnoj-pily-tct-s1243-hm/
rashodnik,Витратні матеріали / Пиляльні полотна,"Пиляльні полотна Dnipro-M, S 2243 HM, TCT, 455 мм (по бетону)",957.0,,,True,4.00,11,20499000,https://dnipro-m.ua/tovar/pilnye-polotnas-2243-hm-tct-455-mm-po-betonu/
rashodnik,Витратні матеріали / Полотна та ножі для станків,Полотно для стрічкопильного верстата Dnipro-M SB-2240 W 6/4,693.0,,,False,5.00,2,20784001,https://dnipro-m.ua/tovar/polotno-dlya-lentochnopilnogo-stanka-sb-2240-w-64/
rashodnik,Витратні матеріали / Полотна та ножі для станків,Полотно для стрічкопильного верстата Dnipro-M SB-2240,1050.0,,,False,4.67,3,08223002,https://dnipro-m.ua/tovar/polotno-dlya-lentochnopilnogo-stanka-sb-2240/
rashodnik,Витратні матеріали / Полотна та ножі для станків,Лезо для рейсмусового станка Dnipro-M KP-330,2199.0,,,True,4.62,26,98704000,https://dnipro-m.ua/tovar/lezvie-dlya-rejsmusovogo-stanka-kp-330/
rashodnik,Витратні матеріали / Полірувальні круги,Диск-основа Dnipro-M ULTRA з перехідником 150 мм 10 мм (1 шт.),120.0,147.0,18,False,5.00,7,49332000-1,https://dnipro-m.ua/tovar/disk-osnova-ultra-s-perekhodnikom-150-mm-25-mm/
rashodnik,Витратні матеріали / Полірувальні круги,Полірувальний круг Dnipro-M PS-2 90 мм напівтвердий,141.0,,,True,5.00,4,15331000,https://dnipro-m.ua/tovar/polirovalnyj-krug-ps-2-90-mm-polutverdyj/
rashodnik,Витратні матеріали / Полірувальні круги,Диск-основа Dnipro-M VP-20 70 мм 20 мм конусний,156.0,,,True,5.00,4,15333002,https://dnipro-m.ua/tovar/disk-osnova-vp-20-70-mm-20-mm-konusnyj/
rashodnik,Витратні матеріали / Полірувальні круги,Полірувальний круг Dnipro-M PS-2 125 мм напівтвердий,177.0,,,True,4.60,5,41988000,https://dnipro-m.ua/tovar/poliruvalnui-krug-ps-2-125-mm/
rashodnik,Витратні матеріали / Полірувальні круги,Диск-основа Dnipro-M VP-15 100 мм,204.0,,,True,5.00,1,15333003,https://dnipro-m.ua/tovar/disk-osnova-vp-15-100-mm/
rashodnik,Витратні матеріали / Полірувальні круги,Диск-основа Dnipro-M VP-30 125 мм 30 мм конусний,213.0,,,True,5.00,4,15333001,https://dnipro-m.ua/tovar/disk-osnova-vp-30-125-mm-30-mm-konusnyj/
rashodnik,Витратні матеріали / Полірувальні круги,Полірувальний круг Dnipro-M PS-3 150 мм м'який,249.0,,,True,5.00,6,15330000,https://dnipro-m.ua/tovar/polirovalnyj-krug-ps-3-150-mm-myagkij/
rashodnik,Витратні матеріали / Полірувальні круги,Полірувальний круг Dnipro-M PD-2 150 мм напівтвердий,249.0,,,True,5.00,4,15332000,https://dnipro-m.ua/tovar/polirovalnyj-krug-pd-2-150-mm-polutverdyj/
rashodnik,Витратні матеріали / Полірувальні круги,Полірувальний круг Dnipro-M PS-1 150 мм жорсткий,249.0,,,False,4.50,14,15328000,https://dnipro-m.ua/tovar/polirovalnyj-krug-ps-1-150-mm-zhestkij/
rashodnik,Витратні матеріали / Полірувальні круги,Полірувальний круг Dnipro-M PS-2 150 мм напівтвердий,249.0,,,False,4.25,8,15329000,https://dnipro-m.ua/tovar/polirovalnyj-krug-ps-2-150-mm-polutverdyj/
rashodnik,Витратні матеріали / Саморізи та шурупи,"Саморіз для г/к Dnipro-M по металу 3,5х25 мм фосф.",99.0,302.0,67,False,4.20,30,41316010-1,https://dnipro-m.ua/tovar/samorez-dlya-gk-po-metallu-35x25-mm/
rashodnik,Витратні матеріали / Саморізи та шурупи,"Саморіз по металу Dnipro-M 3,5х9,5 мм",99.0,272.0,64,False,3.53,15,41316012-1,https://dnipro-m.ua/tovar/samorez-po-metallu-35x95-mm-oczinkovannyj/
rashodnik,Витратні матеріали / Саморізи та шурупи,"Саморіз для г/к Dnipro-M по дереву 3,5х16 мм фосф.",129.0,229.0,44,False,3.33,3,41316001-1,https://dnipro-m.ua/tovar/samorez-dlya-gk-po-derevu-35x16-mm/
rashodnik,Витратні матеріали / Саморізи та шурупи,"Саморіз для г/к Dnipro-M по дереву 4,8х120 мм фосф.",135.0,243.0,44,False,2.67,3,41316009-1,https://dnipro-m.ua/tovar/samorez-dlya-gk-po-derevu-48x120-mm/
rashodnik,Витратні матеріали / Саморізи та шурупи,"Саморіз для г/к Dnipro-M по дереву 3,5х25 мм фосф.",150.0,301.0,50,False,5.00,3,41316002-1,https://dnipro-m.ua/tovar/samorez-dlya-gk-po-derevu-35x25-mm/
rashodnik,Витратні матеріали / Саморізи та шурупи,"Саморіз для г/к Dnipro-M по дереву 4,8х100 мм фосф.",198.0,350.0,43,False,1.00,1,41316008-1,https://dnipro-m.ua/tovar/samorez-dlya-gk-po-derevu-48x100-mm/
rashodnik,Витратні матеріали / Саморізи та шурупи,"Саморіз для г/к Dnipro-M по дереву 3,5х35 мм фосф.",210.0,379.0,45,False,5.00,2,41316003-1,https://dnipro-m.ua/tovar/samorez-dlya-gk-po-derevu-35x35-mm/
rashodnik,Витратні матеріали / Саморізи та шурупи,"Саморіз для г/к Dnipro-M по металу 3,5х35 мм фосф.",219.0,380.0,42,False,3.64,11,41316011-1,https://dnipro-m.ua/tovar/samorez-dlya-gk-po-metallu-35x35-mm/
rashodnik,Витратні матеріали / Свердла,Свердла алмазні трубчасті Дніпро-М Екстра-Кераміка 5 мм,12.0,21.0,43,False,5.00,1,67580001-1,https://dnipro-m.ua/tovar/sverlo-po-keramike-trubchastoe-5-mm/
rashodnik,Витратні матеріали / Свердла,Свердло по бетону Dnipro-M ULTRA 6 мм 200 мм тригранний хвостовик 1 шт.,39.0,69.0,43,False,3.00,2,19209014-1,https://dnipro-m.ua/tovar/sverlo-po-betonu-ultra-6-mm-200-mm/
rashodnik,Витратні матеріали / Свердла,Свердло по дереву Dnipro-M подовжене 7 мм 300 мм,39.0,63.0,38,False,4.33,3,98834002-1,https://dnipro-m.ua/tovar/sverlo-po-derevu-udlinennoe-7-mm-300-mm/
rashodnik,Витратні матеріали / Свердла,Свердло по металу Dnipro-M P6M5K5 3.3 мм 2 шт.,57.0,,,True,,0,19445030,https://dnipro-m.ua/tovar/sverdlo-po-metali-p6m5k5-3-3-mm/
rashodnik,Витратні матеріали / Свердла,Свердло по металу Dnipro-M HSS4341 Impact 2 мм 2 шт.,61.0,,,True,4.78,9,99639001,https://dnipro-m.ua/tovar/sverdlo-po-metalu-hss4341-impact-2-mm-2-sht/
rashodnik,Витратні матеріали / Свердла,Свердло алмазне трубчасте Dnipro-M Екстра-Кераміка 5 мм 2 шт.,66.0,,,False,4.20,10,19208006,https://dnipro-m.ua/tovar/sverlo-almaznoe-trubchatoe-ekstra-keramika-5-mm-2-sht/
rashodnik,Витратні матеріали / Свердла,Свердло по металу Dnipro-M HSS4341 Impact 3 мм 2 шт.,72.0,,,True,4.42,12,99639002,https://dnipro-m.ua/tovar/sverdlo-po-metalu-hss4341-impact-3-mm-2-sht/
rashodnik,Витратні матеріали / Свердла,"Свердло конфірматне Dnipro-M 4,7/6,3 мм сталь HSS",75.0,,,False,3.60,72,19807001,https://dnipro-m.ua/tovar/sverlo-konfirmatnoe-4763-mm-stal-hss/
rashodnik,Витратні матеріали / Свердла,Свердло по дереву Dnipro-M подовжене 13 мм 300 мм,75.0,117.0,36,False,3.00,2,98834006-1,https://dnipro-m.ua/tovar/sverlo-po-derevu-udlinennoe-13-mm-300-mm/
rashodnik,Витратні матеріали / Свердла,Сверло по бетону Dnipro-M ULTRA 5 мм 150 мм тригранний хвостовик 1 шт.,78.0,,,True,5.00,4,19209008,https://dnipro-m.ua/tovar/sverlo-po-betonu-ultra-5-mm-150-mm/
rashodnik,Витратні матеріали / Свердла,Свердло по бетону Dnipro-M ULTRA 6 мм 150 мм тригранний хвостовик 1 шт.,81.0,,,True,4.27,11,19209010,https://dnipro-m.ua/tovar/sverlo-po-betonu-ultra-6-mm-150-mm/
rashodnik,Витратні матеріали / Свердла,Свердло по металу Dnipro-M HSS4341 Impact 4 мм 2 шт.,87.0,,,True,5.00,1,99639003,https://dnipro-m.ua/tovar/sverdlo-po-metalu-hss4341-impact-4-mm-2-sht/
rashodnik,Витратні матеріали / Свердла,Свердло по металу Dnipro-M HSS4341 Impact 5 мм 1 шт.,96.0,,,True,4.33,3,99639004,https://dnipro-m.ua/tovar/sverdlo-po-metalu-hss4341-impact-5-mm-1-sht/
rashodnik,Витратні матеріали / Свердла,Свердло по металу Dnipro-M HSS4341 Impact 6 мм 1 шт.,99.0,,,True,4.23,13,99639005,https://dnipro-m.ua/tovar/sverdlo-po-metalu-hss4341-impact-6-mm-1-sht/
rashodnik,Витратні матеріали / Свердла,Свердло Форстнера Dnipro-M 15 мм,108.0,,,True,4.33,24,19716001,https://dnipro-m.ua/tovar/sverlo-forstnera-15-mm/
rashodnik,Витратні матеріали / Свердла,Свердло по металу Dnipro-M HSS4341 Impact 8 мм 1 шт.,108.0,,,True,4.18,11,99639006,https://dnipro-m.ua/tovar/sverdlo-po-metalu-hss4341-impact-8-mm-1-sht/
rashodnik,Витратні матеріали / Свердла,Свердло по кераміці і склу Dnipro-M (8 мм),120.0,,,True,4.02,43,19214003,https://dnipro-m.ua/tovar/sverlo-po-keramike-i-steklu-8-mm/
rashodnik,Витратні матеріали / Свердла,"Свердло конфірматне Dnipro-M HSS 4241 4,5 мм 1 шт.",120.0,,,True,4.44,9,48096000,https://dnipro-m.ua/tovar/sverdlo-konfirmatne-hss-4241-4-5mm-1sht/
rashodnik,Витратні матеріали / Свердла,"Свердло-мітчик Dnipro-M HSS M2 (М4 х 0,7 мм)",120.0,189.0,37,False,2.71,7,98514002-1,https://dnipro-m.ua/tovar/sverlo-metchik-hss-m2-m4-kh-07-mm/
rashodnik,Витратні матеріали / Свердла,"Свердло-мітчик Dnipro-M HSS M2 (М5 х 0,8 мм)",120.0,195.0,38,False,3.63,8,98514003-1,https://dnipro-m.ua/tovar/sverlo-metchik-hss-m2-m5-kh-08-mm/
rashodnik,Витратні матеріали / Свердла,Кернер автоматичний Dnipro-M 130 мм,120.0,210.0,43,False,4.17,63,82616000-1,https://dnipro-m.ua/tovar/kerner-avtomaticheskij-130-mm/
rashodnik,Витратні матеріали / Свердла,Шаблон для меблевих ручок Dnipro-M 2 в 1 з розміткою,126.0,252.0,50,False,4.09,11,49931000-1,https://dnipro-m.ua/tovar/shablon-dlya-mebelnykh-ruchek-2-v-1/
rashodnik,Витратні матеріали / Свердла,Свердло по бетону Dnipro-M ULTRA 10 мм 120 мм тригранний хвостовик 1 шт.,132.0,,,True,4.00,7,19209001,https://dnipro-m.ua/tovar/sverlo-po-betonu-ultra-10-mm-120-mm/
rashodnik,Витратні матеріали / Свердла,Свердло по бетону Dnipro-M ULTRA 8 мм 150 мм тригранний хвостовик 1 шт.,135.0,,,False,5.00,2,19209012,https://dnipro-m.ua/tovar/sverlo-po-betonu-ultra-8-mm-150-mm/
rashodnik,Витратні матеріали / Свердла,"Свердло по металу Dnipro-M P6M5K5 10,5 мм 1 шт.",150.0,,,True,4.04,27,19445031,https://dnipro-m.ua/tovar/sverdlo-po-metalu-10-5-mm-1-sht/
rashodnik,Витратні матеріали / Свердла,Свердло по бетону Dnipro-M ULTRA 12 мм 150 мм тригранний хвостовик 1 шт.,156.0,,,True,4.56,9,19209005,https://dnipro-m.ua/tovar/sverlo-po-betonu-ultra-12-mm-150-mm/
rashodnik,Витратні матеріали / Свердла,Свердло по металу Dnipro-M HSS4341 Impact 10 мм 1 шт.,169.0,,,True,5.00,3,99639007,https://dnipro-m.ua/tovar/sverdlo-po-metalu-hss4341-impact-10-mm-1-sht/
rashodnik,Витратні матеріали / Свердла,Свердло алмазне для дрилі Dnipro-M ULTRA 8 мм,183.0,279.0,34,True,3.43,7,49725002-1,https://dnipro-m.ua/tovar/sverlo-almaznoe-dlya-dreli-ultra-8-mm/
rashodnik,Витратні матеріали / Свердла,Свердло по металу (з проточкою) Dnipro-M P6M5K5 14 мм (1 шт.),198.0,291.0,32,True,5.00,3,19445027-1,https://dnipro-m.ua/tovar/sverlo-po-metallu-s-protochkoj-p6m5k5-14-mm/
rashodnik,Витратні матеріали / Свердла,Набір обмежувальних кілець для свердління Profi Dnipro-M 3-16 мм 8 шт.,198.0,,,True,4.00,20,21176000,https://dnipro-m.ua/tovar/nabor-ogranichitelnykh-kolecz-dlya-sverleniya-profi-3-16-mm-8sht/
rashodnik,Витратні матеріали / Свердла,Свердло алмазне для дрилі Dnipro-M ULTRA 10 мм,198.0,306.0,35,False,5.00,2,49725003-1,https://dnipro-m.ua/tovar/sverlo-almaznoe-dlya-dreli-ultra-10-mm/
rashodnik,Витратні матеріали / Свердла,"Центруюча направляюча для алмазних свердл Dnipro-M (4-12 мм), водяне охолодження",216.0,324.0,33,False,4.38,8,49928000-1,https://dnipro-m.ua/tovar/czentriruyushhaya-napravlyayushhaya-dlya-almaznykh-sverl-4-12-mm/
rashodnik,Витратні матеріали / Свердла,Набір свердел по дереву Dnipro-M 8 шт. (3-10 мм),225.0,,,False,4.39,75,19215000,https://dnipro-m.ua/tovar/nabor-sverl-po-derevu/
rashodnik,Витратні матеріали / Свердла,Кернер автоматичний Dnipro-M 130 мм,225.0,,,False,4.55,11,48098000,https://dnipro-m.ua/tovar/kerner-avtomatichnij-130-mm/
rashodnik,Витратні матеріали / Свердла,Набір коронок по дереву Dnipro-M 25-65 мм 7в1,240.0,,,True,4.25,12,48095000,https://dnipro-m.ua/tovar/nabir-koronok-po-derevu-25-65mm-7v1/
rashodnik,Витратні матеріали / Свердла,Свердло-мітчик Dnipro-M HSS M2 (М6 х 1 мм),240.0,,,False,4.38,32,98514004,https://dnipro-m.ua/tovar/sverlo-metchik-hss-m2-m6-kh-1-mm/
rashodnik,Витратні матеріали / Свердла,Свердло алмазне для КШМ Dnipro-M ULTRA 10 мм,240.0,354.0,32,False,5.00,2,49724003-1,https://dnipro-m.ua/tovar/sverlo-almaznoe-dlya-ushm-ultra-10-mm/
rashodnik,Витратні матеріали / Свердла,Свердло алмазне для КШМ Dnipro-M ULTRA 8 мм,240.0,354.0,32,False,4.11,9,49724002-1,https://dnipro-m.ua/tovar/sverlo-almaznoe-dlya-ushm-ultra-8-mm/
rashodnik,Витратні матеріали / Свердла,Свердло по металу Dnipro-M P6M5K5 13 мм (1 шт.),255.0,,,False,4.33,6,19445022,https://dnipro-m.ua/tovar/sverlo-po-metallu-r6-m5-13-mm/
rashodnik,Витратні матеріали / Свердла,Свердло по металу (з проточкою) Dnipro-M P6M5K5 15 мм (1 шт.),258.0,357.0,28,False,3.33,3,19445028-1,https://dnipro-m.ua/tovar/sverlo-po-metallu-s-protochkoj-p6m5k5-15-mm/
rashodnik,Витратні матеріали / Свердла,Свердло східчасте Dnipro-M P6M5 шестигр. хвостовик 4-20 мм,261.0,,,True,4.00,125,81720000,https://dnipro-m.ua/tovar/sverlo-stupenchatoe-p6m5-shestigr-4-20-mm/
rashodnik,Витратні матеріали / Свердла,Свердло східчасте Dnipro-M Р6М5 3-14мм,261.0,,,False,4.39,18,20651000,https://dnipro-m.ua/tovar/sverlo-stupenchatoe-r6m5-3-14mm/
rashodnik,Витратні матеріали / Свердла,Набір свердел-фрез Dnipro-M 3-8 мм 5 шт.,279.0,,,True,3.31,16,20664000,https://dnipro-m.ua/tovar/nabor-sverl-frez-3-8-mm-5-sht/
rashodnik,Витратні матеріали / Свердла,Набір шаблонів для меблевої фурнітури Dnipro-M 5 в 1,282.0,420.0,33,False,4.67,6,21174000-1,https://dnipro-m.ua/tovar/nabor-shablonov-dlya-mebelnoj-furnitury-5-v-1/
rashodnik,Витратні матеріали / Свердла,Свердло по металу Dnipro-M P6M5 BOX (12 мм) (5 шт.),300.0,354.0,15,True,,0,19446002-1,https://dnipro-m.ua/tovar/sverlo-po-metalu-p6m5-box-12-mm-5-sht/
rashodnik,Витратні матеріали / Свердла,Свердло Форстнера Dnipro-M Ultra з обмежувачем 35 мм,333.0,,,True,4.75,32,19717001,https://dnipro-m.ua/tovar/sverlo-forstnera-ultra-s-ogranichitelem-35-mm/
rashodnik,Витратні матеріали / Свердла,Набір зенківок Dnipro-M по дереву 3 шт.,342.0,,,True,3.91,11,21845000,https://dnipro-m.ua/tovar/nabor-zenkovok-derevo-3-sht/
rashodnik,Витратні матеріали / Свердла,Кондуктор для свердління отворів під шканти Dnipro-M 6-10 мм,357.0,,,True,4.62,34,49930000,https://dnipro-m.ua/tovar/konduktor-dlya-sverleniya-otverstij-pod-shkanty-6-10-mm/
rashodnik,Витратні матеріали / Свердла,"Набір свердел по бетону Dnipro-M ULTRA 5 шт. 4, 5, 6, 8, 10 мм",360.0,,,False,4.50,30,15273000,https://dnipro-m.ua/tovar/nabor-sverl-po-betonu-ultra-5-sht/
rashodnik,Витратні матеріали / Свердла,"Набір свердел по металу Dnipro-M (13 шт.) (1,5-6,5 мм) P6M5K5",420.0,,,True,4.26,152,19216000,https://dnipro-m.ua/tovar/tovar-nabor-sverl-po-metalu/
rashodnik,Витратні матеріали / Свердла,"Набір перових свердел Dnipro-M 10 шт., 10-25 мм, з подовж., в чохлі",468.0,588.0,20,True,4.62,29,21689000-1,https://dnipro-m.ua/tovar/nabor-perevykh-sverl-10-sht-10-25-mm/
rashodnik,Витратні матеріали / Свердла,"Набір зенківок Dnipro-M по металу 6 шт. 6,3-20,5 мм",540.0,978.0,45,False,4.75,16,21844000-1,https://dnipro-m.ua/tovar/nabor-zenkovok-metall-6-sht/
rashodnik,Витратні матеріали / Свердла,"Комплект для з'єднання ""косий шуруп"" Dnipro-M 35 в 1",600.0,1311.0,54,False,4.79,14,21175000-1,https://dnipro-m.ua/tovar/komplekt-dlya-soedineniya-kosoj-shurup-35-in-1/
rashodnik,Витратні матеріали / Свердла,Набір свердел по металу Dnipro-M Р6М5К5 1-10 мм 10 шт.,630.0,,,False,4.57,30,17607000,https://dnipro-m.ua/tovar/nabor-svyorl-po-metallu-r6m5k5-1-10-mm-10-sht/
rashodnik,Витратні матеріали / Свердла,Набір східчастих свердел Dnipro-M 3 шт. (4-12мм; 4-20мм; 4-30мм),840.0,,,False,4.00,16,21843000,https://dnipro-m.ua/tovar/nabor-stupenchatykh-sverl-4-12mm-4-20mm-4-30mm/
rashodnik,Витратні матеріали / Свердла,Набір свердел по металу Dnipro-M Р6М5К5 1-10 мм 19 шт.,1020.0,,,False,4.33,40,17608000,https://dnipro-m.ua/tovar/nabor-svyorl-po-metallu-r6m5k5-1-10-mm-19-sht/
rashodnik,Витратні матеріали / Свердла,Набір свердел і біт Dnipro-M (41 шт),1350.0,,,False,4.54,74,16313000,https://dnipro-m.ua/tovar/nabor-sverl-i-bit-impact-41-sht/
rashodnik,Витратні матеріали / Свердла,Свердло алмазне для КШМ Dnipro-M ULTRA 72 мм,1977.0,,,True,5.00,6,49724012,https://dnipro-m.ua/tovar/sverlo-almaznoe-dlya-ushm-ultra-72-mm/
rashodnik,Витратні матеріали / Свердла,Набір свердел і біт Dnipro-M (62 шт.),2250.0,,,False,4.30,73,16314000,https://dnipro-m.ua/tovar/nabor-sverl-i-bit-impact-62-sht/
rashodnik,Витратні матеріали / Скоби для степлера,"Скоби гартовані, оцинковані Dnipro-M 53 (А) 8 мм",39.0,,,True,,0,19053002,https://dnipro-m.ua/tovar/skoby-usilennye-dlya-stroitelnogo-steplera-8-mm/
rashodnik,Витратні матеріали / Скоби для степлера,"Скоби гартовані, оцинковані Dnipro-M 53 (А) 6 мм",39.0,,,True,4.88,8,19053001,https://dnipro-m.ua/tovar/skoby-usilennye-dlya-stroitelnogo-steplera-6-mm/
rashodnik,Витратні матеріали / Скоби для степлера,"Скоби гартовані, оцинковані Dnipro-M 53 (А) 10 мм",42.0,,,False,5.00,9,19053003,https://dnipro-m.ua/tovar/skoby-usilennye-dlya-stroitelnogo-steplera-10-mm/
rashodnik,Витратні матеріали / Скоби для степлера,"Скоби гартовані, оцинковані Dnipro-M 53 (А) 12 мм",45.0,,,True,5.00,7,19053004,https://dnipro-m.ua/tovar/skoby-usilennye-dlya-stroitelnogo-steplera-12-mm/
rashodnik,Витратні матеріали / Скоби для степлера,"Скоби гартовані, оцинковані Dnipro-M 53 (А) 14 мм",48.0,,,True,4.70,10,19053005,https://dnipro-m.ua/tovar/skoby-usilennye-dlya-stroitelnogo-steplera-14-mm/
rashodnik,Витратні матеріали / Скоби для степлера,Шпильки для будівельного степлера Dnipro-M 500 14 мм,54.0,,,True,4.19,16,19055000,https://dnipro-m.ua/tovar/shpilki-dlya-stroitelnogo-steplera-14-mm-1000-sht/
rashodnik,Витратні матеріали / Скоби для степлера,Цвяхи для будівельного степлера Dnipro-M 300 (E/J) 14 мм,54.0,,,False,4.93,15,19054000,https://dnipro-m.ua/tovar/gvozdi-dlya-stroitelnogo-steplera-14-mm-1000-sht/
rashodnik,Витратні матеріали / Скоби для степлера,Цвяхи для будівельного степлера Dnipro-M 300 (E/J) 20 мм,78.0,,,True,5.00,3,82196001,https://dnipro-m.ua/tovar/gvozdi-dlya-stroitelnogo-steplera-20-mm/
rashodnik,Витратні матеріали / Скоби для степлера,Цвяхи для будівельного степлера Dnipro-M 300 (E/J) 20 мм (5000 шт.),156.0,,,True,,0,22397003,https://dnipro-m.ua/tovar/czvyakhi-dlya-budivelnogo-steplera-300-ej-20-mm-5000-sht/
rashodnik,Витратні матеріали / Скоби для степлера,Цвяхи для будівельного степлера Dnipro-M 300 (E/J) 25 мм (5000 шт.),165.0,,,True,,0,22397004,https://dnipro-m.ua/tovar/czvyakhi-dlya-budivelnogo-steplera-300-ej-25-mm-5000-sht/
rashodnik,Витратні матеріали / Скоби для степлера,"Скоби гартовані, оцинковані Dnipro-M 55 35 мм",198.0,,,True,4.29,7,82195003,https://dnipro-m.ua/tovar/skoby-kalenye-oczinkovannye-35-mm/
rashodnik,Витратні матеріали / Скоби для степлера,Шпильки для будівельного степлера Dnipro-M 23Ga 15 мм,228.0,375.0,39,True,3.67,3,41673001-1,https://dnipro-m.ua/tovar/shpilki-dlya-steplera-23ga-15-mm/
rashodnik,Витратні матеріали / Скоби для степлера,Цвяхи для будівельного степлера Dnipro-M 300 (E/J) 38 мм,270.0,,,False,5.00,3,22397001,https://dnipro-m.ua/tovar/gvozdi-dlya-stroitelnogo-steplera-300-ej-38-mm/
rashodnik,Витратні матеріали / Скоби для степлера,Скоби для степлера Dnipro-M 55 20 мм (5000 шт.),282.0,,,False,4.43,7,84001001,https://dnipro-m.ua/tovar/skobi-dlya-steplera-55-20-mm-5000-sht/
rashodnik,Витратні матеріали / Скоби для степлера,Шпильки для будівельного степлера Dnipro-M 23Ga 25 мм,330.0,588.0,44,True,3.00,2,41673002-1,https://dnipro-m.ua/tovar/shpilki-dlya-steplera-23ga-25-mm/
rashodnik,Витратні матеріали / Скоби для степлера,Цвяхи для будівельного степлера Dnipro-M 300 (E/J) 50 мм,348.0,,,True,5.00,6,22397002,https://dnipro-m.ua/tovar/gvozdi-dlya-stroitelnogo-steplera-300-ej-50-mm/
rashodnik,Витратні матеріали / Скоби для степлера,Скоби для степлера Dnipro-M 55 25 мм (5000 шт.),348.0,,,False,,0,84001002,https://dnipro-m.ua/tovar/skobi-dlya-steplera-55-25-mm-5000-sht/
rashodnik,Витратні матеріали / Скоби для степлера,Скоби для степлера Dnipro-M 55 35 мм (5000 шт.),498.0,,,True,,0,84001003,https://dnipro-m.ua/tovar/skobi-dlya-steplera-55-35-mm-5000-sht/
rashodnik,Витратні матеріали / Стрижні для клейового пістолета,"Клейові стрижні Dnipro-M напівпрозорі, буд. 7,0 мм, 200 мм, 10 шт.",99.0,,,True,4.25,4,17695004,https://dnipro-m.ua/tovar/klejovi-strizhni-napivprozori-70-mm-200-mm-10-sht/
rashodnik,Витратні матеріали / Стрижні для клейового пістолета,"Клейові стрижні Dnipro-M прозорі 11,2 мм 200 мм 10 шт.",159.0,,,True,5.00,11,17695001,https://dnipro-m.ua/tovar/kleevye-sterzhni-prozrachnye-112-mm-200-mm-10-sht/
rashodnik,Витратні матеріали / Точильні круги,Диск для точильного верстата Dnipro-M WA(25A) 36 P(CT2) V(K) 125 мм 16 мм 32 мм,75.0,129.0,42,False,1.00,1,98279001-1,https://dnipro-m.ua/tovar/disk-dlya-tochilnogo-stanka-wa25a-36-pct2-vk-125-mm-32-mm-16-mm/
rashodnik,Витратні матеріали / Точильні круги,Диск для точильного верстата Dnipro-M 125 мм Р36,120.0,,,True,,0,84212001,https://dnipro-m.ua/tovar/disk-dlya-verstata-tochilnogo-125-mm-p36/
rashodnik,Витратні матеріали / Точильні круги,Диск для точильного верстата Dnipro-M 125 мм Р60,120.0,,,True,,0,84212002,https://dnipro-m.ua/tovar/disk-dlya-verstata-tochilnogo-125-mm-p60/
rashodnik,Витратні матеріали / Точильні круги,Диск для точильного верстата Dnipro-M 150 мм Р60,129.0,,,True,,0,84213002,https://dnipro-m.ua/tovar/disk-dlya-verstata-tochilnogo-150-mm-p60/
rashodnik,Витратні матеріали / Точильні круги,Диск для точильного верстата Dnipro-M 150 мм Р36,129.0,,,True,,0,84213001,https://dnipro-m.ua/tovar/disk-dlya-verstata-tochilnogo-150-mm-p36/
rashodnik,Витратні матеріали / Точильні круги,Диск для точильного верстата Dnipro-M WA(25A) 60 N(C2) V(K) 150 мм 16 мм 32 мм,171.0,,,False,3.00,6,98280002,https://dnipro-m.ua/tovar/disk-dlya-tochilnogo-stanka-wa25a-60-nc2-vk-150-mm-32-mm-16-mm/
rashodnik,Витратні матеріали / Точильні круги,Диск для точильного верстата Dnipro-M 50 мм Р100,177.0,,,True,,0,84212004,https://dnipro-m.ua/tovar/disk-dlya-tochilnogo-verstata-50-mm-r100/
rashodnik,Витратні матеріали / Точильні круги,Диск для точильного верстата Dnipro-M 50 мм P80,177.0,,,True,,0,84212003,https://dnipro-m.ua/tovar/disk-dlya-tochilnogo-verstata-50-mm-p80/
rashodnik,Витратні матеріали / Точильні круги,Диск для точильного верстата Dnipro-M 200 мм Р60,249.0,,,True,4.00,1,84214002,https://dnipro-m.ua/tovar/disk-dlya-verstata-tochilnogo-200-mm-p60/
rashodnik,Витратні матеріали / Точильні круги,Диск для точильного верстата Dnipro-M 200 мм Р36,249.0,,,True,,0,84214001,https://dnipro-m.ua/tovar/disk-dlya-verstata-tochilnogo-200-mm-p36/
rashodnik,Витратні матеріали / Фрези,"Підшипник Dnipro-M Е01 9,5 мм",45.0,,,True,,0,82364001,https://dnipro-m.ua/tovar/podshipnik-e01-5-mm/
rashodnik,Витратні матеріали / Фрези,"Фреза Dnipro-M А0502 8x9.5 L-8 R-4,8 мм, пазова галтельна",69.0,108.0,36,False,,0,82351002-1,https://dnipro-m.ua/tovar/freza-a0502-8x95-l-8-r-48-mm-pazovaya-galtelnaya/
rashodnik,Витратні матеріали / Фрези,"Фреза Dnipro-M А0501 8x6.4 L-13 R-3,2 мм, пазова галтельна",69.0,108.0,36,False,,0,82351001-1,https://dnipro-m.ua/tovar/freza-a0501-8x64-l-13-r-32-mm-pazovaya-galtelnaya/
rashodnik,Витратні матеріали / Фрези,"Фреза Dnipro-M А0801 8x9.5 L-10 А-9 град мм, пазова фасонна «Ластівчин Хвіст»",69.0,105.0,34,False,,0,82353001-1,https://dnipro-m.ua/tovar/freza-a0801-8x95-l-10-a-9-grad-mmpazovaya-fasonnaya-lastochkin-khvost/
rashodnik,Витратні матеріали / Фрези,"Фреза Dnipro-M А1201 8x11.9 мм, L-13 (22°), пазова фасонна",72.0,111.0,35,False,,0,82354006-1,https://dnipro-m.ua/tovar/freza-a1201-8x119-mml-13-22-pazovaya-fasonnaya/
rashodnik,Витратні матеріали / Фрези,"Фреза Dnipro-M А1202 8x11.9 мм, L-13 (30°), пазова фасонна",72.0,111.0,35,False,,0,82354007-1,https://dnipro-m.ua/tovar/freza-a1202-8x119-mml-13-30-pazovaya-fasonnaya/
rashodnik,Витратні матеріали / Фрези,"Фреза Dnipro-M А1501 8x6 L19 мм, пазова пряма, зі свердлом",75.0,117.0,36,False,,0,82355001-1,https://dnipro-m.ua/tovar/freza-a1501-8x6-l19-mmpazovaya-pryamaya-so-sverlom/
rashodnik,Витратні матеріали / Фрези,"Фреза Dnipro-M А0503 8x12.7 L-10 R-6,35 мм, пазова галтельна",75.0,117.0,36,False,5.00,1,82351003-1,https://dnipro-m.ua/tovar/freza-a0503-8x127-l-10-r-635-mm-pazovaya-galtelnaya/
rashodnik,Витратні матеріали / Фрези,"Фреза Dnipro-M А0504 8x15.8 L-11 R-7,9 мм, пазова галтельна",81.0,123.0,34,False,,0,82351004-1,https://dnipro-m.ua/tovar/freza-a0504-8x158-l-11-r-79-mm-pazovaya-galtelnaya/
rashodnik,Витратні матеріали / Фрези,"Фреза Dnipro-M А1001 8x12.7 L-10 R-2,4 мм, пазова фасонна",81.0,123.0,34,False,5.00,3,82354002-1,https://dnipro-m.ua/tovar/freza-a1001-8x127-l-10-r-24-mm-pazovaya-fasonnaya/
rashodnik,Витратні матеріали / Фрези,"Фреза Dnipro-M А0402 8x12.7 L-13 А-90 град. мм, пазова галтельна, V-подібна",84.0,129.0,35,False,5.00,3,82349002-1,https://dnipro-m.ua/tovar/freza-a0402-8x127-l-13-a-90-grad-mm-pazovaya-galtelnaya-v-obraznaya/
rashodnik,Витратні матеріали / Фрези,"Фреза Dnipro-M А0403 8x15.8 L-16 А-90 град. мм, пазова галтельна, V-подібна",93.0,141.0,34,False,5.00,4,82349003-1,https://dnipro-m.ua/tovar/freza-a0403-8x158-l-16-a-90-gradmm-pazovaya-galtelnaya-v-obraznaya/
rashodnik,Витратні матеріали / Фрези,"Фреза Dnipro-M А1401 8x19 L-11 R-3,2 мм, пазова фасонна",99.0,150.0,34,False,4.00,2,82354008-1,https://dnipro-m.ua/tovar/freza-a1401-8x19-l-11-r-32-mm-pazovaya-fasonnaya/
rashodnik,Витратні матеріали / Фрези,"Фреза Dnipro-M А1102 12х19 L-13 R-10мм, пазова фасонна",99.0,192.0,48,False,,0,82354005-1,https://dnipro-m.ua/tovar/freza-a1102-12kh19-l-13-r-10mm-pazovaya-fasonnaya/
rashodnik,Витратні матеріали / Фрези,"Фреза Dnipro-M А1002 12x19 L-11 R-4 мм, пазова фасонна",111.0,171.0,35,True,,0,82354003-1,https://dnipro-m.ua/tovar/freza-a1002-12x19-l-11-r-4-mm-pazovaya-fasonnaya/
rashodnik,Витратні матеріали / Фрези,"Фреза Dnipro-M А0404 12x19 L-17,5 А-90 град. мм, пазова галтельна, V-подібна",123.0,186.0,34,False,4.50,2,82349004-1,https://dnipro-m.ua/tovar/freza-a0404-12x19-l-175-a-90-grad-mm-pazovaya-galtelnaya-v-obraznaya/
rashodnik,Витратні матеріали / Фрези,"Фреза Dnipro-M В0602 8x12.7х25.4 L-10 R-6,3 мм, кромочна калевочна, з підшипником (напівкругла)",126.0,210.0,40,True,,0,82358013-1,https://dnipro-m.ua/tovar/freza-v0602-8x127x254-l-10-r-63-mm-kromochnaya-kalyovochnaya-s-podshipnikom-polukruglaya/
rashodnik,Витратні матеріали / Фрези,"Фреза Dnipro-M В0502 8x12.7х19 L-7,4 R-3,2 мм, кромочна калювальна з підшипником",129.0,195.0,34,False,,0,82358007-1,https://dnipro-m.ua/tovar/freza-v0502-8x127x19-l-74-r-32-mm-pryamaya-pazovaya-nizhnij-podshipnik/
rashodnik,Витратні матеріали / Фрези,"Фреза Dnipro-M А1402 8x25.4 L-14 R-6,3 мм, пазова фасонна",138.0,213.0,35,True,,0,82354009-1,https://dnipro-m.ua/tovar/freza-a1402-8x254-l-14-r-63-mm-pazovaya-fasonnaya/
rashodnik,Витратні матеріали / Фрези,"Фреза Dnipro-M В0402 8x9.5х22.2 L-9 R-4,8 мм, кромочна калювальна з підшипником",138.0,210.0,34,False,,0,82358002-1,https://dnipro-m.ua/tovar/freza-v0402-8x95x222-l-9-r-105-mm-pryamaya-pazovaya-nizhnij-podshipnik/
rashodnik,Витратні матеріали / Фрези,"Фреза Dnipro-M В0603 8x12.7х28.6 L-11 R-7,9мм, кромочна калевочна, з підшипником (напівкругла)",141.0,234.0,40,True,5.00,1,82358014-1,https://dnipro-m.ua/tovar/freza-v0603-8x127x286-l-11-r-79mm-kromochnaya-kalyovochnaya-s-podshipnikom-polukruglaya/
rashodnik,Витратні матеріали / Фрези,"Фреза Dnipro-M В1103 8x9,5х25.4 мм, кромочна калевочна, з підшипником",150.0,249.0,40,True,,0,82358027-1,https://dnipro-m.ua/tovar/freza-v1103-8x127x254-mm-kromochnaya-kalyovochnaya-s-podshipnikom/
rashodnik,Витратні матеріали / Фрези,"Фреза Dnipro-M В1104 8x9,5х28.6 мм, кромочна калевочна, з підшипником",150.0,252.0,40,True,,0,82358028-1,https://dnipro-m.ua/tovar/freza-v1104-8x127x286-mm-kromochnaya-kalyovochnaya-s-podshipnikom/
rashodnik,Витратні матеріали / Фрези,"Фреза Dnipro-M В1101 8x12,7х28.6 L-16 R-6,3  мм, кромочна калевочна, з підшипником",150.0,252.0,40,True,,0,82358025-1,https://dnipro-m.ua/tovar/freza-v1101-8x127x286-l-16-r-63-mm-kromochnaya-kalyovochnaya-s-podshipnikom/
rashodnik,Витратні матеріали / Фрези,"Фреза Dnipro-M В0703 8x9,5х28.6x12 мм, кромочна калевочна, з підшипником",153.0,237.0,35,True,,0,82358019-1,https://dnipro-m.ua/tovar/freza-v0703-8x95x286x12-mm-kromochnaya-kalyovochnaya-s-podshipnikom/
rashodnik,Витратні матеріали / Фрези,"Фреза Dnipro-M В1301 8x12.7х22.2 мм L-13,2 А- (25°), кромочна калевочна, з підшипником, для фасок",153.0,237.0,35,False,3.67,3,82360001-1,https://dnipro-m.ua/tovar/freza-v1301-8x127x222-mm-l-132-a-45-kromochnaya-kalyovochnaya-s-podshipnikom-dlya-fasok/
rashodnik,Витратні матеріали / Фрези,"Фреза Dnipro-M В0701 8x12,7х28.6x12.7 мм, кромочна калевочна, з підшипником",153.0,237.0,35,False,3.00,1,82358017-1,https://dnipro-m.ua/tovar/freza-v0701-8x95x286x127-mm-kromochnaya-kalyovochnaya-s-podshipnikom/
rashodnik,Витратні матеріали / Фрези,"Фреза Dnipro-M В0604 8x12.7х31.8 L-14 R-9,5 мм, кромочна калевочна, з підшипником (напівкругла)",159.0,267.0,40,True,,0,82358015-1,https://dnipro-m.ua/tovar/freza-v0604-8x127x318-l-14-r-95-mm-kromochnaya-kalyovochnaya-s-podshipnikom-polukruglaya/
rashodnik,Витратні матеріали / Фрези,"Фреза Dnipro-M В1302 8x12.7х25.4 мм L-9 А- (45 °), кромочна калевочна, з підшипником, для фасок",159.0,246.0,35,False,5.00,1,82360002-1,https://dnipro-m.ua/tovar/freza-v1302-8x127x254-mm-l-9-a-45-kromochnaya-kalyovochnaya-s-podshipnikom-dlya-fasok/
rashodnik,Витратні матеріали / Фрези,"Фреза Dnipro-M А0405 12x25,4 L-25 А-90 град. мм, пазова галтельна, V-подібна",162.0,249.0,35,False,,0,82349005-1,https://dnipro-m.ua/tovar/freza-a0405-12x254-l-25-a-90-grad-mm-pazovaya-galtelnaya-v-obraznaya/
rashodnik,Витратні матеріали / Фрези,"Фреза Dnipro-M В1105 8x9,5х31.8 мм, кромочна калевочна, з підшипником",165.0,276.0,40,True,,0,82358029-1,https://dnipro-m.ua/tovar/freza-v1105-8x127x318-mm-kromochnaya-kalyovochnaya-s-podshipnikom/
rashodnik,Витратні матеріали / Фрези,"Фреза Dnipro-M В1102 8x12,7х31.8 L-17 R-8 мм, кромочна калевочна, з підшипником",165.0,276.0,40,True,,0,82358026-1,https://dnipro-m.ua/tovar/freza-v1102-8x127x318-l-17-r-8-mm-kromochnaya-kalyovochnaya-s-podshipnikom/
rashodnik,Витратні матеріали / Фрези,"Фреза Dnipro-M А1403 8x31.8 L-16 R-9,5 мм, пазова фасонна",171.0,285.0,40,True,,0,82354010-1,https://dnipro-m.ua/tovar/freza-a1403-8x318-l-16-r-95-mm-pazovaya-fasonnaya/
rashodnik,Витратні матеріали / Фрези,"Фреза Dnipro-M В0801 8x12,7х33.3 мм, кромочна калевочна, з підшипником",171.0,285.0,40,True,5.00,1,82358021-1,https://dnipro-m.ua/tovar/freza-v0801-8x127x333-mm-kromochnaya-kalyovochnaya-s-podshipnikom/
rashodnik,Витратні матеріали / Фрези,"Фреза Dnipro-M В0901 8x12,7х34.9 L-14,5 R-4,8  мм, кромочна калевочна, з підшипником",171.0,288.0,41,True,,0,82358023-1,https://dnipro-m.ua/tovar/freza-v0901-8x127x349-l-145-r-48-mm-kromochnaya-kalyovochnaya-s-podshipnikom/
rashodnik,Витратні матеріали / Фрези,"Фреза Dnipro-M В0802 8x12,7х42.8 мм, кромочна калевочна, з підшипником",180.0,372.0,52,False,5.00,2,82358022-1,https://dnipro-m.ua/tovar/freza-v0802-8x127x428-mm-kromochnaya-kalyovochnaya-s-podshipnikom/
rashodnik,Витратні матеріали / Фрези,"Фреза Dnipro-M А1701 8x28.6 L-25 R-6,3 мм, напівстержнева",183.0,306.0,40,True,4.50,2,82356001-1,https://dnipro-m.ua/tovar/freza-a1701-8x286-l-25-r-63-mm-polusterzhnevaya/
rashodnik,Витратні матеріали / Фрези,"Фреза Dnipro-M В1106 8x9,5х34.9 мм, кромочна калевочна, з підшипником",192.0,318.0,40,True,,0,82358030-1,https://dnipro-m.ua/tovar/freza-v1106-8x127x349-mm-kromochnaya-kalyovochnaya-s-podshipnikom/
rashodnik,Витратні матеріали / Фрези,"Фреза Dnipro-M А1404 8x38.1 L-19 R-12,7 мм, пазова фасонна",198.0,339.0,42,True,,0,82354011-1,https://dnipro-m.ua/tovar/freza-a1404-8x381-l-19-r-127-mm-pazovaya-fasonnaya/
rashodnik,Витратні матеріали / Фрези,"Фреза Dnipro-M В0605 8x12.7х38.1 L-16 R-12,7  мм, кромочна калевочна, з підшипником (напівкругла)",198.0,339.0,42,True,,0,82358016-1,https://dnipro-m.ua/tovar/freza-v0605-8x127x381-l-16-r-127-mm-kromochnaya-kalyovochnaya-s-podshipnikom-polukruglaya/
rashodnik,Витратні матеріали / Фрези,"Фреза Dnipro-M В1501 8x12,7х28.6 L-19 R-6,35 мм, напівстрежнева, з підшипником",198.0,333.0,41,True,,0,82361001-1,https://dnipro-m.ua/tovar/freza-v1501-8x127x286-l-19-r-635-mm-polusterzhnevaya-s-podshipnikom/
rashodnik,Витратні матеріали / Фрези,"Фреза Dnipro-M В1304 8x12.7х31.8 мм L-13 А- (45 °), кромочна калевочна, з підшипником, для фасок",207.0,318.0,35,False,,0,82360004-1,https://dnipro-m.ua/tovar/freza-v1304-8x127x318-mm-l-13-a-45-kromochnaya-kalyovochnaya-s-podshipnikom-dlya-fasok/
rashodnik,Витратні матеріали / Фрези,"Фреза Dnipro-M В0704 8x9,5х38.1x17.5 мм, кромочна калевочна, з підшипником",213.0,357.0,40,True,,0,82358020-1,https://dnipro-m.ua/tovar/freza-v0704-8x95x381x175-mm-kromochnaya-kalyovochnaya-s-podshipnikom/
rashodnik,Витратні матеріали / Фрези,"Фреза Dnipro-M В0702 8x12,7х35x15 мм, кромочна калевочна, з підшипником",213.0,357.0,40,True,,0,82358018-1,https://dnipro-m.ua/tovar/freza-v0702-8x95x35x15-mm-kromochnaya-kalyovochnaya-s-podshipnikom/
rashodnik,Витратні матеріали / Фрези,"Фреза Dnipro-M В0902 8x12,7х41.3 L-17,5 R-6,35 мм, кромочна калевочна, з підшипником",213.0,354.0,40,True,,0,82358024-1,https://dnipro-m.ua/tovar/freza-v0902-8x127x413-l-175-r-175-mm-kromochnaya-kalyovochnaya-s-podshipnikom/
rashodnik,Витратні матеріали / Фрези,"Фреза Dnipro-M В0203 12x12.7x12,7 L-38 мм, пряма кромочна, нижній підшипник, 3 кромки",261.0,402.0,35,False,,0,82357012-1,https://dnipro-m.ua/tovar/freza-v0203-12x127x127-l-38-mm-pryamaya-pazovaya-nizhnij-podshipnik/
rashodnik,Витратні матеріали / Фрези,"Фреза Dnipro-M А1702 8x34.9 L-35 R-9,5 мм, напівстержнева",276.0,462.0,40,True,5.00,1,82356002-1,https://dnipro-m.ua/tovar/freza-a1702-8x349-l-35-r-95-mm-polusterzhnevaya/
rashodnik,Витратні матеріали / Фрези,"Фреза Dnipro-M А0301 12x12 L-51 мм, пряма пазова, подовжена",285.0,,,True,5.00,2,82348003,https://dnipro-m.ua/tovar/freza-a0301-12x12-l-51-mm-pryamaya-pazovaya-udlinyonnaya/
rashodnik,Витратні матеріали / Фрези,"Фреза Dnipro-M А0901 8x28.6 L-13 R-5 мм, пазова фасонна",324.0,,,True,4.91,11,82354001,https://dnipro-m.ua/tovar/freza-a0901-8x286-l-13-r-5-mm-pazovaya-fasonnaya/
rashodnik,Витратні матеріали / Фрези,"Фреза Dnipro-M В1701 12х22х41 L-19, комбінована, шип-паз",489.0,,,True,4.63,19,82362001,https://dnipro-m.ua/tovar/freza-v1701-12x22x41-l-19-kombinirovannaya-ship-paz/
rashodnik,Витратні матеріали / Фрези для гравера,Набір фрез твердосплавних Dnipro-M для гравера 10 шт.,960.0,,,False,4.30,33,21788000,https://dnipro-m.ua/tovar/nabir-frez-tverdosplavnih-dlya-gravera-10-sht/
rashodnik,Витратні матеріали / Хомути,"Хомут пластиковий Dnipro-M чорний 2,5 мм 100 мм 100 шт.",27.0,,,False,5.00,2,59606001,https://dnipro-m.ua/tovar/homut-plastikovij-chornij-2-5-mm-100-mm-100-sht/
rashodnik,Витратні матеріали / Хомути,"Хомут пластиковий Dnipro-M білий 2,5 мм 150 мм (100 шт/уп)",27.0,42.0,36,False,5.00,1,82340002-1,https://dnipro-m.ua/tovar/khomut-plastikovyj-belyj-25-mm-150-mm-100-sht/
rashodnik,Витратні матеріали / Хомути,"Хомут пластиковий Dnipro-M з кріпленням білий 3,6 мм 150 мм 100 шт",48.0,96.0,50,False,,0,59607001-2,https://dnipro-m.ua/tovar/homut-plastikovij-bilij-3-6-mm-150-mm-100-sht/
rashodnik,Витратні матеріали / Хомути,"Хомут пластиковий Dnipro-M чорний 3,6 мм 200 мм 100 шт",81.0,,,True,5.00,2,59606002,https://dnipro-m.ua/tovar/homut-plastikovij-chornij-3-6-mm-200-mm-100-sht/
rashodnik,Витратні матеріали / Хомути,"Хомут пластиковий Dnipro-M білий 3,6 мм 250 мм (100 шт/уп)",81.0,,,False,4.00,1,82340006,https://dnipro-m.ua/tovar/khomut-plastikovyj-belyj-36-mm-250-mm-100-sht/
rashodnik,Витратні матеріали / Хомути,"Хомут пластиковий Dnipro-M чорний 3,6 мм 300 мм 100 шт.",120.0,,,True,4.33,9,59606003,https://dnipro-m.ua/tovar/homut-plastikovij-chornij-3-6-mm-300-mm-100-sht/
rashodnik,Витратні матеріали / Хомути,"Хомут пластиковий Dnipro-M чорний 4,6 мм 350 мм 100 шт.",210.0,,,True,4.50,8,59606004,https://dnipro-m.ua/tovar/homut-plastikovij-chornij-4-6-mm-350-mm-100-sht/
rashodnik,Витратні матеріали / Шліфувальні матеріали,Круг пелюстковий торцевий Dnipro-M Р40 125 1 шт/уп,30.0,51.0,41,False,4.00,2,19650004-1,https://dnipro-m.ua/tovar/krug-shlifovalnyj-lepestkovyj-tortsevoj-p40-125-mm/
rashodnik,Витратні матеріали / Шліфувальні матеріали,Круг шліфувальний самозачепний Dnipro-M Р600 125 мм 5 шт/уп,42.0,,,True,,0,80450011,https://dnipro-m.ua/tovar/krug-shlifovalnyj-samozaczepnoj-dnipro-m-r600-125-mm-5-sht/
rashodnik,Витратні матеріали / Шліфувальні матеріали,Круг шліфувальний самозачепний Dnipro-M Р360 125 мм 5 шт/уп,42.0,,,True,5.00,1,80450010,https://dnipro-m.ua/tovar/krug-shlifovalnyj-samozaczepnoj-r360-125-mm-5-sht/
rashodnik,Витратні матеріали / Шліфувальні матеріали,Круг шліфувальний самозачепний Dnipro-M Р40 125 5 шт/уп 8 отв. 125 мм,42.0,,,True,4.44,9,80450001,https://dnipro-m.ua/tovar/krug-shlifovalnyj-samozaczepnoj-r40-5-sht-8-otv/
rashodnik,Витратні матеріали / Шліфувальні матеріали,Круг шліфувальний самозачепний Dnipro-M Р36 125 мм (5 шт/уп),42.0,,,True,4.11,9,19934007,https://dnipro-m.ua/tovar/shlifovalnyj-krug-na-lipuchke-125mm-p36/
rashodnik,Витратні матеріали / Шліфувальні матеріали,Шліфувальний папір Dnipro-M для віброшліфмашини Р40 5 шт/уп 93*185 мм,48.0,,,False,5.00,1,82711001,https://dnipro-m.ua/tovar/shlifovalnaya-bumaga-dlya-vibroshlifmashiny-r40-5-shtup-93185-mm/
rashodnik,Витратні матеріали / Шліфувальні матеріали,"Круг пелюстковий торцевий Dnipro-M конусний Р40 125 мм 22,2 мм",51.0,,,False,5.00,3,58924002,https://dnipro-m.ua/tovar/krug-pelustkovo-torcevij-konusnij-r40/
rashodnik,Витратні матеріали / Шліфувальні матеріали,Стрічка шліфувальна Dnipro-M Р240 30х533мм 5 шт/уп,57.0,90.0,37,False,1.00,1,41778005-1,https://dnipro-m.ua/tovar/stricka-slifuvalna-r240-30x533mm-5-sht/
rashodnik,Витратні матеріали / Шліфувальні матеріали,Круг шліфувальний самозачіпний Dnipro-M Р40 150 мм (5 шт/уп),72.0,,,False,,0,84527000,https://dnipro-m.ua/tovar/krug-shlifuvalnij-samozachipnij-r40-150-mm-5-sht/
rashodnik,Витратні матеріали / Шліфувальні матеріали,Стрічка шліфувальна Dnipro-M Р40 75 * 457 мм 3 шт/уп,78.0,,,True,4.80,5,82601003,https://dnipro-m.ua/tovar/lenta-shlifovalnaya-75x457-p40/
rashodnik,Витратні матеріали / Шліфувальні матеріали,Диск універсальний для шліфувальних кругів Dnipro-M 10 мм (без адаптера),81.0,,,True,4.75,8,19653000,https://dnipro-m.ua/tovar/disk-universalnyj-dlya-shlifovalnykh-krugov-10-mm-bez-adaptera/
rashodnik,Витратні матеріали / Шліфувальні матеріали,Диск універсальний для шліфувальних кругів Dnipro-M 100 мм (з адаптером),93.0,,,True,5.00,14,82586000,https://dnipro-m.ua/tovar/disk-universalnyj-dlya-shlifovalnykh-krugov-100-mm-s-adapterom/
rashodnik,Витратні матеріали / Шліфувальні матеріали,Круг Шліфувальний самозацепний Dnipro-M Ceramic Р100 150 мм (5 шт/уп),99.0,,,True,4.20,5,99123002,https://dnipro-m.ua/tovar/krug-shlifuvalnij-samozaczepnij-ceramic-r100-150-mm-5-sht/
rashodnik,Витратні матеріали / Шліфувальні матеріали,Круг Шліфувальний самозацепний Dnipro-M Ceramic Р150 150 мм (5 шт/уп),99.0,,,True,5.00,1,99123004,https://dnipro-m.ua/tovar/krug-shlifuvalnij-samozaczepnij-ceramic-r150-150-mm-5-sht/
rashodnik,Витратні матеріали / Шліфувальні матеріали,Круг Шліфувальний самозацепний Dnipro-M Ceramic Р400 150 мм (5 шт/уп),99.0,,,True,,0,99123008,https://dnipro-m.ua/tovar/krug-shlifuvalnij-samozaczepnij-ceramic-r400-150-mm-5-sht/
rashodnik,Витратні матеріали / Шліфувальні матеріали,Круг Шліфувальний самозацепний Dnipro-M Ceramic Р120 150 мм (5 шт/уп),99.0,,,True,,0,99123003,https://dnipro-m.ua/tovar/krug-shlifuvalnij-samozaczepnij-ceramic-r120-150-mm-5-sht/
rashodnik,Витратні матеріали / Шліфувальні матеріали,Круг Шліфувальний самозацепний Dnipro-M Ceramic Р600 150 мм (5 шт/уп),99.0,,,False,,0,99123010,https://dnipro-m.ua/tovar/krug-shlifuvalnij-samozaczepnij-ceramic-r600-150-mm-5-sht/
rashodnik,Витратні матеріали / Шліфувальні матеріали,Круг Шліфувальний самозацепний Dnipro-M Ceramic Р80 150 мм (5 шт/уп),99.0,,,False,,0,99123001,https://dnipro-m.ua/tovar/krug-shlifuvalnij-samozaczepnij-ceramic-r80-150-mm-5-sht/
rashodnik,Витратні матеріали / Шліфувальні матеріали,Круг Шліфувальний самозацепний Dnipro-M Ceramic Р500 150 мм (5 шт/уп),99.0,,,False,,0,99123009,https://dnipro-m.ua/tovar/krug-shlifuvalnij-samozaczepnij-ceramic-r500-150-mm-5-sht/
rashodnik,Витратні матеріали / Шліфувальні матеріали,Круг Шліфувальний самозацепний Dnipro-M Ceramic Р240 150 мм (5 шт/уп),99.0,,,False,,0,99123006,https://dnipro-m.ua/tovar/krug-shlifuvalnij-samozaczepnij-ceramic-r240-150-mm-5-sht/
rashodnik,Витратні матеріали / Шліфувальні матеріали,Круг Шліфувальний самозацепний Dnipro-M Ceramic Р180 150 мм (5 шт/уп),99.0,,,False,,0,99123005,https://dnipro-m.ua/tovar/krug-shlifuvalnij-samozaczepnij-ceramic-r180-150-mm-5-sht/
rashodnik,Витратні матеріали / Шліфувальні матеріали,Круг Шліфувальний самозацепний Dnipro-M Ceramic Р320 150 мм (5 шт/уп),99.0,,,False,,0,99123007,https://dnipro-m.ua/tovar/krug-shlifuvalnij-samozaczepnij-ceramic-r320-150-mm-5-sht/
rashodnik,Витратні матеріали / Шліфувальні матеріали,Стрічка шліфувальна Dnipro-M Р40 75*533 мм 3 шт/уп,99.0,,,True,3.96,28,59474001,https://dnipro-m.ua/tovar/stricka-slifuvalna-r40-75-533-mm-3-sht/
rashodnik,Витратні матеріали / Шліфувальні матеріали,Диск універсальний для шліфувальних кругів Dnipro-M 10 мм (з адаптером для дриля),120.0,,,True,4.59,22,19652000,https://dnipro-m.ua/tovar/disk-dlya-shlifovalnogo-kruga-na-lipuchke/
rashodnik,Витратні матеріали / Шліфувальні матеріали,"Круг пелюстковий торцевий Dnipro-M Р80, 5 шт/уп конусна, 125 х 22,2 мм Р80",150.0,228.0,34,False,5.00,1,80451004-1,https://dnipro-m.ua/tovar/krug-lepestkovyj-torczevoj-r80-5-sht-konusnaya/
rashodnik,Витратні матеріали / Шліфувальні матеріали,"Круг пелюстковий торцевий Dnipro-M Р120, 5 шт/уп конусна, 125 х 22,2 мм Р120",150.0,228.0,34,False,5.00,1,80451006-1,https://dnipro-m.ua/tovar/krug-lepestkovyj-torczevoj-r120-5-sht-konusnaya/
rashodnik,Витратні матеріали / Шліфувальні матеріали,Круг шліфувальний самозачепний Dnipro-M Р80 225 мм (5 шт/уп),159.0,,,True,,0,84335000,https://dnipro-m.ua/tovar/krug-shlifuvalnij-samozachepnij-r80-225-mm-5-sht/
rashodnik,Витратні матеріали / Шліфувальні матеріали,Круг пелюстковий торцевий Dnipro-M Р40 125 мм 5 шт/уп,240.0,,,False,4.60,10,19651006,https://dnipro-m.ua/tovar/krug-shlifovalnyj-lepestkovyj-tortsevoj-p40-125-mm-5-sht/
rashodnik,Витратні матеріали / Шліфувальні матеріали,Круг шліфувальний для плитки Dnipro-M Р100 100 мм,258.0,,,True,4.19,16,82587002,https://dnipro-m.ua/tovar/krug-shlifovalnyj-dlya-plitki-r100-100-mm/
rashodnik,Витратні матеріали / Шліфувальні матеріали,Круг шліфувальний для плитки Dnipro-M Р50 100 мм,258.0,,,True,4.08,26,82587001,https://dnipro-m.ua/tovar/krug-shlifovalnyj-dlya-plitki-r50-100-mm/
rashodnik,Витратні матеріали / Шліфувальні матеріали,Круг шліфувальний для плитки Dnipro-M Р200 100 мм,258.0,,,True,4.08,13,82587003,https://dnipro-m.ua/tovar/krug-shlifovalnyj-dlya-plitki-r200-100-mm/
rashodnik,Витратні матеріали / Шліфувальні матеріали,"Круг шліфувальний для видалення іржі Dnipro-M ""Корал"" 125 мм 1 шт/уп",264.0,,,True,4.45,67,82615000,https://dnipro-m.ua/tovar/krug-shlifovalnyj-dlya-udaleniya-rzhavchiny-korall-125-mm-1-shtup/
rashodnik,Витратні матеріали / Щітки по металу,Ручна щітка по металу Dnipro-M H250-L лат. дріт,60.0,,,True,5.00,2,22981000,https://dnipro-m.ua/tovar/ruchna-shitka-po-metalu-h250-l/
rashodnik,Витратні матеріали / Щітки по металу,"Щітка по металу Dnipro-M К100-L конусна, гофр. дріт., латунована 100 мм",114.0,,,True,4.18,17,49613000,https://dnipro-m.ua/tovar/shhetka-po-metallu-dnipro-m-konusnaya-gofr-provoloka-100mm/
rashodnik,Витратні матеріали / Щітки по металу,"Щітка по металу Dnipro-M К115-L конусна, гофр. дріт, латунована 115 мм",120.0,,,False,5.00,2,49614000,https://dnipro-m.ua/tovar/shhetka-po-metallu-dnipro-m-konusnaya-gofr-provoloka-115mm/
rashodnik,Витратні матеріали / Щітки по металу,"Щітка по металу Dnipro-M К125-L конусна, гофр. лат. дріт 125 мм",129.0,,,False,4.17,12,49615000,https://dnipro-m.ua/tovar/shhetka-po-metallu-dnipro-m-konusnaya-gofr-provoloka-125mm/
rashodnik,Витратні матеріали / Щітки по металу,"Щітка по металу Dnipro-M K115-V конусна, плетений дріт 115 мм",129.0,,,False,4.19,16,49606000,https://dnipro-m.ua/tovar/shhetka-dlya-metalla-dnipro-m-konusnaya-pletenaya-provoloka-115mm/
rashodnik,Витратні матеріали / Щітки по металу,"Щітка по металу Dnipro-M Т75-L торцева, гофр. дріт, латунь, посилена 75 мм",135.0,,,True,4.27,15,49607000,https://dnipro-m.ua/tovar/shhetka-po-metallu-dnipro-m-tortsevaya-gofr-provoloka-75-mm/
rashodnik,Витратні матеріали / Щітки по металу,"Щітка по металу Dnipro-M Т75-V торцева, плетений дріт, посилена 75 мм",144.0,,,False,4.35,20,49610000,https://dnipro-m.ua/tovar/shhetka-po-metallu-dnipro-m-tortsevaya-pletyonaya-provoloka-75-mm/
rashodnik,Витратні матеріали / Щітки по металу,Набір щіток для дрилі Dnipro-M NR5-L латунованний дріт (5 шт),159.0,,,False,4.88,16,49616000,https://dnipro-m.ua/tovar/nabor-shhyotok-dnipro-m-5sht/
rashodnik,Витратні матеріали / Щітки по металу,"Щітка по металу Dnipro-M R125-V кругла, плетений дріт 125 мм",165.0,,,True,4.60,10,49617000,https://dnipro-m.ua/tovar/shhetka-po-metallu-r125-v-kruglaya-pletenaya-provoloka-125-mm/
rashodnik,Витратні матеріали / Щітки по металу,"Щітка по металу Dnipro-M Т100-L торцева, гофр. дріт, латунь, посилена 100 мм",189.0,,,True,4.43,7,49608000,https://dnipro-m.ua/tovar/shhetka-po-metallu-dnipro-m-tortsevaya-gofr-provoloka-100-mm/
rashodnik,Витратні матеріали / Щітки по металу,"Щітка по металу Dnipro-M Т100-V торцева, плетений дріт, посилена 100 мм",198.0,,,True,5.00,5,49611000,https://dnipro-m.ua/tovar/shhetka-po-metallu-dnipro-m-tortsevaya-pletyonaya-provoloka-100-mm/
rashodnik,Запчастини та аксесуари для інструментів / Аксесуари для інструментів та обладнання / Аксесуари для шліфмашини,Круг полірувальний Dnipro-M з вовни,84.0,141.0,40,True,,0,52461000-1,https://dnipro-m.ua/tovar/krug-poliruvalnij-z-vovni/
rashodnik,Запчастини та аксесуари для інструментів / Аксесуари для інструментів та обладнання / Аксесуари для шліфмашини,Круг полірувальний Dnipro-M Губка,84.0,126.0,33,True,,0,52462000-1,https://dnipro-m.ua/tovar/krug-poliruvalnij-gubka/
rashodnik,Запчастини та аксесуари для інструментів / Аксесуари для інструментів та обладнання / Аксесуари для шліфмашини,Диск - основа для полірувальної машини Dnipro-M,84.0,126.0,33,True,5.00,1,52460000-1,https://dnipro-m.ua/tovar/disk-osnova-dlya-poliruvalnoi-masini/
rashodnik,Запчастини та аксесуари для інструментів / Аксесуари для інструментів та обладнання / Аксесуари до шуруповерта,Стрічка для насадки Dnipro-M SP-35М,27.0,42.0,36,True,,0,17768002-1,https://dnipro-m.ua/tovar/lenta-dlya-nasadki-sp-35m/
rashodnik,Запчастини та аксесуари для інструментів / Аксесуари для інструментів та обладнання / Аксесуари до шуруповерта,Стрічка для насадки Dnipro-M SP-40М,27.0,45.0,40,True,,0,17768003-2,https://dnipro-m.ua/tovar/lenta-dlya-nasadki-sp-40m/
rashodnik,Запчастини та аксесуари для інструментів / Аксесуари для інструментів та обладнання / Аксесуари до шуруповерта,Стрічка для насадки Dnipro-M SP-25M,27.0,39.0,31,False,5.00,7,17768001-2,https://dnipro-m.ua/tovar/lenta-dlya-nasadki-sp-25m/
rucnoj-instrument,Витратні матеріали / Заклепки,"Заклепка алюмінієва Dnipro-M 4,8*8 мм (50 шт.)",21.0,36.0,42,False,,0,19737005-1,https://dnipro-m.ua/tovar/zaklepka-alyuminievaya-488-mm-50-sht/
rucnoj-instrument,Витратні матеріали / Заклепки,"Заклепка алюмінієва Dnipro-M 4,8*12,7 мм (50 шт.)",36.0,57.0,37,False,5.00,3,19737007-1,https://dnipro-m.ua/tovar/zaklepka-alyuminievaya-48127-mm-50-sht/
rucnoj-instrument,Витратні матеріали / Заклепки,Заклепка алюмінієва Dnipro-M 4*8 мм (50 шт.),45.0,,,True,4.33,12,19737002,https://dnipro-m.ua/tovar/zaklepka-alyuminievaya-48-mm-50-sht/
rucnoj-instrument,Витратні матеріали / Заклепки,"Заклепка алюмінієва Dnipro-M 4*9,6 мм (50 шт.)",48.0,,,True,5.00,1,19737003,https://dnipro-m.ua/tovar/zaklepka-alyuminievaya-496-mm-50-sht/
rucnoj-instrument,Витратні матеріали / Заклепки,"Заклепка алюмінієва Dnipro-M 4,8*9,6 мм (50 шт.)",54.0,,,True,5.00,1,19737006,https://dnipro-m.ua/tovar/zaklepka-alyuminievaya-4896-mm-50-sht/
rucnoj-instrument,Витратні матеріали / Заклепки,"Заклепка алюмінієва Dnipro-M 4*12,7 мм (50 шт.)",54.0,,,True,5.00,1,19737004,https://dnipro-m.ua/tovar/zaklepka-alyuminievaya-4127-mm-50-sht/
rucnoj-instrument,Витратні матеріали / Заклепки,"Заклепка алюмінієва Dnipro-M 4,8*14 мм (50 шт.)",69.0,,,True,,0,19737008,https://dnipro-m.ua/tovar/zaklepka-alyuminievaya-4814-mm-50-sht/
rucnoj-instrument,Витратні матеріали / Заклепки,"Заклепка алюмінієва Dnipro-M 4,8*18 мм (50 шт.)",75.0,,,True,,0,19737009,https://dnipro-m.ua/tovar/zaklepka-alyuminievaya-4818-mm-50-sht/
rucnoj-instrument,Ручний інструмент / Інструмент для зняття ізоляції,"Комплект пружин Dnipro-M для знімачів ізоляції KS-26Е, 2 шт.",39.0,99.0,61,False,5.00,1,16214002-1,https://dnipro-m.ua/tovar/komplekt-pruzhin-dlya-semnikov-izolyaczii-ks-26e/
rucnoj-instrument,Ручний інструмент / Інструмент для зняття ізоляції,"Комплект пружин Dnipro-M для знімачів ізоляції KS-26, 2 шт.",99.0,,,True,5.00,1,16214003,https://dnipro-m.ua/tovar/komplekt-pruzhin-dlya-semnikov-izolyaczii-ks-26/
rucnoj-instrument,Ручний інструмент / Інструмент для зняття ізоляції,"Комплект пружин Dnipro-M для знімачів ізоляції KS-131V, KS-131, 2 шт.",99.0,,,True,5.00,1,16214001,https://dnipro-m.ua/tovar/komplekt-pruzhin-dlya-semnikov-izolyaczii-ks-131/
rucnoj-instrument,Ручний інструмент / Інструмент для зняття ізоляції,"Комплект лез Dnipro-M для знімачів ізоляції (KS-131V, KS-131, KS-26) 2 шт.",339.0,,,True,,0,20515000,https://dnipro-m.ua/tovar/komplekt-lezvij-dlya-syomnikov-izolyaczii-ks-131v-ks-131-ks-26-2-sht/
rucnoj-instrument,Ручний інструмент / Інструмент для зняття ізоляції,"Мультифункціональний знімач ізоляції Dnipro-M MS-4, 4 в 1",498.0,816.0,39,False,4.44,41,62057000-1,https://dnipro-m.ua/tovar/multifunkczionalnyj-semnik-izolyaczii-ms-4/
rucnoj-instrument,Ручний інструмент / Інструмент для зняття ізоляції,"Знімач ізоляції автоматичний Dnipro-M KS-26 PRO, 2 в 1",600.0,780.0,23,False,4.88,24,62056004-1,https://dnipro-m.ua/tovar/semnik-izolyaczii-avtomaticheskij-ks-26-pro/
rucnoj-instrument,Ручний інструмент / Інструмент для зняття ізоляції,"Кабелеріз Dnipro-M ULTRA, 3 в 1 165 мм",699.0,1077.0,35,False,4.37,30,62058000-1,https://dnipro-m.ua/tovar/kabelerez-ultra/
rucnoj-instrument,Ручний інструмент / Інструмент для зняття ізоляції,"Знімач ізоляції автоматичний Dnipro-M KS-26E PRO, 3 в 1",699.0,1128.0,38,False,3.52,50,62056003-3,https://dnipro-m.ua/tovar/semnik-izolyaczii-avtomaticheskij-ks-26e-pro/
rucnoj-instrument,Ручний інструмент / Інструмент для зняття ізоляції,"Знімач ізоляції автоматичний Dnipro-M KS-26T торцевий, 2 в 1",876.0,,,False,4.14,43,62056005,https://dnipro-m.ua/tovar/semnik-izolyaczii-avtomaticheskij-ks-26t/
rucnoj-instrument,Ручний інструмент / Інструмент для зняття ізоляції,"Знімач ізоляції автоматичний Dnipro-M KS-131 PRO, 3 в 1",1095.0,,,True,4.60,89,62056002,https://dnipro-m.ua/tovar/semnik-izolyaczii-avtomaticheskij-ks-131-pro/
rucnoj-instrument,Ручний інструмент / Інструмент для зняття ізоляції,"Знімач ізоляції автоматичний Dnipro-M KS-131V ULTRA, 4 в 1",1590.0,,,True,4.45,69,62056001,https://dnipro-m.ua/tovar/semnik-izolyaczii-avtomaticheskij-ks-131v-ultra/
rucnoj-instrument,Ручний інструмент / Будівельні степлери,Степлер будівельний Dnipro-M BS-610P 6-10 мм,390.0,,,True,4.86,35,49076000,https://dnipro-m.ua/tovar/stepler-stroitelnyj-dnipro-m-bs-610p/
rucnoj-instrument,Ручний інструмент / Будівельні степлери,Степлер будівельний Dnipro-M BS-614/3М 6-14 мм,615.0,720.0,15,True,4.39,140,49077000-1,https://dnipro-m.ua/tovar/stepler-stroitelnyj-dnipro-m-bs-614-3m/
rucnoj-instrument,Ручний інструмент / Будівельні степлери,Степлер будівельний Dnipro-M BS-414М 4-14 мм,690.0,,,True,4.23,79,49078000,https://dnipro-m.ua/tovar/stepler-stroitelnyj-dnipro-m-bs-414m/
rucnoj-instrument,Ручний інструмент / Будівельні степлери,Степлер будівельний Dnipro-M GT-614T,930.0,,,True,4.30,73,80204000,https://dnipro-m.ua/tovar/stroitelnyj-stepler-gt-614t-3-v-1/
rucnoj-instrument,Ручний інструмент / Викрутки,"Викрутка Dnipro-M хрестова фосфат.накінечник РН0 3х75, S2",39.0,66.0,41,False,4.89,9,97180001-1,https://dnipro-m.ua/tovar/otvertka-krestovaya-fosfatnakonechnik-ph0-3x75/
rucnoj-instrument,Ручний інструмент / Викрутки,"Викрутка Dnipro-M шліцьова фосфат.накінечник SL 3х75, S2",39.0,63.0,38,False,4.14,7,97190001-1,https://dnipro-m.ua/tovar/otvertka-shliczevaya-fosfatnakonechnik-sl-3x75/
rucnoj-instrument,Ручний інструмент / Викрутки,"Викрутка Dnipro-M хрестова фосфат.накінечник РН0 3х100, S2",45.0,69.0,35,True,5.00,7,97180002-1,https://dnipro-m.ua/tovar/otvertka-krestovaya-fosfatnakonechnik-ph0-3x100/
rucnoj-instrument,Ручний інструмент / Викрутки,"Викрутка Dnipro-M хрестова фосфат.накінечник РН2 6х38, S2",45.0,75.0,40,False,4.53,19,97180007-1,https://dnipro-m.ua/tovar/otvertka-krestovaya-fosfatnakonechnik-ph2-6x38/
rucnoj-instrument,Ручний інструмент / Викрутки,"Викрутка Dnipro-M шліцьова фосфат.накінечник SL 3х100, S2",45.0,69.0,35,False,3.83,6,97190002-1,https://dnipro-m.ua/tovar/otvertka-shliczevaya-fosfatnakonechnik-sl-3x100/
rucnoj-instrument,Ручний інструмент / Викрутки,"Викрутка Dnipro-M хрестова фосфат.накінечник РН1 5х75, S2",51.0,84.0,39,False,4.50,2,97180003-1,https://dnipro-m.ua/tovar/otvertka-krestovaya-fosfatnakonechnik-ph1-5x75/
rucnoj-instrument,Ручний інструмент / Викрутки,"Викрутка Dnipro-M хрестова фосфат.накінечник РН1 5х100, S2",54.0,93.0,42,False,4.80,5,97180004-1,https://dnipro-m.ua/tovar/otvertka-krestovaya-fosfatnakonechnik-ph1-5x100/
rucnoj-instrument,Ручний інструмент / Викрутки,"Викрутка Dnipro-M хрестова фосфат.накінечник РН2 6х100, S2",57.0,96.0,41,False,5.00,4,97180005-1,https://dnipro-m.ua/tovar/otvertka-krestovaya-fosfatnakonechnik-ph2-6x100/
rucnoj-instrument,Ручний інструмент / Викрутки,Викрутка діелектрична Dnipro-M шліцьова SL 3х100 S2,60.0,90.0,33,False,3.00,11,49372001-1,https://dnipro-m.ua/tovar/otvertka-dielektricheskaya-shliczevaya-sl-3x100/
rucnoj-instrument,Ручний інструмент / Викрутки,"Викрутка Dnipro-M шліцьова фосфат.накінечник SL 5х100, S2",60.0,84.0,29,False,4.78,9,97190004-1,https://dnipro-m.ua/tovar/otvertka-shliczevaya-fosfatnakonechnik-sl-5x100/
rucnoj-instrument,Ручний інструмент / Викрутки,Намагнічувач для викруток Dnipro-M,69.0,,,True,4.44,34,49370000,https://dnipro-m.ua/tovar/namagnichivatel-dlya-otvertok/
rucnoj-instrument,Ручний інструмент / Викрутки,Викрутка шліцева Dnipro-M SL 3х75 S2,69.0,,,True,5.00,1,78953002,https://dnipro-m.ua/tovar/vikrutka-shliczeva-sl-3x75-s2/
rucnoj-instrument,Ручний інструмент / Викрутки,"Викрутка Dnipro-M хрестова фосфат.накінечник РН2 6х150, S2",69.0,114.0,39,False,5.00,4,97180006-1,https://dnipro-m.ua/tovar/otvertka-krestovaya-fosfatnakonechnik-ph2-6x150/
rucnoj-instrument,Ручний інструмент / Викрутки,Викрутка хрестова Dnipro-M РН0 3х75 S2,72.0,,,True,5.00,8,78952002,https://dnipro-m.ua/tovar/vikrutka-khrestova-ph0-3x75-s2/
rucnoj-instrument,Ручний інструмент / Викрутки,Викрутка хрестова Dnipro-M РН0 3х100 S2,75.0,,,True,5.00,2,78952001,https://dnipro-m.ua/tovar/vikrutka-khrestova-ph0-3x100-s2/
rucnoj-instrument,Ручний інструмент / Викрутки,Викрутка шліцева Dnipro-M SL 3х100 S2,75.0,,,True,5.00,7,78953001,https://dnipro-m.ua/tovar/vikrutka-shliczeva-sl-3x100-s2/
rucnoj-instrument,Ручний інструмент / Викрутки,Викрутка хрестова Dnipro-M РН2 6х38 S2,81.0,,,True,5.00,6,78952007,https://dnipro-m.ua/tovar/14573/
rucnoj-instrument,Ручний інструмент / Викрутки,"Викрутка Dnipro-M шліцьова фосфат.накінечник SL 5х75, S2",81.0,,,False,4.75,4,97190003,https://dnipro-m.ua/tovar/otvertka-shliczevaya-fosfatnakonechnik-sl-5x75/
rucnoj-instrument,Ручний інструмент / Викрутки,"Викрутка шліцева Dnipro-M SL 5х75, S2",87.0,,,True,5.00,7,78953004,https://dnipro-m.ua/tovar/vikrutka-shliczeva-sl-5x75-s2/
rucnoj-instrument,Ручний інструмент / Викрутки,Викрутка індикаторна Dnipro-M 110-250 В,90.0,,,True,4.94,18,49374000,https://dnipro-m.ua/tovar/otvertka-indikatornaya-110-250-v/
rucnoj-instrument,Ручний інструмент / Викрутки,Викрутка хрестова Dnipro-M РН1 5х75 S2,90.0,,,True,5.00,2,78952004,https://dnipro-m.ua/tovar/vikrutka-khrestova-ph1-5x75-s2/
rucnoj-instrument,Ручний інструмент / Викрутки,Викрутка шліцева Dnipro-M SL 5х100 S2,90.0,,,False,5.00,10,78953003,https://dnipro-m.ua/tovar/vikrutka-shliczeva-sl-5x100-s2/
rucnoj-instrument,Ручний інструмент / Викрутки,Викрутка діелектрична Dnipro-M SL 3x100 S2,90.0,,,False,,0,48666000,https://dnipro-m.ua/tovar/vikrutka-dielektrichna-sl-3x100/
rucnoj-instrument,Ручний інструмент / Викрутки,Викрутка хрестова Dnipro-M РН1 5х100 S2,99.0,,,True,5.00,7,78952003,https://dnipro-m.ua/tovar/vikrutka-khrestova-ph1-5x100-s2/
rucnoj-instrument,Ручний інструмент / Викрутки,"Викрутка діелектрична Dnipro-M шліцьова SL 4x100, S2",105.0,,,True,3.43,7,49372002,https://dnipro-m.ua/tovar/otvertka-dielektricheskaya-shliczevaya-sl-4x100/
rucnoj-instrument,Ручний інструмент / Викрутки,Викрутка хрестова Dnipro-M РН2 6х100 S2,105.0,,,True,5.00,4,78952005,https://dnipro-m.ua/tovar/14579/
rucnoj-instrument,Ручний інструмент / Викрутки,"Викрутка ударна Dnipro-M хрестова PH3 8*200, Cr-V",108.0,198.0,45,True,5.00,3,49375003-1,https://dnipro-m.ua/tovar/otvertka-udarnaya-krestovaya-ph3-8x200/
rucnoj-instrument,Ручний інструмент / Викрутки,"Викрутка діелектрична Dnipro-M хрестова PH 1x80, S2",114.0,,,True,5.00,3,49373001,https://dnipro-m.ua/tovar/otvertka-dielektricheskaya-krestovaya-ph-1x80/
rucnoj-instrument,Ручний інструмент / Викрутки,"Викрутка діелектрична Dnipro-M шліцьова SL5,5x125, S2",114.0,,,True,3.71,14,49372003,https://dnipro-m.ua/tovar/otvertka-dielektricheskaya-shliczevaya-sl55x125/
rucnoj-instrument,Ручний інструмент / Викрутки,"Викрутка діелектрична Dnipro-M хрестова PZ 1x80, S2",114.0,,,False,4.67,3,49373003,https://dnipro-m.ua/tovar/otvertka-dielektricheskaya-krestovaya-pz-1x80/
rucnoj-instrument,Ручний інструмент / Викрутки,Викрутка хрестова Dnipro-M РН2 6х150 S2,120.0,,,True,5.00,5,78952006,https://dnipro-m.ua/tovar/vikrutka-khrestova-ph2-6x150-s2/
rucnoj-instrument,Ручний інструмент / Викрутки,"Викрутка діелектрична Dnipro-M хрестова PZ 2x100, S2",126.0,,,True,4.75,4,49373004,https://dnipro-m.ua/tovar/otvertka-dielektricheskaya-krestovaya-pz-2x100/
rucnoj-instrument,Ручний інструмент / Викрутки,"Викрутка діелектрична Dnipro-M хрестова PH 2x100, S2",126.0,,,False,4.82,11,49373002,https://dnipro-m.ua/tovar/otvertka-dielektricheskaya-krestovaya-ph-2x100/
rucnoj-instrument,Ручний інструмент / Викрутки,"Викрутка діелектрична Dnipro-M SL 5,5x125 S2",126.0,,,False,,0,48667000,https://dnipro-m.ua/tovar/vikrutka-dielektrichna-sl-55x125/
rucnoj-instrument,Ручний інструмент / Викрутки,Викрутка діелектрична Dnipro-M PH2x100 S2,129.0,,,False,,0,48665000,https://dnipro-m.ua/tovar/vikrutka-dielektrichna-ph2x100/
rucnoj-instrument,Ручний інструмент / Викрутки,"Викрутка Dnipro-M діелектрична PZ/SL 1х80, S2",138.0,,,False,3.23,47,97191001,https://dnipro-m.ua/tovar/otvertka-dielektricheskaya-pzsl-1x80/
rucnoj-instrument,Ручний інструмент / Викрутки,"Викрутка Dnipro-M з насадками 6 в 1, S2",144.0,225.0,36,False,4.65,54,49367000-1,https://dnipro-m.ua/tovar/otvertka-s-nasadkami-6-v-1/
rucnoj-instrument,Ручний інструмент / Викрутки,"Викрутка ударна Dnipro-M шліцьова SL 8x200, Cr-V",144.0,225.0,36,False,5.00,4,49376003-1,https://dnipro-m.ua/tovar/otvertka-udarnaya-shliczevaya-sl-8x200/
rucnoj-instrument,Ручний інструмент / Викрутки,"Викрутка Dnipro-M діелектрична PZ/SL 2х100, S2",150.0,,,False,3.72,29,97191002,https://dnipro-m.ua/tovar/otvertka-dielektricheskaya-pzsl-2x100/
rucnoj-instrument,Ручний інструмент / Викрутки,Викрутка діелектрина Dnipro-M PZ/SL2х100 S2,150.0,,,False,,0,48664000,https://dnipro-m.ua/tovar/vikrutka-dielektrina-pz-sl2x100/
rucnoj-instrument,Ручний інструмент / Викрутки,"Викрутка ударна Dnipro-M хрестова PH2 6*100, Cr-V",156.0,,,False,5.00,7,49375001,https://dnipro-m.ua/tovar/otvertka-udarnaya-krestovaya-ph2-6x100/
rucnoj-instrument,Ручний інструмент / Викрутки,"Викрутка ударна Dnipro-M шліцьова SL 6x100, Cr-V",159.0,,,True,5.00,4,49376001,https://dnipro-m.ua/tovar/otvertka-udarnaya-shliczevaya-sl-6x100/
rucnoj-instrument,Ручний інструмент / Викрутки,"Викрутка ударна Dnipro-M хрестова PH2 6*150, Cr-V",168.0,,,True,4.63,8,49375002,https://dnipro-m.ua/tovar/otvertka-udarnaya-krestovaya-ph2-6x150/
rucnoj-instrument,Ручний інструмент / Викрутки,"Викрутка ударна Dnipro-M шліцьова SL 6x150, Cr-V",180.0,,,True,4.09,23,49376002,https://dnipro-m.ua/tovar/otvertka-udarnaya-shliczevaya-sl-6x150/
rucnoj-instrument,Ручний інструмент / Викрутки,Викрутка Dnipro-M гнучкий стрижень S2 (9 шт.),189.0,288.0,34,True,4.13,30,49365000-1,https://dnipro-m.ua/tovar/otvertka-gibkij-sterzhen-9-sht/
rucnoj-instrument,Ручний інструмент / Викрутки,Викрутка Dnipro-M торцева головка 7-19 мм з адаптером Cr-V,207.0,,,True,5.00,8,19035000,https://dnipro-m.ua/tovar/torcevaya-golovka-universalnaya-dnipro-m/
rucnoj-instrument,Ручний інструмент / Викрутки,Викрутка з насадками Dnipro-M 6in1 S2,228.0,,,False,,0,48663000,https://dnipro-m.ua/tovar/vikrutka-z-nasadkami-6in1-s2/
rucnoj-instrument,Ручний інструмент / Викрутки,Викрутка Dnipro-M реверсивна з тріскачкою S2 (7 шт.),300.0,,,True,4.56,78,49366000,https://dnipro-m.ua/tovar/otvertka-reversivnaya-s-treshhotkoj-7-sht/
rucnoj-instrument,Ручний інструмент / Викрутки,Набір викруток Dnipro-M для точних робіт S2 21 шт.,375.0,,,True,4.52,176,49369000,https://dnipro-m.ua/tovar/nabor-otvertok-dlya-tochnykh-rabot-s2-21-sht/
rucnoj-instrument,Ручний інструмент / Викрутки,Набір викруток Dnipro-M для точних робіт S2 7 шт.,399.0,,,True,3.40,5,84762000,https://dnipro-m.ua/tovar/nabir-vikrutok-dlya-tochnikh-robit-7-sht/
rucnoj-instrument,Ручний інструмент / Викрутки,Набір викруток Dnipro-M S2 5 шт.,399.0,,,False,5.00,2,84761000,https://dnipro-m.ua/tovar/nabir-vikrutok-5-sht/
rucnoj-instrument,Ручний інструмент / Викрутки,Набір викруток Dnipro-M 5 шт. 75-100 мм S2,399.0,,,False,,0,48662000,https://dnipro-m.ua/tovar/nabir-vikrutok-5-sht-75-100-mm/
rucnoj-instrument,Ручний інструмент / Викрутки,Набір викруток діелектричних Dnipro-M для точних робіт S2 (6 шт.),510.0,,,True,4.95,22,97193000,https://dnipro-m.ua/tovar/nabor-otvertok-dielektricheskikh-dlya-tochnykh-rabot-6-sht/
rucnoj-instrument,Ручний інструмент / Викрутки,Викрутка з тріскачкою Dnipro-M 12в1,549.0,,,True,5.00,1,37269000,https://dnipro-m.ua/tovar/vykrutka-z-triskachkoiu-12v1/
rucnoj-instrument,Ручний інструмент / Викрутки,Набір викруток Dnipro-M з насадками S2 44 шт.,558.0,750.0,26,False,4.18,77,49368000-1,https://dnipro-m.ua/tovar/nabor-otvertok-s-nasadkami-s2-44-sht/
rucnoj-instrument,Ручний інструмент / Викрутки,"Набір викруток Dnipro-M з тріскачкою та насадками S2, 1/4"" 38 шт.",759.0,1200.0,37,False,4.41,102,21227000-4,https://dnipro-m.ua/tovar/nabor-otvertok-s-treshhotkoj-i-nasadkami-14-38-sht/
rucnoj-instrument,Ручний інструмент / Викрутки,Набір викруток з підставкою Dnipro-M S2 18 шт.,798.0,1248.0,36,False,4.82,112,49371000-1,https://dnipro-m.ua/tovar/nabor-otvertok-s-podstavkoj-s2-18-sht/
rucnoj-instrument,Ручний інструмент / Викрутки,Набір викруток Dnipro-M S2 46 шт.,897.0,1200.0,25,True,5.00,3,78711000-1,https://dnipro-m.ua/tovar/nabir-vikrutok-s2-46-sht/
rucnoj-instrument,Ручний інструмент / Викрутки,Набір викруток Dnipro-M 78 шт. з тріскачкою та насадками S2,999.0,,,False,4.65,17,78941000,https://dnipro-m.ua/tovar/nabir-vikrutok-78-sht-z-triskachkoyu-ta-nasadkami/
rucnoj-instrument,Ручний інструмент / Викрутки,Набір викруток діелектричних Dnipro-M 16в1 в чохлі S2,1350.0,,,False,4.18,11,78943000,https://dnipro-m.ua/tovar/nabir-vikrutok-dielektrichnikh-16v1-v-chokhli/
rucnoj-instrument,Ручний інструмент / Викрутки,Набір викруток та біт Dnipro-M 114 шт на підставці S2,1899.0,,,False,4.93,15,78942000,https://dnipro-m.ua/tovar/nabir-vikrutok-ta-bit-114-sht-na-pidstavczi-s2/
rucnoj-instrument,Ручний інструмент / Воротки,"Вороток Г-подібний Dnipro-M 1/2 ""300 мм",285.0,,,True,4.56,27,17645000,https://dnipro-m.ua/tovar/vorotok-g-obraznyj-12-300mm/
rucnoj-instrument,Ручний інструмент / Воротки,"Вороток шарнірний Dnipro-M 1/2"" 380 мм",480.0,,,False,5.00,5,84469000,https://dnipro-m.ua/tovar/vorotok-sharnirnij-12-380-mm/
rucnoj-instrument,Ручний інструмент / Газові пальники,Газовий пальник Dnipro-M GP-15,519.0,,,True,3.66,138,52972000,https://dnipro-m.ua/tovar/gazovij-palnik-gp-15/
rucnoj-instrument,Ручний інструмент / Заклепувальники,Пістолет заклепувальний Dnipro-M RV-2 PRO 2.4-4.8мм,444.0,,,True,4.26,27,08466001,https://dnipro-m.ua/tovar/pistolet-zaklepochnyj-rv-2-pro-24-48mm/
rucnoj-instrument,Ручний інструмент / Заклепувальники,Заклепувальна насадка Dnipro-M AR-80,450.0,699.0,36,False,4.38,71,19669001-1,https://dnipro-m.ua/tovar/zaklepochnaya-nasadka-ar-80/
rucnoj-instrument,Ручний інструмент / Заклепувальники,Пістолет заклепувальний Dnipro-M RV-3 ULTRA 2.4-4.8мм,660.0,,,True,4.08,62,08466002,https://dnipro-m.ua/tovar/pistolet-zaklepochnyj-rv-3-ultra-24-48mm/
rucnoj-instrument,Ручний інструмент / Зберігання інструменту / Кейси для інструменту,Кейс універсальний для полірувальної машини Dnipro-M BP-18P,333.0,504.0,34,False,4.89,28,82208000-1,https://dnipro-m.ua/tovar/kejs-universalnyj-dlya-polirovalnoj-mashiny-bp-18p/
rucnoj-instrument,Ручний інструмент / Зберігання інструменту / Кейси для інструменту,"Кейс для фена промислового Dnipro-M GH-200, GH-201N, GH-203",339.0,,,True,4.02,51,52114000,https://dnipro-m.ua/tovar/kejs-dlya-fena-promyshlennogo-gh-200-gh-201n-gh-203/
rucnoj-instrument,Ручний інструмент / Зберігання інструменту / Кейси для інструменту,Кейс універсальний для КШМ Dnipro-M BP-12G,498.0,,,True,4.72,222,82398000,https://dnipro-m.ua/tovar/kejs-universalnyj-dlya-ushm-bp-12g/
rucnoj-instrument,Ручний інструмент / Зберігання інструменту / Ящики для інструменту,Органайзер Dnipro-M Master S,108.0,,,True,5.00,1,37416000,https://dnipro-m.ua/tovar/organajzer-master-s/
rucnoj-instrument,Ручний інструмент / Зберігання інструменту / Ящики для інструменту,Органайзер Dnipro-M Master М,180.0,,,True,,0,37417000,https://dnipro-m.ua/tovar/organajzer-master-m/
rucnoj-instrument,Ручний інструмент / Зберігання інструменту / Ящики для інструменту,"Ящик для інструменту Dnipro-M Master Box 13""",210.0,270.0,22,True,4.79,25,48787000-1,https://dnipro-m.ua/tovar/yashhik-dlya-instrumentu-master-box-13/
rucnoj-instrument,Ручний інструмент / Зберігання інструменту / Ящики для інструменту,"Ящик для інструменту Dnipro-M Master Box 15""",315.0,,,True,5.00,16,48788000,https://dnipro-m.ua/tovar/yashhik-dlya-instrumentu-master-box-15/
rucnoj-instrument,Ручний інструмент / Зберігання інструменту / Ящики для інструменту,"Органайзер Dnipro-M S-Box 11"", полікарбонат",339.0,420.0,19,True,4.44,34,58231000-1,https://dnipro-m.ua/tovar/organajzer-s-box-11/
rucnoj-instrument,Ручний інструмент / Зберігання інструменту / Ящики для інструменту,Органайзер Dnipro-M Master L,390.0,,,True,,0,37418000,https://dnipro-m.ua/tovar/organajzer-master-l/
rucnoj-instrument,Ручний інструмент / Зберігання інструменту / Ящики для інструменту,Ящик для інструменту Dnipro-M B 16,480.0,,,True,4.89,9,37432000,https://dnipro-m.ua/tovar/yashhik-dlya-instrumentu-b-16/
rucnoj-instrument,Ручний інструмент / Зберігання інструменту / Ящики для інструменту,"Органайзер Dnipro-M S-Box 19"", полікарбонат",570.0,1098.0,48,False,4.61,23,58232000-1,https://dnipro-m.ua/tovar/organajzer-s-box-19/
rucnoj-instrument,Ручний інструмент / Зберігання інструменту / Ящики для інструменту,Кейс для інструментів Dnipro-M M140,660.0,,,True,,0,37419000,https://dnipro-m.ua/tovar/kejs-dlya-instrumentiv-m140/
rucnoj-instrument,Ручний інструмент / Зберігання інструменту / Ящики для інструменту,"Набір органайзерів Dnipro-M Master, 4 шт.",720.0,,,True,5.00,1,37936000,https://dnipro-m.ua/tovar/nabir-organajzeriv-master-4-sht/
rucnoj-instrument,Ручний інструмент / Зберігання інструменту / Ящики для інструменту,"Ящик для інструменту Dnipro-M Profi Box 20""",798.0,990.0,19,True,4.45,132,49049000-1,https://dnipro-m.ua/tovar/yashhik-dlya-instrumenta-profi-box-20/
rucnoj-instrument,Ручний інструмент / Зберігання інструменту / Ящики для інструменту,Ящик для інструменту Dnipro-M S-Box M250,1098.0,1440.0,24,False,4.71,48,58234000-4,https://dnipro-m.ua/tovar/yashik-dlya-instrumentu-s-box-m250/
rucnoj-instrument,Ручний інструмент / Зберігання інструменту / Ящики для інструменту,Ящик для інструменту Dnipro-M S-Box B200,1230.0,1785.0,31,False,5.00,14,49051000-2,https://dnipro-m.ua/tovar/yashhik-dlya-instrumenta-dnipro-m-s-box-b200/
rucnoj-instrument,Ручний інструмент / Зберігання інструменту / Ящики для інструменту,Органайзер Dnipro-M S-Box M90,1380.0,,,True,4.67,6,84460000,https://dnipro-m.ua/tovar/organajzer-s-box-m90/
rucnoj-instrument,Ручний інструмент / Зберігання інструменту / Ящики для інструменту,Ящик для інструменту Dnipro-M S-Box М220 органайзер,1467.0,,,True,4.87,15,84458000,https://dnipro-m.ua/tovar/yashhik-dlya-instrumentu-s-box-m220-organajzer/
rucnoj-instrument,Ручний інструмент / Зберігання інструменту / Ящики для інструменту,"Ящик для інструменту Dnipro-M Power Box 26""",1980.0,,,True,4.59,97,82395000,https://dnipro-m.ua/tovar/yashhik-dlya-instrumenta-power-box-26/
rucnoj-instrument,Ручний інструмент / Зберігання інструменту / Ящики для інструменту,Ящик для інструменту Dnipro-M S-Box B380,2385.0,,,True,5.00,6,84457000,https://dnipro-m.ua/tovar/yashhik-dlya-instrumentu-s-box-b380/
rucnoj-instrument,Ручний інструмент / Зберігання інструменту / Ящики для інструменту,Ящик для інструменту Dnipro-M S-Box BC500,2799.0,4398.0,36,False,4.70,54,21670000-6,https://dnipro-m.ua/tovar/yashhik-dlya-instrumenta-s-box-bc500/
rucnoj-instrument,Ручний інструмент / Зберігання інструменту / Ящики для інструменту,Ящик для інструменту Dnipro-M S-Box M2 з шухлядами,3048.0,,,True,4.50,6,84459000,https://dnipro-m.ua/tovar/yashhik-dlya-instrumentu-s-box-m2-z-shukhlyadami/
rucnoj-instrument,Ручний інструмент / Зберігання інструменту / Ящики для інструменту,Ящик для інструменту на колесах Dnipro-M S-Box МС290,3885.0,,,True,5.00,9,84456000,https://dnipro-m.ua/tovar/yashhik-dlya-instrumentu-na-kolesakh-s-box-ms290/
rucnoj-instrument,Ручний інструмент / Зберігання інструменту / Ящики для інструменту,Ящик для інструменту на колесах Dnipro-M S-Box BС520,5295.0,,,True,4.40,10,84455000,https://dnipro-m.ua/tovar/yashhik-dlya-instrumentu-na-kolesakh-s-box-bs520/
rucnoj-instrument,Ручний інструмент / Киянки,Киянка гумова Dnipro-M дерев'яна ручка 340 г чорна,,,,False,,0,48340001,https://dnipro-m.ua/tovar/kyianka-humova-derevyana-ruchka-340-h-chorna/
rucnoj-instrument,Ручний інструмент / Киянки,Киянка гумова Dnipro-M дерев'яна ручка 900 г чорна,,,,False,,0,48340004,https://dnipro-m.ua/tovar/kyianka-humova-derevyana-ruchka-900-h-chorna/
rucnoj-instrument,Ручний інструмент / Киянки,Киянка гумова Dnipro-M дерев'яна ручка 450 г чорно-біла,,,,False,,0,48340003,https://dnipro-m.ua/tovar/kyianka-humova-derevyana-ruchka-450-h-chorno-bila/
rucnoj-instrument,Ручний інструмент / Киянки,Киянка гумова Dnipro-M дерев'яна ручка 340 г біла,,,,False,,0,48340002,https://dnipro-m.ua/tovar/kyianka-humova-derevyana-ruchka-340-h-bila/
rucnoj-instrument,Ручний інструмент / Киянки,Киянка гумова Dnipro-M ULTRA TPR 450 г чорна,195.0,,,False,5.00,5,19925002,https://dnipro-m.ua/tovar/kiyanka-rezinovaya-ultra-tpr-450-g/
rucnoj-instrument,Ручний інструмент / Киянки,Киянка гумова Dnipro-M ULTRA TPR 340 г чорна,270.0,,,True,4.63,8,19925001,https://dnipro-m.ua/tovar/kiyanka-rezinovaya-ultra-tpr-340-g/
rucnoj-instrument,Ручний інструмент / Киянки,Киянка гумова Dnipro-M ULTRA TPR 340 г біла (не залишає слідів),315.0,,,True,4.21,19,19927001,https://dnipro-m.ua/tovar/kiyanka-rezinovaya-ultra-tpr-340-g-belaya/
rucnoj-instrument,Ручний інструмент / Киянки,Киянка гумова Dnipro-M ULTRA TPR 450 г чорно-біла,399.0,,,True,4.40,15,19926001,https://dnipro-m.ua/tovar/kiyanka-rezinovaya-ultra-tpr-450-g-cherno-belaya/
rucnoj-instrument,Ручний інструмент / Киянки,Киянка гумова Dnipro-M ULTRA TPR 900 г чорна,465.0,,,True,4.61,18,19925004,https://dnipro-m.ua/tovar/kiyanka-rezinovaya-ultra-tpr-900-g/
rucnoj-instrument,Ручний інструмент / Кліщі затискні,Кліщі затискні Dnipro-M універсальні 180 мм,321.0,429.0,25,False,4.22,9,20741001-1,https://dnipro-m.ua/tovar/kleshhi-zazhimnye-universalnye-180-mm/
rucnoj-instrument,Ручний інструмент / Кліщі затискні,"Кліщі затискні Dnipro-M С-тип, для зварювання 180 мм",420.0,,,False,4.40,5,20742001,https://dnipro-m.ua/tovar/kleshhi-zazhimnye-s-tip-dlya-svarki-180-mm/
rucnoj-instrument,Ручний інструмент / Кліщі затискні,Кліщі затискні Dnipro-M подовжені 230 мм,435.0,,,False,5.00,5,20743000,https://dnipro-m.ua/tovar/kleshhi-zazhimnye-udlinyonnye-230-mm/
rucnoj-instrument,Ручний інструмент / Кліщі затискні,Кліщі затискні Dnipro-M універсальні 250 мм,540.0,,,True,4.11,18,20741002,https://dnipro-m.ua/tovar/kleshhi-zazhimnye-universalnye-250-mm/
rucnoj-instrument,Ручний інструмент / Кліщі затискні,"Кліщі затискні Dnipro-M С-тип, для зварювання 280 мм",690.0,,,True,4.07,14,20742002,https://dnipro-m.ua/tovar/kleshhi-zazhimnye-s-tip-dlya-svarki-280-mm/
rucnoj-instrument,Ручний інструмент / Малярний та оздоблювальний інструмент / Вінчики для міксера,Міксер універсальний Dnipro-M MN-103 400*80 мм 2-х гвинтовий,90.0,129.0,30,False,3.65,20,81703000-1,https://dnipro-m.ua/tovar/mikser-universalnyj-mn-103/
rucnoj-instrument,Ручний інструмент / Малярний та оздоблювальний інструмент / Вінчики для міксера,Міксер для штукатурних робіт Dnipro-M MN-102 400*80 мм правосторонній,99.0,,,True,5.00,8,81702000,https://dnipro-m.ua/tovar/mikser-dlya-shtukaturnykh-rabot-mn-102/
rucnoj-instrument,Ручний інструмент / Малярний та оздоблювальний інструмент / Вінчики для міксера,Міксер для штукатурних робіт Dnipro-M MN-203 400*80 мм правосторонній,111.0,,,True,4.50,12,81704002,https://dnipro-m.ua/tovar/mikser-dlya-shtukaturnykh-rabot-mn-203/
rucnoj-instrument,Ручний інструмент / Малярний та оздоблювальний інструмент / Вінчики для міксера,Міксер для штукатурних робіт Dnipro-M MN-202 600*100 мм правосторонній,159.0,,,True,4.55,22,81704001,https://dnipro-m.ua/tovar/mikser-dlya-shtukaturnykh-rabot-mn-202/
rucnoj-instrument,Ручний інструмент / Малярний та оздоблювальний інструмент / Вінчики для міксера,"Насадка-міксер Dnipro-M MN-303 160 мм 600 мм правосторонній, М14",333.0,498.0,33,False,4.43,7,97421000-1,https://dnipro-m.ua/tovar/nasadka-mikser-mn-303-160-mm-pravostoronnij/
rucnoj-instrument,Ручний інструмент / Малярний та оздоблювальний інструмент / Вінчики для міксера,"Насадка-міксер Dnipro-M MN-302 140 мм 600 мм правосторонній, М14",498.0,,,True,4.90,10,97419000,https://dnipro-m.ua/tovar/nasadka-mikser-mn-302-140-mm-pravostoronnij/
rucnoj-instrument,Ручний інструмент / Малярний та оздоблювальний інструмент / Вінчики для міксера,"Насадка-міксер Dnipro-M MN-301 140 мм 600 мм лівосторонній, М14",498.0,,,False,4.40,10,97418000,https://dnipro-m.ua/tovar/nasadka-mikser-mn-301-140-mm-levostoronnij/
rucnoj-instrument,Ручний інструмент / Малярний та оздоблювальний інструмент / Гладилки,Гладилка Dnipro-M нержавіюча гладка 100х220 мм з дерев'яною ручкою,144.0,222.0,35,False,4.67,9,19788001-1,https://dnipro-m.ua/tovar/gladilka-nerzhaveyushhaya-gladkaya-100x220-mm/
rucnoj-instrument,Ручний інструмент / Малярний та оздоблювальний інструмент / Скребки,Шпательний скребок Dnipro-M  75 мм,129.0,183.0,30,False,4.74,27,49740005-1,https://dnipro-m.ua/tovar/shpatelnyj-skrebok-75-mm/
rucnoj-instrument,Ручний інструмент / Малярний та оздоблювальний інструмент / Шпателі,Шпательна лопатка Dnipro-M 80 мм,69.0,99.0,30,False,5.00,6,49740004-1,https://dnipro-m.ua/tovar/shpatelnaya-lopatka-80-mm/
rucnoj-instrument,Ручний інструмент / Малярний та оздоблювальний інструмент / Шпателі,Терка Dnipro-M пластмасова 130х280 мм гладка,84.0,,,True,,0,19786001,https://dnipro-m.ua/tovar/terka-plastmassovaya-130x280-mm/
rucnoj-instrument,Ручний інструмент / Малярний та оздоблювальний інструмент / Шпателі,Шпательна лопатка Dnipro-M 120 мм,90.0,129.0,30,False,5.00,10,49740007-1,https://dnipro-m.ua/tovar/shpatelnaya-lopatka-120-mm/
rucnoj-instrument,Ручний інструмент / Малярний та оздоблювальний інструмент / Шпателі,Шпательна лопатка Dnipro-M 100 мм,108.0,,,False,5.00,2,49740006,https://dnipro-m.ua/tovar/shpatelnaya-lopatka-100-mm/
rucnoj-instrument,Ручний інструмент / Молотки і кувалди,Молоток слюсарний Dnipro-M Ultra 200 г,249.0,,,True,4.73,15,81911000,https://dnipro-m.ua/tovar/molotok-slesarnyj-ultra-200-g/
rucnoj-instrument,Ручний інструмент / Молотки і кувалди,Молоток слюсарний Dnipro-M Ultra 300 г,270.0,,,True,4.35,17,81912000,https://dnipro-m.ua/tovar/molotok-slesarnyj-ultra-300-g/
rucnoj-instrument,Ручний інструмент / Молотки і кувалди,Молоток слюсарний Dnipro-M Ultra 500 г,345.0,,,True,4.58,26,81914000,https://dnipro-m.ua/tovar/molotok-slesarnyj-ultra-500-g/
rucnoj-instrument,Ручний інструмент / Молотки і кувалди,Молоток столярний Dnipro-M Ultra 450 г,399.0,,,True,4.78,51,81917000,https://dnipro-m.ua/tovar/molotok-stolyarnyj-ultra-450-g/
rucnoj-instrument,Ручний інструмент / Молотки і кувалди,Молоток покрівельника Dnipro-M Ultra 600 г,498.0,,,True,4.85,47,81918000,https://dnipro-m.ua/tovar/molotok-krovelshhika-ultra-600-g/
rucnoj-instrument,Ручний інструмент / Молотки і кувалди,Молоток слюсарний Dnipro-M Ultra 1000 г,498.0,,,True,5.00,11,81916000,https://dnipro-m.ua/tovar/molotok-slesarnyj-ultra-1000-g/
rucnoj-instrument,Ручний інструмент / Молотки і кувалди,Кувалда Dnipro-M Ultra 1800 г,780.0,,,True,4.62,21,16956001,https://dnipro-m.ua/tovar/kuvalda-ultra-1800-g/
rucnoj-instrument,Ручний інструмент / Молотки і кувалди,Кувалда Dnipro-M Ultra 4500 г,1998.0,,,True,4.93,15,16956002,https://dnipro-m.ua/tovar/kuvalda-ultra-4500-g/
rucnoj-instrument,Ручний інструмент / Мультитули,Кусачки змінні для мультитулу Dnipro-M,180.0,,,True,5.00,1,54797000,https://dnipro-m.ua/tovar/kusachki-zminni-dlya-multitulu/
rucnoj-instrument,Ручний інструмент / Мультитули,Мультитул Dnipro-M 17 в 1,1599.0,1980.0,19,True,4.32,114,83845000-1,https://dnipro-m.ua/tovar/multitul-17-v-1/
rucnoj-instrument,Ручний інструмент / Напилки,Напилок для заточування ланцюгових пил Dnipro-M 4.8 мм,57.0,,,False,,0,83626000,https://dnipro-m.ua/tovar/napilok-dlya-zatochuvannya-lanczyugovikh-pil-48-mm/
rucnoj-instrument,Ручний інструмент / Напилки,Напилок для заточування ланцюгових пил Dnipro-M 4.0 мм,57.0,,,False,5.00,4,83627000,https://dnipro-m.ua/tovar/napilok-dlya-zatochuvannya-lanczyugovikh-pil-40-mm/
rucnoj-instrument,Ручний інструмент / Напилки,Набір для заточування ланцюгових пил Dnipro-M 5в1,468.0,519.0,10,True,4.23,13,83625000-1,https://dnipro-m.ua/tovar/nabir-dlya-zatochuvannya-lanczyugovikh-pil-5v1/
rucnoj-instrument,Ручний інструмент / Напилки,Набір напилків по металу Dnipro-M 200 мм 3 шт.,519.0,,,False,4.46,48,16054000,https://dnipro-m.ua/tovar/nabor-napilnikov-po-metallu-200-mm-3-sht/
rucnoj-instrument,Ручний інструмент / Ножі та леза,Комплект лез Dnipro-M 18 мм С60,48.0,,,True,4.46,13,82604001,https://dnipro-m.ua/tovar/nabor-lezvij-18-mm-s60-10-sht/
rucnoj-instrument,Ручний інструмент / Ножі та леза,Лезо сегментне Dnipro-M ULTRA 9 мм SK2 10 шт.,96.0,,,True,4.43,7,84654000,https://dnipro-m.ua/tovar/lezo-segmentne-ultra-9-mm-10-sht/
rucnoj-instrument,Ручний інструмент / Ножі та леза,Ніж сегментний Dnipro-M K-9 9 мм SK2,120.0,,,True,4.79,43,84653000,https://dnipro-m.ua/tovar/nizh-segmentnij-k-9/
rucnoj-instrument,Ручний інструмент / Ножі та леза,Лезо сегментне Dnipro-M ULTRA 18 мм SK2 чорне 10 шт.,120.0,,,True,4.78,18,16772000,https://dnipro-m.ua/tovar/lezvie-segmentnoe-ultra-18-mm-chernoe-10-sht/
rucnoj-instrument,Ручний інструмент / Ножі та леза,Лезо трапеція Dnipro-M ULTRA Universal Fix 10 шт.,120.0,,,True,4.56,9,78674000,https://dnipro-m.ua/tovar/lezo-trapeciya-ultra-universal-fix-10-sht/
rucnoj-instrument,Ручний інструмент / Ножі та леза,Лезо трапеція Dnipro-M ULTRA 61х19х0.6 мм SK2 чорне 10 шт.,120.0,,,False,4.67,21,16773001,https://dnipro-m.ua/tovar/lezvie-trapecziya-ultra-chernoe-10-sht/
rucnoj-instrument,Ручний інструмент / Ножі та леза,Лезо сегментне DNIPRO-M ULTRA Wave 18мм SK2 10 шт.,120.0,,,False,4.00,2,78673000,https://dnipro-m.ua/tovar/lezo-segmentne-ultra-wave-18mm-sk2-10sht/
rucnoj-instrument,Ручний інструмент / Ножі та леза,Ніж сегментний Dnipro-M К-18 18 мм,150.0,,,True,3.73,110,08673000,https://dnipro-m.ua/tovar/nozh-segmentnyj-k-18-18-mm/
rucnoj-instrument,Ручний інструмент / Ножі та леза,Ніж складаний  Dnipro-M 70 мм універсальний 2 в 1,288.0,477.0,40,False,4.58,57,82503000-1,https://dnipro-m.ua/tovar/nozh-skladnoj-universalnyj-70-mm-2-v-1/
rucnoj-instrument,Ручний інструмент / Ножі та леза,Ніж сегментний Dnipro-M ULTRA KS-18 18 мм,288.0,,,True,4.00,112,22855000,https://dnipro-m.ua/tovar/nozh-segmentnyj-ultra-ks-18-18-mm/
rucnoj-instrument,Ручний інструмент / Ножі та леза,Ніж трапеція Dnipro-M К-61 19 мм висувний,318.0,,,True,4.49,69,08672001,https://dnipro-m.ua/tovar/nozh-trapecziya-k-61-18-mm-vydvizhnoj/
rucnoj-instrument,Ручний інструмент / Ножі та леза,Ніж універсальний Dnipro-M K-10 з чохлом,348.0,,,False,4.83,72,48856000,https://dnipro-m.ua/tovar/nizh-universalnij-k-10-z-chokhlom/
rucnoj-instrument,Ручний інструмент / Ножі та леза,Ніж трапеція Dnipro-M КF-61 19 мм складаний,360.0,,,True,4.44,160,08672002,https://dnipro-m.ua/tovar/nozh-trapecziya-kf-61-18-mm-skladnoj/
rucnoj-instrument,Ручний інструмент / Ножі та леза,Ніж-скребок Dnipro-M KF-5 SK2 3 леза,548.0,,,True,4.35,20,78672000,https://dnipro-m.ua/tovar/nizh-skrebok-kf-5-sk2-3-leza/
rucnoj-instrument,Ручний інструмент / Ножівки по металу,Пильні полотна по металу Dnipro-M для ручної пили 150 мм,129.0,,,True,4.20,5,16015000,https://dnipro-m.ua/tovar/pilnye-polotna-po-metallu-dlya-ruchnoj-pily-150-mm-2sht/
rucnoj-instrument,Ручний інструмент / Ножівки по металу,Пильні полотна по металу Dnipro-M для ручної пилки 300 мм,198.0,,,True,5.00,12,97620000,https://dnipro-m.ua/tovar/pilnye-polotna-po-metallu-dlya-ruchnoj-pily/
rucnoj-instrument,Ручний інструмент / Ножівки по металу,Ручна пила по металу Dnipro-M ULTRA 300 мм,297.0,585.0,49,False,4.81,26,97323000-1,https://dnipro-m.ua/tovar/ruchnaya-pila-po-metallu--ultra-300-mm/
rucnoj-instrument,Ручний інструмент / Ножівки по металу,Ручна пила по металу Dnipro-M 150 мм,309.0,,,True,4.16,51,97324000,https://dnipro-m.ua/tovar/ruchnaya-pila-po-metallu-150-mm/
rucnoj-instrument,Ручний інструмент / Ножівки по металу,Ручна пила по металу Dnipro-M 300 мм,429.0,,,True,4.89,19,97322000,https://dnipro-m.ua/tovar/ruchnaya-pila-po-metallu-300-mm/
rucnoj-instrument,Ручний інструмент / Пістолети для піни і герметика,Насадка-наконечник для тубусної насадки Dnipro-M під пістолет для герметика ТТ-400,180.0,297.0,39,False,5.00,2,58816000-2,https://dnipro-m.ua/tovar/nasadka-nakonecnik-dlya-tubusnoi-nasadki/
rucnoj-instrument,Ручний інструмент / Пістолети для піни і герметика,Пістолет для герметика Dnipro-M S-3,258.0,,,False,4.00,10,59388000,https://dnipro-m.ua/tovar/pistolet-dlya-germetika-s-3/
rucnoj-instrument,Ручний інструмент / Пістолети для піни і герметика,Пістолет для монтажної піни Dnipro-M TN-5,468.0,,,False,4.02,49,59274000,https://dnipro-m.ua/tovar/pistolet-dlya-montaznoi-pini-tn-5/
rucnoj-instrument,Ручний інструмент / Пістолети для піни і герметика,Пістолет для герметика Dnipro-M S-1 PRO,588.0,,,False,4.41,58,62054000,https://dnipro-m.ua/tovar/pistolet-dlya-germetika-s-1-pro/
rucnoj-instrument,Ручний інструмент / Пістолети для піни і герметика,Пістолет для монтажної піни Dnipro-M TF-3,780.0,,,False,4.09,75,62021000,https://dnipro-m.ua/tovar/pistolet-dlya-montazhnoj-peny-tf-3/
rucnoj-instrument,Ручний інструмент / Стамески,"Стамеска Dnipro-M ULTRA з дерев'яною ручкою, CR-V 12 мм",141.0,198.0,29,False,4.85,13,97163003-2,https://dnipro-m.ua/tovar/stameska-ultra-s-derevyannoj-ruchkoj-12-mm/
rucnoj-instrument,Ручний інструмент / Стамески,"Стамеска Dnipro-M ULTRA з дерев'яною ручкою, CR-V 14 мм",150.0,198.0,24,False,1.00,1,97163004-1,https://dnipro-m.ua/tovar/stameska-ultra-s-derevyannoj-ruchkoj-14-mm/
rucnoj-instrument,Ручний інструмент / Стамески,"Стамеска Dnipro-M ULTRA з дерев'яною ручкою, CR-V 16 мм",150.0,207.0,28,False,5.00,3,97163005-1,https://dnipro-m.ua/tovar/stameska-ultra-s-derevyannoj-ruchkoj-16-mm/
rucnoj-instrument,Ручний інструмент / Стамески,"Стамеска Dnipro-M ULTRA з дерев'яною ручкою, CR-V 25 мм",150.0,234.0,36,False,4.48,23,97163009-2,https://dnipro-m.ua/tovar/stameska-ultra-s-derevyannoj-ruchkoj-25-mm/
rucnoj-instrument,Ручний інструмент / Стамески,"Стамеска Dnipro-M ULTRA з дерев'яною ручкою, CR-V 22 мм",150.0,219.0,32,False,4.57,7,97163008-1,https://dnipro-m.ua/tovar/stameska-ultra-s-derevyannoj-ruchkoj-22-mm/
rucnoj-instrument,Ручний інструмент / Стамески,"Стамеска Dnipro-M ULTRA з дерев'яною ручкою, CR-V 6 мм",195.0,,,True,4.60,5,97163001,https://dnipro-m.ua/tovar/stameska-ultra-s-derevyannoj-ruchkoj-6-mm/
rucnoj-instrument,Ручний інструмент / Стамески,"Стамеска Dnipro-M ULTRA з дерев'яною ручкою, CR-V 8 мм",195.0,,,False,5.00,6,97163002,https://dnipro-m.ua/tovar/stameska-ultra-s-derevyannoj-ruchkoj-8-mm/
rucnoj-instrument,Ручний інструмент / Стамески,"Стамеска Dnipro-M ULTRA з дерев'яною ручкою, CR-V 18 мм",210.0,,,True,4.78,9,97163006,https://dnipro-m.ua/tovar/stameska-ultra-s-derevyannoj-ruchkoj-18-mm/
rucnoj-instrument,Ручний інструмент / Стамески,"Стамеска Dnipro-M ULTRA з дерев'яною ручкою, CR-V 20 мм",210.0,,,False,4.50,4,97163007,https://dnipro-m.ua/tovar/stameska-ultra-s-derevyannoj-ruchkoj-20-mm/
rucnoj-instrument,Ручний інструмент / Струбцини,З'єднувач струбцин Dnipro-M,,,,False,,0,48997000,https://dnipro-m.ua/tovar/zyednuvach-strubczin/
rucnoj-instrument,Ручний інструмент / Струбцини,Струбцина автоматична Dnipro-M 300 мм,,,,False,,0,48984000,https://dnipro-m.ua/tovar/strubczina-avtomatichna-300-mm/
rucnoj-instrument,Ручний інструмент / Струбцини,Струбцина автоматична Dnipro-M 150 мм,,,,False,,0,48983000,https://dnipro-m.ua/tovar/strubczina-avtomatichna-150-mm/
rucnoj-instrument,Ручний інструмент / Струбцини,Струбцина автоматична Dnipro-M 450 мм,,,,False,,0,48985000,https://dnipro-m.ua/tovar/strubczina-avtomatichna-450-mm/
rucnoj-instrument,Ручний інструмент / Струбцини,Струбцина Dnipro-M P-15 115 мм,60.0,,,True,4.76,17,19624001,https://dnipro-m.ua/tovar/strubczina-p-15/
rucnoj-instrument,Ручний інструмент / Струбцини,Струбцина Dnipro-M P-50 150 мм,81.0,,,False,4.95,20,19624002,https://dnipro-m.ua/tovar/strubczina-p-50/
rucnoj-instrument,Ручний інструмент / Струбцини,Струбцина Dnipro-M P-75 175 мм,99.0,,,False,4.94,16,19624003,https://dnipro-m.ua/tovar/strubczina-p-75/
rucnoj-instrument,Ручний інструмент / Струбцини,Струбцина F-типу Dnipro-M ULTRA посилена 60х150 мм F-615,300.0,,,True,5.00,1,78894000,https://dnipro-m.ua/tovar/strubcina-f-tipu-posilena-60h150-mm-f-615/
rucnoj-instrument,Ручний інструмент / Струбцини,Струбцина Dnipro-M Ultra F-520 50х200 мм,306.0,,,False,3.17,12,19625002,https://dnipro-m.ua/tovar/strubczina-f-520/
rucnoj-instrument,Ручний інструмент / Струбцини,Струбцина Dnipro-M Ultra AT-615 60х150 мм,315.0,375.0,16,False,4.82,38,19626001-3,https://dnipro-m.ua/tovar/strubczina-at-615/
rucnoj-instrument,Ручний інструмент / Струбцини,Струбцина Dnipro-M Ultra F-530 50х300 мм,327.0,,,False,4.33,24,19625005,https://dnipro-m.ua/tovar/strubczina-f-530/
rucnoj-instrument,Ручний інструмент / Струбцини,Струбцина F-типу Dnipro-M ULTRA посилена 60х200 мм F-620,330.0,,,True,,0,78895000,https://dnipro-m.ua/tovar/strubcina-f-tipu-posilena-60h200mm-f-620/
rucnoj-instrument,Ручний інструмент / Струбцини,Струбцина F-типу Dnipro-M ULTRA посилена 60х300 мм F-630,360.0,,,False,,0,78896000,https://dnipro-m.ua/tovar/strubcina-f-tipu-posilena-60h300mm-f-630/
rucnoj-instrument,Ручний інструмент / Струбцини,Струбцина Dnipro-M Ultra AT-630 60х300 мм,405.0,,,False,4.81,27,19626002,https://dnipro-m.ua/tovar/strubczina-at-630/
rucnoj-instrument,Ручний інструмент / Струбцини,Струбцина Dnipro-M Ultra AT-645 60х450 мм,477.0,,,True,4.77,35,19626003,https://dnipro-m.ua/tovar/strubczina-at-645/
rucnoj-instrument,Ручний інструмент / Струбцини,Струбцина Dnipro-M Ultra F-1250 120x500 мм,600.0,936.0,36,False,5.00,4,19625007-3,https://dnipro-m.ua/tovar/strubczina-ultra-f-1250-120x500-mm/
rucnoj-instrument,Ручний інструмент / Струбцини,Струбцина Dnipro-M Ultra F-1200 120x1000 мм,1302.0,,,True,5.00,8,19625008,https://dnipro-m.ua/tovar/strubczina-ultra-f-1200-120x1000-mm/
rucnoj-instrument,Ручний інструмент / Труборізи,Труборіз для пластикових труб Dnipro-M PC-32L,198.0,279.0,29,False,3.75,8,22508000-1,https://dnipro-m.ua/tovar/truborez-dlya-plastikovykh-trub-pc-32l/
rucnoj-instrument,Ручний інструмент / Труборізи,Труборіз для пластикових труб Dnipro-M PC-42R,450.0,,,True,4.02,66,22509000,https://dnipro-m.ua/tovar/truborez-dlya-plastikovykh-trub-pc-42r/
rucnoj-instrument,Ручний інструмент / Шарнірно-губцевий інструмент,Кліщі гайкові Dnipro-M ULTRA 250 мм,,,,False,,0,54817000,https://dnipro-m.ua/tovar/klishchi-haikovi-ultra-250-mm/
rucnoj-instrument,Ручний інструмент / Шарнірно-губцевий інструмент,Знімач стопорних кілець Dnipro-M вигнутий на стискання 170 мм,120.0,183.0,34,False,4.38,8,82502000-2,https://dnipro-m.ua/tovar/semnik-stopornykh-kolecz-185-mm/
rucnoj-instrument,Ручний інструмент / Шарнірно-губцевий інструмент,Знімач стопорних кілець Dnipro-M прямий на розжим 175 мм,120.0,183.0,34,False,3.50,8,82499000-5,https://dnipro-m.ua/tovar/semnik-stopornykh-kolecz-180-mm/
rucnoj-instrument,Ручний інструмент / Шарнірно-губцевий інструмент,Знімач стопорних кілець Dnipro-M зігнутий на розжим 165 мм,120.0,183.0,34,False,3.22,9,82500000-1,https://dnipro-m.ua/tovar/semnik-stopornykh-kolecz-170-mm/
rucnoj-instrument,Ручний інструмент / Шарнірно-губцевий інструмент,Знімач стопорних кілець Dnipro-M прямий на стискання 180 мм,120.0,183.0,34,False,2.67,3,82501000-1,https://dnipro-m.ua/tovar/semnik-stopornykh-kolecz-175-mm/
rucnoj-instrument,Ручний інструмент / Шарнірно-губцевий інструмент,Бокорізи Dnipro-M для точних робіт 115 мм,210.0,,,True,4.29,24,82157000,https://dnipro-m.ua/tovar/bokorezy-dlya-tochnykh-rabot-115-mm/
rucnoj-instrument,Ручний інструмент / Шарнірно-губцевий інструмент,Пасатижі Dnipro-M для точних робіт 127 мм,210.0,,,True,4.67,9,82156000,https://dnipro-m.ua/tovar/passatizhi-dlya-tochnykh-rabot-127-mm/
rucnoj-instrument,Ручний інструмент / Шарнірно-губцевий інструмент,Тонкогубці Dnipro-M для точних робіт 150 мм,210.0,,,True,4.35,26,82160000,https://dnipro-m.ua/tovar/tonkogubczy-dlya-tochnykh-rabot-150-mm/
rucnoj-instrument,Ручний інструмент / Шарнірно-губцевий інструмент,Круглогубці Dnipro-M для точних робіт 127 мм,210.0,,,True,5.00,9,82162000,https://dnipro-m.ua/tovar/kruglogubczy-dlya-tochnykh-rabot-127-mm/
rucnoj-instrument,Ручний інструмент / Шарнірно-губцевий інструмент,Довгогубці Dnipro-M для точних робіт 127 мм,210.0,,,True,4.33,18,82158000,https://dnipro-m.ua/tovar/dlinnogubczy-dlya-tochnykh-rabot-127-mm/
rucnoj-instrument,Ручний інструмент / Шарнірно-губцевий інструмент,Кліщі торцеві Dnipro-M для точних робіт 105 мм,210.0,,,True,4.63,8,82161000,https://dnipro-m.ua/tovar/kleshhi-torczevye-dlya-tochnykh-rabot-105-mm/
rucnoj-instrument,Ручний інструмент / Шарнірно-губцевий інструмент,Довгогубці вигнуті Dnipro-M для точних робіт 127 мм,210.0,,,False,4.11,9,82159000,https://dnipro-m.ua/tovar/dlinnogubczy-izognutye-dlya-tochnykh-rabot-127-mm/
rucnoj-instrument,Ручний інструмент / Шарнірно-губцевий інструмент,Знімач стопорних кілець Dnipro-M прямий на стискання,280.0,,,True,,0,54815000,https://dnipro-m.ua/tovar/znimach-stopornih-kilec-pryamij-na-stiskannya/
rucnoj-instrument,Ручний інструмент / Шарнірно-губцевий інструмент,Знімач стопорних кілець Dnipro-M вигнутий на розжим,280.0,,,True,4.50,4,54812000,https://dnipro-m.ua/tovar/znimach-stopornih-kilec-vignutij-na-rozzhim/
rucnoj-instrument,Ручний інструмент / Шарнірно-губцевий інструмент,Знімач стопорних кілець Dnipro-M прямий на розжим,280.0,,,True,,0,54814000,https://dnipro-m.ua/tovar/znimach-stopornih-kilec-pryamij-na-rozzhim/
rucnoj-instrument,Ручний інструмент / Шарнірно-губцевий інструмент,Знімач стопорних кілець Dnipro-M вигнутий на стискання,280.0,,,True,,0,54813000,https://dnipro-m.ua/tovar/znimach-stopornih-kilec-vignutij-na-stiskannya/
rucnoj-instrument,Ручний інструмент / Шарнірно-губцевий інструмент,Пасатижі Dnipro-M ULTRA 185 мм,450.0,,,False,4.48,81,81381000,https://dnipro-m.ua/tovar/passatizhi-dnipro-m-ultra-185-mm/
rucnoj-instrument,Ручний інструмент / Шарнірно-губцевий інструмент,Бокорізи Dnipro-M ULTRA 150 мм,450.0,,,False,4.27,81,81383000,https://dnipro-m.ua/tovar/bokorezy-dnipro-m-ultra-160-mm/
rucnoj-instrument,Ручний інструмент / Шарнірно-губцевий інструмент,Довгогубці Dnipro-M ULTRA 165 мм,450.0,,,False,4.59,27,81382000,https://dnipro-m.ua/tovar/dlinnogubci-dnipro-m-ultra-160-mm/
rucnoj-instrument,Ручний інструмент / Шарнірно-губцевий інструмент,Довгогубці комбіновані Dnipro-M 160 мм,489.0,,,False,,0,48904000,https://dnipro-m.ua/tovar/dovhohubtsi-kombinovani-160mm/
rucnoj-instrument,Ручний інструмент / Шарнірно-губцевий інструмент,Набір ножиць Dnipro-M нержавіюча сталь 2 шт,498.0,,,False,4.56,43,16237000,https://dnipro-m.ua/tovar/nabor-nozhnicz-nerzhaveyushhaya-stal-2-sht/
rucnoj-instrument,Ручний інструмент / Шарнірно-губцевий інструмент,Кліщі Dnipro-M ULTRA 200 мм,525.0,,,False,4.33,15,97132000,https://dnipro-m.ua/tovar/kleshhi-kalennye-cr-v-200-mm/
rucnoj-instrument,Ручний інструмент / Шарнірно-губцевий інструмент,Бокорізи силові Dnipro-M ULTRA 190 мм,525.0,,,False,4.45,76,81384000,https://dnipro-m.ua/tovar/bokorezy-silovye-dnipro-m-ultra-175-mm/
rucnoj-instrument,Ручний інструмент / Шарнірно-губцевий інструмент,Ножиці по металу Dnipro-M ULTRA 250 мм прямі,540.0,,,True,4.89,37,49996001,https://dnipro-m.ua/tovar/nozhniczy-po-metallu-ultra-250-mm-pryamye/
rucnoj-instrument,Ручний інструмент / Шарнірно-губцевий інструмент,Ножиці по металу Dnipro-M ULTRA 250 мм ліві,540.0,,,False,4.50,8,49996003,https://dnipro-m.ua/tovar/nozhniczy-po-metallu-ultra-250-mm-levye/
rucnoj-instrument,Ручний інструмент / Шарнірно-губцевий інструмент,Ножиці по металу Dnipro-M ULTRA 250 мм праві,540.0,,,False,4.86,14,49996002,https://dnipro-m.ua/tovar/nozhniczy-po-metallu-ultra-250-mm-pravye/
rucnoj-instrument,Ручний інструмент / Шарнірно-губцевий інструмент,Кліщі Dnipro-M ULTRA 250 мм,624.0,,,True,4.42,48,81385000,https://dnipro-m.ua/tovar/kleshchi-dnipro-m-ultra-250-mm/
rucnoj-instrument,Ручний інструмент / Шарнірно-губцевий інструмент,Кліщі Dnipro-M ULTRA 300 мм,729.0,,,False,4.73,22,97133000,https://dnipro-m.ua/tovar/kleshhi-kalennye-cr-v-300-mm/
rucnoj-instrument,Ручний інструмент / Шарнірно-губцевий інструмент,Набір знімачів стопорних кілець Dnipro-M 4в1,1080.0,,,False,,0,54816000,https://dnipro-m.ua/tovar/nabir-znimachiv-stopornih-kilec-4v1/
rucnoj-instrument,Ручний інструмент / Шарнірно-губцевий інструмент,Набір шарнірно-губцевого інструменту Dnipro-M ULTRA,1209.0,,,False,4.46,74,16051000,https://dnipro-m.ua/tovar/nabor-sharnirno-gubczevogo-instrumenta-ultra/
rucnoj-instrument,Ручний інструмент / Шарнірно-губцевий інструмент,Набір шарнірно-губцевого інструменту Dnipro-M для точних робіт,1290.0,,,True,4.70,50,82163000,https://dnipro-m.ua/tovar/nabor-sharnirno-gubczevogo-instrumenta-dlya-tochnykh-rabot/
sadovo-parkovaya-tehnika,Витратні матеріали / Оливи і мастила,Мастило Dnipro-M для редукторів з молібденом 100 г,189.0,,,True,,0,84664000,https://dnipro-m.ua/tovar/mastilo-dlya-reduktoriv-z-molibdenom-100-g/
sadovo-parkovaya-tehnika,Витратні матеріали / Оливи і мастила,Олива моторна Dnipro-M 4T 10W-30 1 л,390.0,,,True,5.00,6,84663000,https://dnipro-m.ua/tovar/oliva-motorna-4t-10w-30-1-l/
sadovo-parkovaya-tehnika,Ручний інструмент / Ручні пили,Ручна пила по дереву Dnipro-M Caiman SK5 375 мм,480.0,549.0,13,True,4.78,90,49893000-1,https://dnipro-m.ua/tovar/ruchnaya-pila-po-derevu-caiman-sk5-375-mm/
sadovo-parkovaya-tehnika,Ручний інструмент / Ручні пили,Ручна пила по дереву Dnipro-M ULTRA SK5 450 мм,480.0,549.0,13,True,4.88,84,49898000-4,https://dnipro-m.ua/tovar/ruchnaya-pila-po-derevu-ultra-sk5-450-mm/
sadovo-parkovaya-tehnika,Ручний інструмент / Ручні пили,Ручна пила по дереву Dnipro-M ULTRA SK5 400 мм,540.0,,,True,4.92,53,49895000,https://dnipro-m.ua/tovar/ruchnaya-pila-po-derevu-ultra-sk5-400-mm/
sadovo-parkovaya-tehnika,Ручний інструмент / Ручні пили,Ручна пила по дереву Dnipro-M Caiman SK5 500 мм,564.0,,,True,4.73,83,49894000,https://dnipro-m.ua/tovar/ruchnaya-pila-po-derevu-caiman-sk5-500-mm/
sadovo-parkovaya-tehnika,Ручний інструмент / Сокири і колуни,Сокира Dnipro-M ULTRA TPR 600 г,390.0,480.0,19,False,4.43,7,19960001-1,https://dnipro-m.ua/tovar/topor-ultra-tpr-600-g/
sadovo-parkovaya-tehnika,Ручний інструмент / Сокири і колуни,Сокира Dnipro-M ULTRA TPR 1000 г,660.0,,,False,3.50,2,19960002,https://dnipro-m.ua/tovar/topor-ultra-tpr-1000-g/
sadovo-parkovaya-tehnika,Ручний інструмент / Сокири і колуни,Сокира Dnipro-M Garden Pro 800,1140.0,,,True,4.00,27,52217000,https://dnipro-m.ua/tovar/sokira-garden-pro-800/
sadovo-parkovaya-tehnika,Ручний інструмент / Сокири і колуни,Сокира Dnipro-M Garden Pro 1100,1410.0,,,True,4.42,38,52218000,https://dnipro-m.ua/tovar/sokira-garden-pro-1100/
sadovo-parkovaya-tehnika,Ручний інструмент / Сокири і колуни,Сокира Dnipro-M Garden Pro 2600,1599.0,2298.0,30,False,4.39,23,52219002-1,https://dnipro-m.ua/tovar/topor-kolun-garden-pro-2600-g/
sadovo-parkovaya-tehnika,Ручний інструмент / Сокири і колуни,Сокира-колун Dnipro-M ULTRA TPR 2500 г,1650.0,,,True,4.45,108,19986001,https://dnipro-m.ua/tovar/topor-kolun-ultra-tpr-2500-g/
sadovo-parkovaya-tehnika,Ручний інструмент / Сокири і колуни,Сокира Dnipro-M Garden Pro 1700,1950.0,,,False,4.72,47,52219001,https://dnipro-m.ua/tovar/topor-kolun-garden-pro-1700-g/
sadovo-parkovaya-tehnika,Садова техніка та інструменти / Аератори,Аератор-скарифікатор електричний Dnipro-M 38,5997.0,6900.0,13,False,4.36,14,78850000-2,https://dnipro-m.ua/tovar/aerator-skarifikator-elektrichnij-38/
sadovo-parkovaya-tehnika,Садова техніка та інструменти / Газонокосарки,Газонокосарка електрична Dnipro-M 32N,3798.0,4698.0,19,True,4.14,49,99440000-1,https://dnipro-m.ua/tovar/gazonokosarka-elektrichna-32n/
sadovo-parkovaya-tehnika,Садова техніка та інструменти / Газонокосарки,Газонокосарка електрична Dnipro-M 33,3999.0,5499.0,27,False,4.00,18,41414000-1,https://dnipro-m.ua/tovar/gazonokosilka-elektricheskaya-33/
sadovo-parkovaya-tehnika,Садова техніка та інструменти / Газонокосарки,Електрична газонокосарка Dnipro-M 38N,7200.0,,,False,4.08,13,48245000,https://dnipro-m.ua/tovar/elektrichna-gazonokosarka-38n/
sadovo-parkovaya-tehnika,Садова техніка та інструменти / Газонокосарки,Газонокосарка бензинова Dnipro-M 40,8199.0,12000.0,32,False,4.57,21,41466000-1,https://dnipro-m.ua/tovar/gazonokosilka-benzinovaya-40/
sadovo-parkovaya-tehnika,Садова техніка та інструменти / Газонокосарки,Газонокосарка електрична Dnipro-M 42,8220.0,9498.0,13,False,4.31,32,83418000-1,https://dnipro-m.ua/tovar/gazonokosarka-elektrichna-42/
sadovo-parkovaya-tehnika,Садова техніка та інструменти / Газонокосарки,Бензинова газонокосарка Dnipro-M 40N,10497.0,12600.0,17,True,4.86,7,48248000-1,https://dnipro-m.ua/tovar/benzinova-gazonokosarka-40n/
sadovo-parkovaya-tehnika,Садова техніка та інструменти / Газонокосарки,Бензинова газонокосарка Dnipro-M 46N,13599.0,16998.0,20,False,4.38,39,48249000-2,https://dnipro-m.ua/tovar/benzinova-gazonokosarka-46n/
sadovo-parkovaya-tehnika,Садова техніка та інструменти / Газонокосарки,Газонокосарка бензинова Dnipro-M 53,17988.0,25200.0,29,False,3.54,35,41468000-1,https://dnipro-m.ua/tovar/gazonokosilka-benzinovaya-53/
sadovo-parkovaya-tehnika,Садова техніка та інструменти / Газонокосарки,Бензинова газонокосарка Dnipro-M 53N,18798.0,25800.0,27,True,4.00,20,48250000-1,https://dnipro-m.ua/tovar/benzinova-gazonokosarka-53n/
sadovo-parkovaya-tehnika,Садова техніка та інструменти / Газонокосарки,Робот-газонокосарка Suntek SRM2030,28998.0,33000.0,12,True,,0,74379000-1,https://dnipro-m.ua/tovar/robot-gazonokosarka-suntek-srm2030/
sadovo-parkovaya-tehnika,Садова техніка та інструменти / Газонокосарки,Робот-газонокосарка Sunseeker V1G,31497.0,33000.0,5,True,5.00,2,74349000-1,https://dnipro-m.ua/tovar/robot-gazonokosarka-sunseeker-v1g/
sadovo-parkovaya-tehnika,Садова техніка та інструменти / Газонокосарки,Робот-газонокосарка Suntek SRM4050,49998.0,59400.0,16,True,,0,74380000-1,https://dnipro-m.ua/tovar/robot-gazonokosarka-suntek-srm4050/
sadovo-parkovaya-tehnika,Садова техніка та інструменти / Газонокосарки,Робот-газонокосарка Sunseeker S4,60999.0,63000.0,3,True,4.83,6,74350000-1,https://dnipro-m.ua/tovar/robot-gazonokosarka-sunseeker-s4/
sadovo-parkovaya-tehnika,Садова техніка та інструменти / Котушки для садових тримерів,Котушка для тримера Foresta TH-10 1.6-2.4 мм,159.0,396.0,60,True,5.00,10,67832015-1,https://dnipro-m.ua/tovar/katushka-dlya-trimmera-foresta-th-10-16-24-mm/
sadovo-parkovaya-tehnika,Садова техніка та інструменти / Котушки для садових тримерів,Котушка для тримера Dnipro-M 16A 1.4-1.6 мм,240.0,,,True,5.00,1,99705000,https://dnipro-m.ua/tovar/kotushka-dlya-trimera-16a-14-16-mm/
sadovo-parkovaya-tehnika,Садова техніка та інструменти / Котушки для садових тримерів,"Котушка для тримера Dnipro-M M 45 3-4,5 мм",279.0,369.0,24,True,4.50,24,41495000-4,https://dnipro-m.ua/tovar/kotuska-dlya-trimera-m-45-16-24-mm/
sadovo-parkovaya-tehnika,Садова техніка та інструменти / Котушки для садових тримерів,Котушка для тримера Dnipro-M 24A 1.6-2.4 мм,285.0,,,False,4.57,14,41562004,https://dnipro-m.ua/tovar/katushka-dlya-trimmera-24a-16-24-mm/
sadovo-parkovaya-tehnika,Садова техніка та інструменти / Котушки для садових тримерів,Котушка для тримера Dnipro-M 30А 1.6-3.0 мм,339.0,,,False,4.00,60,41562003,https://dnipro-m.ua/tovar/katushka-dlya-trimmera-30a-16-30-mm/
sadovo-parkovaya-tehnika,Садова техніка та інструменти / Котушки для садових тримерів,Котушка для тримера Dnipro-M 30MBA 1.6-3.0 мм,369.0,,,False,4.05,59,41562005,https://dnipro-m.ua/tovar/katushka-dlya-trimmera-30mba-16-30-mm/
sadovo-parkovaya-tehnika,Садова техніка та інструменти / Котушки для садових тримерів,Котушка для тримера Dnipro-M 30МА 1.6-3.0 мм,369.0,,,False,3.54,59,41562002,https://dnipro-m.ua/tovar/katushka-dlya-trimmera-30ma-16-30-mm/
sadovo-parkovaya-tehnika,Садова техніка та інструменти / Культиватори / Культиватори електричні,Культиватор електричний Dnipro-M 40,6999.0,7797.0,10,True,4.73,90,41416000-1,https://dnipro-m.ua/tovar/kultivator-elektricheskij-40/
sadovo-parkovaya-tehnika,Садова техніка та інструменти / Культиватори / Мотокультиватори,"Мотокультиватор Dnipro-M М25, 2Т",7398.0,8499.0,13,False,4.26,39,99290000-1,https://dnipro-m.ua/tovar/motokultivator-m25-2t/
sadovo-parkovaya-tehnika,Садова техніка та інструменти / Культиватори / Мотокультиватори,"Мотокультиватор Dnipro-M M85, 4Т",18597.0,21999.0,15,True,4.00,36,84272000-1,https://dnipro-m.ua/tovar/motokultivator-m85-4t/
sadovo-parkovaya-tehnika,Садова техніка та інструменти / Культиватори / Мотокультиватори,"Мотокультиватор Dnipro-M M75W, 4Т",23310.0,25800.0,10,True,4.46,13,48594000-1,https://dnipro-m.ua/tovar/motokultivator-m75w-4t/
sadovo-parkovaya-tehnika,Садова техніка та інструменти / Ланцюги для пил,"Ланцюг до бензопили Dnipro-M 3/8""lp, 30см, 0.043""",171.0,315.0,46,False,4.00,2,83546000-1,https://dnipro-m.ua/tovar/lanczyug-do-benzopili-38lp-30sm-0043/
sadovo-parkovaya-tehnika,Садова техніка та інструменти / Ланцюги для пил,"Ланцюг для акумуляторної ланцюгової міні пили Dnipro-M 16 см 0,3"" (7,62 мм)",240.0,,,True,5.00,1,78701000,https://dnipro-m.ua/tovar/lancyug-dlya-akumulyatornoyi-lancyugovoyi-mini-pili-16sm/
sadovo-parkovaya-tehnika,Садова техніка та інструменти / Ланцюги для пил,Натягувач ланцюга Dnipro-M для електричної ланцюгової пили,270.0,,,True,3.80,5,99306000,https://dnipro-m.ua/tovar/natyaguvach-lantsyuga-dlya-elektrichnoi-pili/
sadovo-parkovaya-tehnika,Садова техніка та інструменти / Ланцюги для пил,"Ланцюг до бензопили Dnipro-M 3/8""lp 30 см, 0,050""",275.0,,,False,4.43,7,84737000,https://dnipro-m.ua/tovar/lanczyug-do-benzopili-38lp-30-sm-0050/
sadovo-parkovaya-tehnika,Садова техніка та інструменти / Ланцюги для пил,"Ланцюг для акумуляторної ланцюгової міні пили Dnipro-M 15 см 1/4""lp",288.0,,,True,5.00,1,78718000,https://dnipro-m.ua/tovar/lancyug-dlya-akumulyatornoyi-lancyugovoyi-mini-pili-15sm/
sadovo-parkovaya-tehnika,Садова техніка та інструменти / Ланцюги для пил,"Ланцюг до бензопили Dnipro-M 3/8""lp 35 см, 0,050""",339.0,,,True,4.45,11,83664000,https://dnipro-m.ua/tovar/lanczyug-do-benzopili-38lp-35-sm/
sadovo-parkovaya-tehnika,Садова техніка та інструменти / Ланцюги для пил,"Ланцюг до електропили Dnipro-M 3/8""lp, 35 см, 0,050""",339.0,,,False,4.24,25,22720000,https://dnipro-m.ua/tovar/czep-k-benzopile-38lp-35-sm-0050/
sadovo-parkovaya-tehnika,Садова техніка та інструменти / Ланцюги для пил,"Ланцюг до акумуляторної пили Dnipro-M 3/8""lp, 35 см, 0.043""",348.0,,,False,4.04,27,22835000,https://dnipro-m.ua/tovar/czep-k-benzopile-38lp-35-sm-0043/
sadovo-parkovaya-tehnika,Садова техніка та інструменти / Ланцюги для пил,"Ланцюг до електропили Dnipro-M 3/8""lp 40 см, 0,050""",354.0,,,False,4.00,5,83416000,https://dnipro-m.ua/tovar/lanczyug-do-elektropili-38lp-40-sm/
sadovo-parkovaya-tehnika,Садова техніка та інструменти / Ланцюги для пил,"Ланцюг до акумуляторної пили Dnipro-M 12 см 0,3"" (7,62 мм)",360.0,,,True,4.50,2,59962000,https://dnipro-m.ua/tovar/lancug-do-akumulatornoi-pili-12-sm/
sadovo-parkovaya-tehnika,Садова техніка та інструменти / Ланцюги для пил,"Ланцюг до електропили Dnipro-M 3/8""lp, 40 см, 0,050""",369.0,,,True,4.13,31,22719000,https://dnipro-m.ua/tovar/czep-k-benzopile-38lp-40-sm-0050/
sadovo-parkovaya-tehnika,Садова техніка та інструменти / Ланцюги для пил,"Ланцюг до бензопили Dnipro-M 0,325"", 40 см, 0,058""",459.0,,,False,4.04,26,22716000,https://dnipro-m.ua/tovar/czep-k-benzopile-0325-40-sm-0058/
sadovo-parkovaya-tehnika,Садова техніка та інструменти / Ланцюги для пил,"Ланцюг до бензопили Dnipro-M 0,325"", 45 см, 0,058""",510.0,,,True,4.07,28,22717000,https://dnipro-m.ua/tovar/czep-k-benzopile-0325-45-sm-0058/
sadovo-parkovaya-tehnika,Садова техніка та інструменти / Ланцюги для пил,"Ланцюг до бензопили Dnipro-M 0,325"", 50 см, 0,058""",528.0,,,True,4.00,14,22718000,https://dnipro-m.ua/tovar/czep-k-benzopile-0325-50-sm-0058/
sadovo-parkovaya-tehnika,Садова техніка та інструменти / Ланцюгові пили / Бензопили,Бензопила ланцюгова Dnipro-M DSG-25H,4890.0,5400.0,9,False,4.52,63,83545000-3,https://dnipro-m.ua/tovar/benzopila-lanczyugova-dsg-25h/
sadovo-parkovaya-tehnika,Садова техніка та інструменти / Ланцюгові пили / Бензопили,Бензопила ланцюгова Dnipro-M NSG-45H,5298.0,5997.0,12,True,4.18,34,84649000-1,https://dnipro-m.ua/tovar/benzopila-lanczyugova-nsg-45h/
sadovo-parkovaya-tehnika,Садова техніка та інструменти / Ланцюгові пили / Бензопили,Бензопила ланцюгова Dnipro-M NSG-52H,5919.0,6540.0,9,True,4.61,36,84650000-1,https://dnipro-m.ua/tovar/benzopila-lanczyugova-nsg-52h/
sadovo-parkovaya-tehnika,Садова техніка та інструменти / Ланцюгові пили / Бензопили,Бензопила ланцюгова Dnipro-M NSG-62H,6330.0,6999.0,10,True,4.45,29,84651000-1,https://dnipro-m.ua/tovar/benzopila-lanczyugova-nsg-62h/
sadovo-parkovaya-tehnika,Садова техніка та інструменти / Ланцюгові пили / Електропили,Електропила ланцюгова Dnipro-M DSE-15T,3897.0,4299.0,9,True,3.98,52,83410000-1,https://dnipro-m.ua/tovar/elektropila-lanczyugova-dse-15t/
sadovo-parkovaya-tehnika,Садова техніка та інструменти / Ланцюгові пили / Електропили,Електропила ланцюгова Dnipro-M DSE-22S,3900.0,4998.0,22,False,4.46,114,21371000-4,https://dnipro-m.ua/tovar/elektropila-czepnaya-dse-22s/
sadovo-parkovaya-tehnika,Садова техніка та інструменти / Ланцюгові пили / Електропили,Електропила ланцюгова Dnipro-M DSE-24DS,4680.0,5199.0,10,False,4.20,219,21372000-2,https://dnipro-m.ua/tovar/elektropila-czepnaya-dse-24ds/
sadovo-parkovaya-tehnika,Садова техніка та інструменти / Лопати,Лопата штикова Dnipro-M 100 см,555.0,,,True,4.50,18,58758002,https://dnipro-m.ua/tovar/lopata-shtikova-100-sm/
sadovo-parkovaya-tehnika,Садова техніка та інструменти / Лопати,Лопата штикова Dnipro-M 120 см,597.0,,,True,4.04,48,58758001,https://dnipro-m.ua/tovar/lopata-shtikova-120-sm/
sadovo-parkovaya-tehnika,Садова техніка та інструменти / Лопати,Лопата совкова Dnipro-M,597.0,,,True,4.25,8,58759000,https://dnipro-m.ua/tovar/lopata-sovkova/
sadovo-parkovaya-tehnika,Садова техніка та інструменти / Ліска для тримерів,Волосінь для тримера Dnipro-M кругла 15 м 1.6 мм,66.0,,,False,5.00,4,41564008,https://dnipro-m.ua/tovar/volosin-dlya-trimera-krugla-15-m-16-mm/
sadovo-parkovaya-tehnika,Садова техніка та інструменти / Ліска для тримерів,Волосінь для тримера Dnipro-M квадрат 15 м 2.4 мм,72.0,90.0,20,True,4.78,9,41564002-1,https://dnipro-m.ua/tovar/leska-dlya-trimmera-kvadrat-15-m-24-mm/
sadovo-parkovaya-tehnika,Садова техніка та інструменти / Ліска для тримерів,Волосінь для тримера Dnipro-M кругла 15 м 2.0 мм,72.0,,,True,5.00,5,41564001,https://dnipro-m.ua/tovar/leska-dlya-trimmera-kruglaya-15-m-20-mm/
sadovo-parkovaya-tehnika,Садова техніка та інструменти / Ліска для тримерів,Волосінь для тримера Dnipro-M квадрат 15 м 2.7 мм,78.0,99.0,21,True,5.00,10,41564003-7,https://dnipro-m.ua/tovar/leska-dlya-trimmera-kvadrat-15-m-27-mm/
sadovo-parkovaya-tehnika,Садова техніка та інструменти / Ліска для тримерів,Волосінь для тримера Dnipro-M кругла 15 м 2.4 мм,90.0,,,True,5.00,1,41564007,https://dnipro-m.ua/tovar/leska-dlya-trimmera-kruglaya-15-m-24-mm/
sadovo-parkovaya-tehnika,Садова техніка та інструменти / Ліска для тримерів,Волосінь для тримера Dnipro-M квадрат 15 м 3.0 мм,108.0,,,True,5.00,10,41564004,https://dnipro-m.ua/tovar/leska-dlya-trimmera-kvadrat-15-m-30-mm/
sadovo-parkovaya-tehnika,Садова техніка та інструменти / Ліска для тримерів,Волосінь для тримера Dnipro-M кручена армована 15 м 2.7 мм,111.0,,,True,4.36,36,41564005,https://dnipro-m.ua/tovar/leska-dlya-trimmera-kruchenaya-armirov-15-m-27-mm/
sadovo-parkovaya-tehnika,Садова техніка та інструменти / Ліска для тримерів,Волосінь для тримера Dnipro-M кручена армована 15 м 3.0 мм,117.0,,,True,3.94,18,41564006,https://dnipro-m.ua/tovar/leska-dlya-trimmera-kruchenaya-armirov-15-m-30-mm/
sadovo-parkovaya-tehnika,Садова техніка та інструменти / Ліска для тримерів,Волосінь для тримера Dnipro-M квадрат 15 м 4.5 мм,138.0,168.0,18,True,4.09,11,41494000-1,https://dnipro-m.ua/tovar/volosin-dlya-trimera-kvadrat-15-m-4-5-mm-club3108/
sadovo-parkovaya-tehnika,Садова техніка та інструменти / Ліска для тримерів,Волосінь для тримера Dnipro-M квадрат 100 м 2.4 мм,300.0,,,False,4.71,7,41564009,https://dnipro-m.ua/tovar/volosin-dlya-trimera-kvadrat-100m-2-4mm/
sadovo-parkovaya-tehnika,Садова техніка та інструменти / Ліска для тримерів,Волосінь для тримера Dnipro-M квадрат 100 м 2.7 мм,340.0,,,False,4.47,17,41564010,https://dnipro-m.ua/tovar/volosin-dlya-trimera-kvadrat-100m-2-7-mm/
sadovo-parkovaya-tehnika,Садова техніка та інструменти / Мийки високого тиску,Мийка високого тиску Dnipro-M PW-12B,3498.0,4200.0,17,True,4.68,100,48626000-1,https://dnipro-m.ua/tovar/mijka-visokogo-tisku-pw-12b/
sadovo-parkovaya-tehnika,Садова техніка та інструменти / Мийки високого тиску,Мийка високого тиску Dnipro-M PW-14B (2021),5997.0,6750.0,11,True,4.33,199,21680000-4,https://dnipro-m.ua/tovar/mojka-vysokogo-davleniya-pw-14b-2021/
sadovo-parkovaya-tehnika,Садова техніка та інструменти / Мийки високого тиску,Мийка високого тиску Dnipro-M PW-16B (2021),7797.0,9720.0,20,False,3.87,71,21681000-3,https://dnipro-m.ua/tovar/mojka-vysokogo-davleniya-pw-16b-2021/
sadovo-parkovaya-tehnika,Садова техніка та інструменти / Мийки високого тиску,Мийка високого тиску Dnipro-M PW-16BR (2021),8997.0,12000.0,25,True,4.34,128,21691000-2,https://dnipro-m.ua/tovar/mojka-vysokogo-davleniya-pw-16br-2021/
sadovo-parkovaya-tehnika,Садова техніка та інструменти / Мийки високого тиску,Мийка високого тиску Dnipro-M PW-18Ri (2021),17898.0,19200.0,7,True,4.35,85,22437000-1,https://dnipro-m.ua/tovar/mojka-vysokogo-davleniya-pw-18ri-2021/
sadovo-parkovaya-tehnika,Садова техніка та інструменти / Мотокоси і тримери,Тример електричний Dnipro-M 30L,1398.0,1890.0,26,True,4.56,45,99441000-1,https://dnipro-m.ua/tovar/trimer-elektrichnij-30l/
sadovo-parkovaya-tehnika,Садова техніка та інструменти / Мотокоси і тримери,Тример електричний Dnipro-M 110,3900.0,4797.0,19,False,4.09,108,41394000-1,https://dnipro-m.ua/tovar/trimmer-elektricheskij-110/
sadovo-parkovaya-tehnika,Садова техніка та інструменти / Мотокоси і тримери,Мотокоса Dnipro-M 43,4698.0,5700.0,18,True,4.47,373,41384000-3,https://dnipro-m.ua/tovar/benzinovyj-trimmer-43/
sadovo-parkovaya-tehnika,Садова техніка та інструменти / Мотокоси і тримери,Тример електричний Dnipro-M 150S,5397.0,,,False,4.06,66,83339000,https://dnipro-m.ua/tovar/trimer-elektrichnij-150s/
sadovo-parkovaya-tehnika,Садова техніка та інструменти / Мотокоси і тримери,Мотокоса Dnipro-M 52,5700.0,6399.0,11,False,3.96,320,41385000-4,https://dnipro-m.ua/tovar/benzinovyj-trimmer-52/
sadovo-parkovaya-tehnika,Садова техніка та інструменти / Мотокоси і тримери,Мотокоса Dnipro-M 50RX,9999.0,13599.0,26,False,4.23,73,41854000-1,https://dnipro-m.ua/tovar/benzinovyj-trimmer-50rx/
sadovo-parkovaya-tehnika,Садова техніка та інструменти / Насадки для садових комбі-систем,Насадка-подовжувач для бензинового тримера Dnipro-M для мотокоси 33М,99.0,549.0,82,True,5.00,1,52246000-1,https://dnipro-m.ua/tovar/nasadka-podovzhuvac-dlya-motokosi-33m/
sadovo-parkovaya-tehnika,Садова техніка та інструменти / Насадки для садових комбі-систем,Насадка-висоторіз для бензинового тримера Dnipro-M для мотокоси 33М,300.0,2199.0,86,False,4.40,5,52247000-1,https://dnipro-m.ua/tovar/nasadka-vishoriz-dlya-motokosi-33m/
sadovo-parkovaya-tehnika,Садова техніка та інструменти / Насадки для садових комбі-систем,Насадка-кущоріз для бензинового тримера Dnipro-M для мотокоси 33М,300.0,2250.0,87,False,4.00,1,52250000-1,https://dnipro-m.ua/tovar/nasadka-kushoriz-dlya-motokosi-33m/
sadovo-parkovaya-tehnika,Садова техніка та інструменти / Насоси для води / Дренажні насоси,Насос дренажний Dnipro-M ND-5,1998.0,2490.0,20,False,4.31,29,58973000-1,https://dnipro-m.ua/tovar/nasos-drenazhnij-nd-5/
sadovo-parkovaya-tehnika,Садова техніка та інструменти / Насоси для води / Дренажні насоси,Насос дренажний Dnipro-M ND-35,2697.0,3270.0,18,True,3.97,30,58974000-1,https://dnipro-m.ua/tovar/nasos-drenazhnij-nd-35/
sadovo-parkovaya-tehnika,Садова техніка та інструменти / Насоси для води / Занурювальні вібраційні насоси,Насос вібраційний Dnipro-M NV-1,1398.0,1740.0,20,True,4.02,93,58972000-1,https://dnipro-m.ua/tovar/nasos-vibracijnij-nv-1/
sadovo-parkovaya-tehnika,Садова техніка та інструменти / Насоси для води / Насосні станції,Насос садовий Dnipro-M GP 600,3690.0,,,True,4.35,17,84462000,https://dnipro-m.ua/tovar/nasos-sadovij-gp-600/
sadovo-parkovaya-tehnika,Садова техніка та інструменти / Насоси для води / Насосні станції,Насосна станція Dnipro-M ABS 800,6999.0,,,True,4.96,26,84463000,https://dnipro-m.ua/tovar/nasosna-stancziya-abs-800/
sadovo-parkovaya-tehnika,Садова техніка та інструменти / Насоси для води / Насосні станції,Насосна станція Dnipro-M ABS 1300 WA,8499.0,,,False,4.82,22,84464000,https://dnipro-m.ua/tovar/nasosna-stancziya-abs-1300-wa/
sadovo-parkovaya-tehnika,Садова техніка та інструменти / Ножі для садової техніки,Ніж для тримера Dnipro-M 3Т,159.0,,,True,4.25,4,41492000,https://dnipro-m.ua/tovar/nizh-dlya-trimera-3t/
sadovo-parkovaya-tehnika,Садова техніка та інструменти / Ножі для садової техніки,Ніж для мотокоси Dnipro-M 3Т,162.0,,,True,4.38,13,41563003,https://dnipro-m.ua/tovar/nozh-dlya-motokosy-3t/
sadovo-parkovaya-tehnika,Садова техніка та інструменти / Ножі для садової техніки,Комплект пластикових ножів для акумуляторного тримера Dnipro-M DTC-200,180.0,315.0,43,False,4.25,16,52390000-1,https://dnipro-m.ua/tovar/nabir-kosilnih-nozhiv-plastik-dtc-200/
sadovo-parkovaya-tehnika,Садова техніка та інструменти / Ножі для садової техніки,"Адаптер (тримач) ножа для бензогазонокосарок Dnipro-M 40, 46 та Foresta GM-400,460, 530E",198.0,348.0,43,True,,0,58667000-1,https://dnipro-m.ua/tovar/adapter-trimach-nozha-dlya-benzogazonokosarok-40-46-ta-foresta-gm-400-460-530e/
sadovo-parkovaya-tehnika,Садова техніка та інструменти / Ножі для садової техніки,Ніж для мотокоси Dnipro-M 40T,261.0,318.0,18,True,4.43,21,41563002-2,https://dnipro-m.ua/tovar/nozh-dlya-motokosy-40t/
sadovo-parkovaya-tehnika,Садова техніка та інструменти / Ножі для садової техніки,Ніж для мотокоси Dnipro-M 44T,270.0,330.0,18,True,4.23,35,41563001-2,https://dnipro-m.ua/tovar/nozh-dlya-motokosy-44t/
sadovo-parkovaya-tehnika,Садова техніка та інструменти / Ножі для садової техніки,Комплект пластикових ножів DNIPRO-M 20B,279.0,,,False,4.08,39,99704000,https://dnipro-m.ua/tovar/komplekt-plastikovih-nozhiv-20b/
sadovo-parkovaya-tehnika,Садова техніка та інструменти / Ножі для садової техніки,Ніж для бензогазонокосарки Foresta GM-530E,297.0,660.0,55,False,5.00,3,97951002-1,https://dnipro-m.ua/tovar/nozh-dlya-benzogazonokosilki-foresta-gmb-53/
sadovo-parkovaya-tehnika,Садова техніка та інструменти / Ножі для садової техніки,Робоче лезо Dnipro-M для DPS-200BC ULTRA,330.0,,,True,4.08,13,84666000,https://dnipro-m.ua/tovar/roboche-lezo-dlya-dps-200bc-ultra/
sadovo-parkovaya-tehnika,Садова техніка та інструменти / Ножі для садової техніки,Опорне лезо для Dnipro-M DPS-200BC ULTRA,330.0,,,True,,0,84667000,https://dnipro-m.ua/tovar/oporne-lezo-dlya-dps-200bc-ultra/
sadovo-parkovaya-tehnika,Садова техніка та інструменти / Ножі для садової техніки,Робоче лезо Dnipro-M Для PS-12BC,330.0,,,True,4.20,5,99602000,https://dnipro-m.ua/tovar/roboche-lezo-dlya-ps-12bc/
sadovo-parkovaya-tehnika,Садова техніка та інструменти / Ножі для садової техніки,Опорне лезо Dnipro-M Для PS-12BC,330.0,,,True,,0,99603000,https://dnipro-m.ua/tovar/oporne-lezo-dlya-ps-12bc/
sadovo-parkovaya-tehnika,Садова техніка та інструменти / Ножі для садової техніки,Ніж для електричної газонокосарки Dnipro-M 32N,405.0,,,True,4.83,6,48623000,https://dnipro-m.ua/tovar/nizh-dlya-elektichnoyi-gazonokosarki-32n/
sadovo-parkovaya-tehnika,Садова техніка та інструменти / Ножі для садової техніки,Ніж для електричної газонокосарки Dnipro-M 38N,420.0,,,True,5.00,3,48624000,https://dnipro-m.ua/tovar/nizh-dlya-elektichnoyi-gazonokosarki-38n/
sadovo-parkovaya-tehnika,Садова техніка та інструменти / Ножі для садової техніки,Адаптер (тримач) ножа для бензогазонокосарок Dnipro-M 53,450.0,,,True,,0,58668000,https://dnipro-m.ua/tovar/adapter-trimach-nozha-dlya-benzogazonokosarok-53/
sadovo-parkovaya-tehnika,Садова техніка та інструменти / Ножі для садової техніки,Ніж для електричної газонокосарки Dnipro-M 42,465.0,,,False,5.00,8,48625000,https://dnipro-m.ua/tovar/nizh-dlya-elektichnoyi-gazonokosarki-42/
sadovo-parkovaya-tehnika,Садова техніка та інструменти / Ножі для садової техніки,Ніж для мотокоси Dnipro-M 20Т,519.0,,,True,4.44,16,41493000,https://dnipro-m.ua/tovar/nizh-dlya-motokosi-20t/
sadovo-parkovaya-tehnika,Садова техніка та інструменти / Ножі для садової техніки,Ніж для мотокоси Dnipro-M 50-RX,549.0,,,False,5.00,2,41972000,https://dnipro-m.ua/tovar/nizh-dlya-motokosi-50-rx/
sadovo-parkovaya-tehnika,Садова техніка та інструменти / Ножі для садової техніки,Ніж для бензогазонокосарки Dnipro-M 40 та Foresta GM-400,600.0,,,True,5.00,1,58659000,https://dnipro-m.ua/tovar/nizh-dlya-benzogazonokosarki-40-ta-foresta-gm-400/
sadovo-parkovaya-tehnika,Садова техніка та інструменти / Ножі для садової техніки,Ніж для бензогазонокосарки Dnipro-M 46 та Foresta GM-460,630.0,,,True,,0,58661000,https://dnipro-m.ua/tovar/nizh-dlya-benzogazonokosarki-46-ta-foresta-gm-460/
sadovo-parkovaya-tehnika,Садова техніка та інструменти / Ножі для садової техніки,Фреза до подрібнювача гілок Dnipro-M GSQ-45,660.0,,,True,5.00,1,48439000,https://dnipro-m.ua/tovar/freza-do-podribnyuvacha-gilok-gsq-45/
sadovo-parkovaya-tehnika,Садова техніка та інструменти / Ножі для садової техніки,"Ніж для бензогазонокосарки Dnipro-M 53, 518 мм",660.0,,,True,,0,58662000,https://dnipro-m.ua/tovar/nizh-dlya-benzogazonokosarki-53-518-mm/
sadovo-parkovaya-tehnika,Садова техніка та інструменти / Ножі для садової техніки,Ніж для акумуляторної газонокосарки Dnipro-M DLM-200BC Dual,660.0,,,False,4.14,7,59389000,https://dnipro-m.ua/tovar/nizh-dlya-akumulatornoi-gazonokosarki-dlm-200bc-dual/
sadovo-parkovaya-tehnika,Садова техніка та інструменти / Ножі для садової техніки,"Ніж для бензогазонокосарки Dnipro-M 53, 525 мм",699.0,,,True,,0,58663000,https://dnipro-m.ua/tovar/nizh-dlya-benzogazonokosarki-53-525-mm/
sadovo-parkovaya-tehnika,Садова техніка та інструменти / Обприскувачі,Обприскувач пневматичний Dnipro-M 2H,360.0,,,True,3.89,108,83413000,https://dnipro-m.ua/tovar/obpriskuvach-pnevmatichnij-2h/
sadovo-parkovaya-tehnika,Садова техніка та інструменти / Обприскувачі,Обприскувач пневматичний Dnipro-M 5H,597.0,720.0,17,True,3.24,38,83412000-1,https://dnipro-m.ua/tovar/obpriskuvach-pnevmatichnij-5h/
sadovo-parkovaya-tehnika,Садова техніка та інструменти / Оливи і мастила для садової техніки,Олива ланцюгова для гілкорізів Dnipro-M 200мл,150.0,,,True,5.00,1,48317000,https://dnipro-m.ua/tovar/oliva-lancyugova-dlya-gilkoriziv-200-ml/
sadovo-parkovaya-tehnika,Садова техніка та інструменти / Оливи і мастила для садової техніки,Олива Dnipro-M для ланцюга 1 л,285.0,,,True,4.57,14,22691000,https://dnipro-m.ua/tovar/maslo-dlya-czepi-1-l/
sadovo-parkovaya-tehnika,Садова техніка та інструменти / Оливи і мастила для садової техніки,"Олива Dnipro-M моторна PLUS,  2T 1 л",315.0,,,True,4.28,18,83700000,https://dnipro-m.ua/tovar/oliva-motorna-plus-2t-1l/
sadovo-parkovaya-tehnika,Садова техніка та інструменти / Оливи і мастила для садової техніки,Олива моторна DNIPRO-M 4T ULTRA 5W-30 1л,420.0,,,True,5.00,2,54144000,https://dnipro-m.ua/tovar/oliva-motorna-4t-ultra-5w-30-1l/
sadovo-parkovaya-tehnika,Садова техніка та інструменти / Оливи і мастила для садової техніки,"Олива Dnipro-M моторна ULTRA,  2T 1 л",450.0,,,True,5.00,17,83409000,https://dnipro-m.ua/tovar/oliva-motorna-ultra-2t-1l/
sadovo-parkovaya-tehnika,Садова техніка та інструменти / Подрібнювачі садові,Садовий подрібнювач DNIPRO-M GSB-38,5997.0,6900.0,13,True,4.04,23,78791000-1,https://dnipro-m.ua/tovar/sadovij-podribnyuvach-gsb-38/
sadovo-parkovaya-tehnika,Садова техніка та інструменти / Подрібнювачі садові,Садовий подрібнювач DNIPRO-M GSQ-45,10500.0,11970.0,12,True,4.73,37,78792000-1,https://dnipro-m.ua/tovar/sadovij-podribnyuvach-gsq-45/
sadovo-parkovaya-tehnika,Садова техніка та інструменти / Садові міні інструменти,Сапка садова Dnipro-M 309 мм,45.0,96.0,53,False,3.33,3,59374000-1,https://dnipro-m.ua/tovar/sapka-sadova-309-mm/
sadovo-parkovaya-tehnika,Садова техніка та інструменти / Садові міні інструменти,Лопатка садова Dnipro-M 307 мм,45.0,84.0,46,False,4.50,4,59373000-1,https://dnipro-m.ua/tovar/lopatka-sadova-307-mm/
sadovo-parkovaya-tehnika,Садова техніка та інструменти / Садові міні інструменти,Граблі садові міні Dnipro-M 539 мм,45.0,90.0,50,False,4.00,5,59375000-1,https://dnipro-m.ua/tovar/grabli-sadovi-mini-539-mm/
sadovo-parkovaya-tehnika,Садова техніка та інструменти / Садові міні інструменти,Розпушувач садовий Dnipro-M S-27,240.0,,,True,5.00,3,48796000,https://dnipro-m.ua/tovar/rozpushuvach-sadovij-s-27/
sadovo-parkovaya-tehnika,Садова техніка та інструменти / Садові міні інструменти,Лопатка садова Dnipro-M S-32,285.0,,,False,5.00,11,48798000,https://dnipro-m.ua/tovar/lopatka-sadova-s-32/
sadovo-parkovaya-tehnika,Садова техніка та інструменти / Садові міні інструменти,Грабельки садові Dnipro-M S-31,300.0,,,True,5.00,5,48797000,https://dnipro-m.ua/tovar/grabelki-sadovi-s-31/
sadovo-parkovaya-tehnika,Садова техніка та інструменти / Садові міні інструменти,Набір садового інструменту Dnipro-M 6 в 1,300.0,555.0,46,False,4.27,15,59376000-1,https://dnipro-m.ua/tovar/nabir-sadovogo-instrumentu-6-v-1/
sadovo-parkovaya-tehnika,Садова техніка та інструменти / Садові міні інструменти,Набір садових інструментів Dnipro-M 4в1,1080.0,1320.0,18,True,5.00,1,48832000-1,https://dnipro-m.ua/tovar/nabir-sadovikh-instrumentiv-4v1/
sadovo-parkovaya-tehnika,Садова техніка та інструменти / Садові ручні пилки,Пила садова Dnipro-M складна SK5 180 мм,480.0,,,True,4.98,49,21768003,https://dnipro-m.ua/tovar/pila-sadovaya-skladnaya-sk5-180-mm/
sadovo-parkovaya-tehnika,Садова техніка та інструменти / Садові ручні пилки,Пила садова Dnipro-M в чохлі SK5 300 мм,564.0,,,True,4.75,61,21768001,https://dnipro-m.ua/tovar/pila-sadovaya-v-chekhle-sk5-300-mm/
sadovo-parkovaya-tehnika,Садова техніка та інструменти / Секатори садові,"Лезо до гілкоріза телескопічного Dnipro-M Garden Pro 40D, контактний",180.0,,,True,5.00,1,48557000,https://dnipro-m.ua/tovar/lezo-do-gilkoriza-teleskopichnogo-garden-pro-40d/
sadovo-parkovaya-tehnika,Садова техніка та інструменти / Секатори садові,Гілкоріз Dnipro-M SuperLight 25D 460 мм,249.0,429.0,42,False,3.38,52,83337001-1,https://dnipro-m.ua/tovar/gilkoriz-superlight-25d/
sadovo-parkovaya-tehnika,Садова техніка та інструменти / Секатори садові,"Секатор садовий Dnipro-M ULTRA 20D, тефлон, SK5, 200 мм",429.0,570.0,25,True,4.27,45,97328006-2,https://dnipro-m.ua/tovar/sekator-sadovyj-ultra-20d/
sadovo-parkovaya-tehnika,Садова техніка та інструменти / Секатори садові,Секатор-ножиці Dnipro-M F8 флористичний,450.0,,,True,5.00,12,48322000,https://dnipro-m.ua/tovar/sekator-nozhiczi-f8/
sadovo-parkovaya-tehnika,Садова техніка та інструменти / Секатори садові,"Секатор садовий Dnipro-M 20D, з храповим механізмом",570.0,,,True,4.67,12,48321000,https://dnipro-m.ua/tovar/sekator-sadovij-20d/
sadovo-parkovaya-tehnika,Садова техніка та інструменти / Секатори садові,"Секатор садовий Dnipro-M ULTRA 20R, тефлон, SK5, 207 мм",597.0,,,True,4.63,59,97328005,https://dnipro-m.ua/tovar/sekator-sadovyj-ultra-20r/
sadovo-parkovaya-tehnika,Садова техніка та інструменти / Секатори садові,Ножиці садові Dnipro-M Garden Pro 640 мм,690.0,819.0,16,True,4.60,10,83338000-1,https://dnipro-m.ua/tovar/nozhici-sadovi-garden-pro/
sadovo-parkovaya-tehnika,Садова техніка та інструменти / Секатори садові,Гілкоріз Dnipro-M Garden Pro 40R 720-1000 мм,810.0,1050.0,23,True,2.61,49,83336001-2,https://dnipro-m.ua/tovar/gilkoriz-garden-pro-40r/
sadovo-parkovaya-tehnika,Садова техніка та інструменти / Секатори садові,"Гілкоріз телескопічний Dnipro-M Garden Pro 40RN, для живоплоту",888.0,990.0,10,True,4.55,22,48319000-3,https://dnipro-m.ua/tovar/gilkoriz-teleskopichnij-garden-pro-40rn/
sadovo-parkovaya-tehnika,Садова техніка та інструменти / Секатори садові,"Гілкоріз телескопічний Dnipro-M Garden Pro 40D, контактний",1050.0,1200.0,12,True,4.72,18,48320000-1,https://dnipro-m.ua/tovar/gilkoriz-teleskopichnij-garden-pro-40d/
sadovo-parkovaya-tehnika,Садова техніка та інструменти / Системи поливу та зрошення / Аксесуари для поливу,"Адаптер для поливу Dnipro-M К2 3/4"" зовн. різьба",36.0,,,True,5.00,3,41630002,https://dnipro-m.ua/tovar/adapter-dlya-polivu-k2/
sadovo-parkovaya-tehnika,Садова техніка та інструменти / Системи поливу та зрошення / Аксесуари для поливу,З'єднувач для шланга Dnipro-M Т2 швидкознімний,60.0,,,False,5.00,1,41626001,https://dnipro-m.ua/tovar/z-ednuvac-dlya-slanga-t2/
sadovo-parkovaya-tehnika,Садова техніка та інструменти / Системи поливу та зрошення / Аксесуари для поливу,"Адаптер для поливу Dnipro-M К4 3/4""(1/2"") внутр.різьба",63.0,,,False,4.60,5,41630001,https://dnipro-m.ua/tovar/adapter-dlya-polivu-k4/
sadovo-parkovaya-tehnika,Садова техніка та інструменти / Системи поливу та зрошення / Аксесуари для поливу,З'єднувач для шланга Dnipro-M Т3 швидкознімний,75.0,,,True,4.55,11,41626002,https://dnipro-m.ua/tovar/z-ednuvac-dlya-slanga-t3/
sadovo-parkovaya-tehnika,Садова техніка та інструменти / Системи поливу та зрошення / Аксесуари для поливу,"Муфта для шланга Dnipro-M P1 1/2""",78.0,,,True,5.00,1,41627002,https://dnipro-m.ua/tovar/mufta-dlya-slanga-p1-1-2/
sadovo-parkovaya-tehnika,Садова техніка та інструменти / Системи поливу та зрошення / Аксесуари для поливу,"Конектор для шланга Dnipro-M А1 1/2""",93.0,,,False,5.00,4,41628003,https://dnipro-m.ua/tovar/konektor-dlya-slanga-a1-1-2/
sadovo-parkovaya-tehnika,Садова техніка та інструменти / Системи поливу та зрошення / Аксесуари для поливу,"Конектор для шланга Dnipro-M A3 3/4""",93.0,,,False,5.00,2,41628001,https://dnipro-m.ua/tovar/konektor-dlya-slanga-a3-3-4/
sadovo-parkovaya-tehnika,Садова техніка та інструменти / Системи поливу та зрошення / Аксесуари для поливу,"Муфта для шланга Dnipro-M P3 3/4""",96.0,,,False,5.00,1,41627001,https://dnipro-m.ua/tovar/mufta-dlya-slanga-p3-3-4/
sadovo-parkovaya-tehnika,Садова техніка та інструменти / Системи поливу та зрошення / Аксесуари для поливу,"Конектор для шланга Dnipro-M А1 1/2"" з аквастопом",99.0,,,False,,0,41628004,https://dnipro-m.ua/tovar/konektor-dlya-slanga-a1-1-2-z-akvastopom/
sadovo-parkovaya-tehnika,Садова техніка та інструменти / Системи поливу та зрошення / Аксесуари для поливу,"Конектор для шланга Dnipro-M A3 3/4"" з аквастопом",99.0,,,False,4.83,6,41628002,https://dnipro-m.ua/tovar/konektor-dlya-slanga-a3-3-4-z-akvastopom/
sadovo-parkovaya-tehnika,Садова техніка та інструменти / Системи поливу та зрошення / Аксесуари для поливу,Набір для поливу Dnipro-M 4 в 1,240.0,297.0,19,True,4.04,24,41632000-1,https://dnipro-m.ua/tovar/nabir-dlya-polivu-4-v-1/
sadovo-parkovaya-tehnika,Садова техніка та інструменти / Системи поливу та зрошення / Аксесуари для поливу,Розподільник для поливу Dnipro-M H3 2 канальний,320.0,,,True,4.55,11,41629001,https://dnipro-m.ua/tovar/rozpodilnik-dlya-polivu-h3/
sadovo-parkovaya-tehnika,Садова техніка та інструменти / Системи поливу та зрошення / Аксесуари для поливу,Розподільник для поливу Dnipro-M H5 4 канальний,396.0,530.0,25,True,3.82,11,41629002-1,https://dnipro-m.ua/tovar/rozpodilnik-dlya-polivu-h5/
sadovo-parkovaya-tehnika,Садова техніка та інструменти / Системи поливу та зрошення / Аксесуари для поливу,Таймер для поливу Dnipro-M S120,579.0,,,True,3.89,9,41631000,https://dnipro-m.ua/tovar/tajmer-dlya-polivu-s120/
sadovo-parkovaya-tehnika,Садова техніка та інструменти / Системи поливу та зрошення / Котушки для шланга,Котушка для садового шланга Dnipro-M HR-45,1248.0,,,False,4.83,12,99634000,https://dnipro-m.ua/tovar/kotushka-dlya-sadovogo-shlanga-hr-45/
sadovo-parkovaya-tehnika,Садова техніка та інструменти / Системи поливу та зрошення / Котушки для шланга,Котушка на колесах для садового шланга Dnipro-M THR-60,1257.0,1590.0,21,True,4.00,11,99635000-1,https://dnipro-m.ua/tovar/kotushka-na-kolesakh-dlya-sadovogo-shlanga-thr-60/
sadovo-parkovaya-tehnika,Садова техніка та інструменти / Системи поливу та зрошення / Пістолети для поливу,Пістолет для поливу Dnipro-M V1,330.0,399.0,17,True,4.60,10,41633001-3,https://dnipro-m.ua/tovar/pistolet-dlya-polivu-v1/
sadovo-parkovaya-tehnika,Садова техніка та інструменти / Системи поливу та зрошення / Пістолети для поливу,Пістолет для поливу Dnipro-M V2 8 режимів,420.0,498.0,16,True,4.02,66,41633002-1,https://dnipro-m.ua/tovar/pistolet-dlya-polivu-v2/
sadovo-parkovaya-tehnika,Садова техніка та інструменти / Системи поливу та зрошення / Розпилювачі для поливу,Зрошувач садовий Dnipro-M E8 мультифункціональний,150.0,279.0,46,False,3.82,17,41622004-1,https://dnipro-m.ua/tovar/zrosuvac-sadovij-e8/
sadovo-parkovaya-tehnika,Садова техніка та інструменти / Системи поливу та зрошення / Розпилювачі для поливу,Зрошувач садовий Dnipro-M R6 круговий,255.0,336.0,24,True,4.08,24,41622002-1,https://dnipro-m.ua/tovar/zrosuvac-sadovij-r6/
sadovo-parkovaya-tehnika,Садова техніка та інструменти / Системи поливу та зрошення / Розпилювачі для поливу,Зрошувач садовий Dnipro-M R12 імпульсний,285.0,,,True,3.97,105,41622001,https://dnipro-m.ua/tovar/zrosuvac-sadovij-r12/
sadovo-parkovaya-tehnika,Садова техніка та інструменти / Системи поливу та зрошення / Розпилювачі для поливу,Зрошувач садовий Dnipro-M S312 прямокутний,699.0,855.0,18,True,4.28,36,41622003-1,https://dnipro-m.ua/tovar/zrosuvac-sadovij-s312/
sadovo-parkovaya-tehnika,Садова техніка та інструменти / Системи поливу та зрошення / Розпилювачі для поливу,Зрошувач імпульсний металевий Dnipro-M R13,750.0,870.0,14,True,4.30,10,99633000-1,https://dnipro-m.ua/tovar/zroshuvach-impulsnij-metalevij-r13/
sadovo-parkovaya-tehnika,Садова техніка та інструменти / Системи поливу та зрошення / Шланги для поливу,"Шланг для поливу Dnipro-M Flex 1/2"" 20 м",840.0,,,True,4.20,20,59327003,https://dnipro-m.ua/tovar/shlang-dla-polivu-flex-1-2-20-m/
sadovo-parkovaya-tehnika,Садова техніка та інструменти / Системи поливу та зрошення / Шланги для поливу,"Шланг для поливу Dnipro-M Flex 1/2"" 30 м",1248.0,1500.0,17,True,4.87,15,59327004-2,https://dnipro-m.ua/tovar/shlang-dla-polivu-flex-1-2-30-m/
sadovo-parkovaya-tehnika,Садова техніка та інструменти / Системи поливу та зрошення / Шланги для поливу,"Шланг для поливу Dnipro-M Flex 3/4"" 25 м",1497.0,1848.0,19,True,4.14,37,59327001-1,https://dnipro-m.ua/tovar/shlang-dla-polivu-flex-3-4-25-m/
sadovo-parkovaya-tehnika,Садова техніка та інструменти / Системи поливу та зрошення / Шланги для поливу,"Шланг для поливу Dnipro-M Flex 3/4"" 50 м",2898.0,3300.0,12,True,4.08,13,59327002-1,https://dnipro-m.ua/tovar/shlang-dla-polivu-flex-3-4-50-m/
sadovo-parkovaya-tehnika,Садова техніка та інструменти / Фільтри для садової техніки,Фільтр повітряний для мотокос Dnipro-M M-43 та Foresta,48.0,,,True,5.00,1,58675000,https://dnipro-m.ua/tovar/filtr-povitranij-dlya-motokos-m43/
sadovo-parkovaya-tehnika,Садова техніка та інструменти / Фільтри для садової техніки,Фільтр повітряний для мотокос Dnipro-M M-52 та Foresta,51.0,,,True,,0,58676000,https://dnipro-m.ua/tovar/filtr-povitranij-dlya-motokos-m52/
sadovo-parkovaya-tehnika,Садова техніка та інструменти / Фільтри для садової техніки,Фільтр повітряний для бензогазонокосарки Dnipro-M 46,63.0,99.0,36,True,5.00,2,58665000-1,https://dnipro-m.ua/tovar/fil-tr-povitranij-dlya-benzogazonokosarki-46/
sadovo-parkovaya-tehnika,Садова техніка та інструменти / Фільтри для садової техніки,Фільтр паливний для бензопил та мотокос Dnipro-M та Foresta,69.0,,,True,5.00,1,58669000,https://dnipro-m.ua/tovar/filtr-palivnij-dlya-benzopil-ta-motokos/
sadovo-parkovaya-tehnika,Садова техніка та інструменти / Фільтри для садової техніки,"Фільтр для генератора  GX-50E, GX-70E",99.0,,,True,,0,98152002,https://dnipro-m.ua/tovar/filtr-dlya-generatora--gx-50e-gx-70e/
sadovo-parkovaya-tehnika,Садова техніка та інструменти / Фільтри для садової техніки,Фільтр повітряний для бензогазонокосарки Dnipro-M 40 та Foresta GM-400,114.0,159.0,28,True,,0,58664000-1,https://dnipro-m.ua/tovar/fil-tr-povitranij-dlya-benzogazonokosarki-40-ta-foresta-gm-400/
sadovo-parkovaya-tehnika,Садова техніка та інструменти / Фільтри для садової техніки,Фільтр повітряний для бензопил Dnipro-M та Foresta,138.0,,,True,5.00,2,58673000,https://dnipro-m.ua/tovar/filtr-povitranij-dlya-benzopil/
sadovo-parkovaya-tehnika,Садова техніка та інструменти / Фільтри для садової техніки,Фільтр повітряний для бензогазонокосарки Dnipro-M 53 та Foresta GM-530E,198.0,,,False,5.00,2,58666000,https://dnipro-m.ua/tovar/fil-tr-povitranij-dlya-benzogazonokosarki-53-ta-foresta-gm-530e/
sadovo-parkovaya-tehnika,Садова техніка та інструменти / Шини для пил,"Пиляльна шина Dnipro-M 30 см 3/8""lp, 0.043"", 44DL",180.0,330.0,45,False,3.67,3,83547000-2,https://dnipro-m.ua/tovar/pilyalna-shina-30-sm-38lp-0043-44dl/
sadovo-parkovaya-tehnika,Садова техніка та інструменти / Шини для пил,"Пильна шина Dnipro-M 16 см 0,3"" 0.043"", 33 DL",195.0,,,True,5.00,1,78702000,https://dnipro-m.ua/tovar/pilna-shina-16sm-33-dl/
sadovo-parkovaya-tehnika,Садова техніка та інструменти / Шини для пил,"Пильна шина Dnipro-M 15 см 1/4""lp, 0.043"", 38 DL",210.0,,,True,,0,78729000,https://dnipro-m.ua/tovar/pilna-shina-15sm-38dl/
sadovo-parkovaya-tehnika,Садова техніка та інструменти / Шини для пил,"Пильна шина Dnipro-M 12 см 0,3"" 0.043"", 28 DL",300.0,,,True,4.50,8,59961000,https://dnipro-m.ua/tovar/pilna-shina-12-sm/
sadovo-parkovaya-tehnika,Садова техніка та інструменти / Шини для пил,"Пильна шина Dnipro-M 30 см 3/8""lp 0.050"", 44DL",300.0,,,False,,0,84738000,https://dnipro-m.ua/tovar/pilna-shina-30-sm-38lp-0050-44dl/
sadovo-parkovaya-tehnika,Садова техніка та інструменти / Шини для пил,"Пильна шина Dnipro-M 35 см 3/8""lp, 0.050"", 52 DL",378.0,,,True,4.50,4,22721000,https://dnipro-m.ua/tovar/pilnaya-shina-35-sm-38lp-0050-52-dl/
sadovo-parkovaya-tehnika,Садова техніка та інструменти / Шини для пил,"Пильна шина Dnipro-M 35 см 3/8""lp, 0.043"", 52 DL",378.0,,,False,4.35,23,22837000,https://dnipro-m.ua/tovar/pilnaya-shina-35-sm-38lp-0043-52-dl/
sadovo-parkovaya-tehnika,Садова техніка та інструменти / Шини для пил,"Пильна шина Dnipro-M 40 см 3/8""lp, 0.050"", 57 DL",450.0,,,True,4.00,11,22722000,https://dnipro-m.ua/tovar/pilnaya-shina-40-sm-38lp-0050-57-dl/
sadovo-parkovaya-tehnika,Садова техніка та інструменти / Шини для пил,"Пильна шина Dnipro-M 40 см 0,325"", 0.058"", 64 DL",450.0,,,False,4.25,24,22723000,https://dnipro-m.ua/tovar/pilnaya-shina-40-sm-0325-0058-64-dl/
sadovo-parkovaya-tehnika,Садова техніка та інструменти / Шини для пил,"Пильна шина Dnipro-M 45 см 0,325"", 0.058"", 72 DL",489.0,,,True,4.25,4,22724000,https://dnipro-m.ua/tovar/pilnaya-shina-45-sm-0325-0058-72-dl/
sadovo-parkovaya-tehnika,Садова техніка та інструменти / Шини для пил,"Пильна шина Dnipro-M 50 см 0,325"", 0.058"", 76 DL",498.0,,,True,,0,22725000,https://dnipro-m.ua/tovar/pilnaya-shina-50-sm-0325-0058-76-dl/
sredstva-individualnoj-zashhity,Засоби індивідуального захисту / Будівельні наколінники,Наколінники захисні Dnipro-M Protect 170 * 250 мм,420.0,,,True,4.19,43,19744000,https://dnipro-m.ua/tovar/nakolenniki-zashhitnye-protect-170-250-mm/
sredstva-individualnoj-zashhity,Засоби індивідуального захисту / Захисні окуляри,Лінза для окулярів Dnipro-M GP затемнена,39.0,60.0,35,False,4.20,5,59600003-1,https://dnipro-m.ua/tovar/linza-dlya-okulariv-gp-zatemnena/
sredstva-individualnoj-zashhity,Засоби індивідуального захисту / Захисні окуляри,Лінза для окулярів Dnipro-M GP прозора,60.0,,,True,,0,59600001,https://dnipro-m.ua/tovar/linza-dlya-okulariv-gp-prozora/
sredstva-individualnoj-zashhity,Засоби індивідуального захисту / Захисні окуляри,Лінза для окулярів Dnipro-M GP жовта,60.0,,,True,5.00,1,59600002,https://dnipro-m.ua/tovar/linza-dlya-okulariv-gp-zhovta/
sredstva-individualnoj-zashhity,Засоби індивідуального захисту / Захисні окуляри,Окуляри захисні Dnipro-M Master прозорі,72.0,117.0,38,False,3.38,37,81858000-1,https://dnipro-m.ua/tovar/ochki-zashchitnye-master-prozrachnye/
sredstva-individualnoj-zashhity,Засоби індивідуального захисту / Захисні окуляри,Окуляри захисні Dnipro-M Profi прозорі,84.0,137.0,39,False,3.66,58,19687000-2,https://dnipro-m.ua/tovar/ochki-zashchitnye-profi-prozrachnye/
sredstva-individualnoj-zashhity,Засоби індивідуального захисту / Захисні окуляри,Окуляри захисні Dnipro-M Profi жовті,84.0,137.0,39,False,3.52,54,19682000-1,https://dnipro-m.ua/tovar/ochki-zashchitnye-profi-zhyoltye/
sredstva-individualnoj-zashhity,Засоби індивідуального захисту / Захисні окуляри,Окуляри захисні Dnipro-M GS прозорі,90.0,,,False,4.25,4,59596000,https://dnipro-m.ua/tovar/okulari-zahisni-gs-prozori/
sredstva-individualnoj-zashhity,Засоби індивідуального захисту / Захисні окуляри,Окуляри захисні Dnipro-M GS жовті,90.0,,,False,4.33,3,59597000,https://dnipro-m.ua/tovar/okulari-zahisni-gs-zovti/
sredstva-individualnoj-zashhity,Засоби індивідуального захисту / Захисні окуляри,Окуляри захисні Dnipro-M GL затемнені,105.0,,,True,3.94,52,59598000,https://dnipro-m.ua/tovar/okulari-zahisni-gl-zatemneni/
sredstva-individualnoj-zashhity,Засоби індивідуального захисту / Захисні окуляри,Окуляри захисні Dnipro-M GP,198.0,,,False,3.96,106,59599000,https://dnipro-m.ua/tovar/okulari-zahisni-gp/
sredstva-individualnoj-zashhity,Засоби індивідуального захисту / Захисні рукавиці,"Рукавички захисні Dnipro-M Double dots ПВХ-точка, 2 сторони 11р., помаранчеві",21.0,30.0,30,False,4.00,5,20726000-1,https://dnipro-m.ua/tovar/perchatki-zashhitnye-double-dots-11r-oranzhevye/
sredstva-individualnoj-zashhity,Засоби індивідуального захисту / Захисні рукавиці,"Рукавички Dnipro-M ECO Lite  10p., Помаранчеві",27.0,,,True,5.00,2,84471000,https://dnipro-m.ua/tovar/rukavichki-eco-lite-pomaranchevi-10p/
sredstva-individualnoj-zashhity,Засоби індивідуального захисту / Захисні рукавиці,"Рукавички Dnipro-M ECO Lite, 10p., чорні",27.0,,,True,5.00,2,84472000,https://dnipro-m.ua/tovar/rukavichki-eco-lite-chorni-10p/
sredstva-individualnoj-zashhity,Засоби індивідуального захисту / Захисні рукавиці,"Рукавички Dnipro-M EXTRA Plus  10p., Помаранчеві",33.0,,,True,5.00,1,84473000,https://dnipro-m.ua/tovar/rukavichki-extra-plus-pomaranchevi-10p/
sredstva-individualnoj-zashhity,Засоби індивідуального захисту / Захисні рукавиці,"Рукавички Dnipro-M EXTRA Plus  10p., чорні",33.0,,,True,5.00,1,84474000,https://dnipro-m.ua/tovar/rukavichki-extra-plus-chorni-10p/
sredstva-individualnoj-zashhity,Засоби індивідуального захисту / Захисні рукавиці,Рукавички господарські Dnipro-M Profit для точних робіт 10p,42.0,,,True,4.67,12,16218000,https://dnipro-m.ua/tovar/perchatki-khozyajstvennye-profit-10p/
sredstva-individualnoj-zashhity,Засоби індивідуального захисту / Захисні рукавиці,Рукавички господарські Dnipro-M Glass Master від механічних пошкоджень,60.0,87.0,31,False,4.80,15,81864000-1,https://dnipro-m.ua/tovar/percharki-ot-porezov-dnipro-m-glass-master/
sredstva-individualnoj-zashhity,Засоби індивідуального захисту / Захисні рукавиці,Рукавички захисні Dnipro-M Oil Resist маслобензостійкі 10p,66.0,96.0,31,False,4.50,4,08064000-1,https://dnipro-m.ua/tovar/perchatki-zashhitnye-oil-resist-10r/
sredstva-individualnoj-zashhity,Засоби індивідуального захисту / Захисні рукавиці,"Рукавички Dnipro-M Garden Pro, для садових робіт 8р зелені",66.0,,,True,5.00,9,48327000,https://dnipro-m.ua/tovar/rukavichki-garden-pro-dlya-sadovikh-robit-8r-zeleni/
sredstva-individualnoj-zashhity,Засоби індивідуального захисту / Захисні рукавиці,Рукавички захисні Dnipro-M Master від механічних пошкоджень 9р,87.0,,,True,4.45,11,98703000,https://dnipro-m.ua/tovar/perchatki-zashhitnye-master-9r/
sredstva-individualnoj-zashhity,Засоби індивідуального захисту / Захисні рукавиці,Рукавички захисні Dnipro-M Ultra Grip 10p,120.0,,,False,4.55,31,81866000,https://dnipro-m.ua/tovar/rabochie-perchatki-ultra-grip/
sredstva-individualnoj-zashhity,Засоби індивідуального захисту / Захисні рукавиці,"Рукавички захисні Dnipro-M Bars натуральна шкіра, посилені 10p",195.0,,,False,4.74,23,16727000,https://dnipro-m.ua/tovar/perchatki-zashhitnye-bars-10p/
sredstva-individualnoj-zashhity,Засоби індивідуального захисту / Захисні рукавиці,Рукавички господарські Dnipro-M Anticut стійкість до порізів 10p,198.0,,,True,4.29,21,81862000,https://dnipro-m.ua/tovar/percharki-dnipro-m-anticut/
sredstva-individualnoj-zashhity,Засоби індивідуального захисту / Захисні рукавиці,Рукавички захисні Dnipro-M Comfort XXL.,240.0,399.0,40,False,3.00,2,15464008-1,https://dnipro-m.ua/tovar/rukavichki-zakhisni-comfort-xxl/
sredstva-individualnoj-zashhity,Засоби індивідуального захисту / Захисні рукавиці,Рукавички захисні Dnipro-M ThermoPlus утеплені 10р,270.0,,,True,4.13,24,84846000,https://dnipro-m.ua/tovar/rukavichki-zahisni-thermoplus-utepleni-10r/
sredstva-individualnoj-zashhity,Засоби індивідуального захисту / Захисні рукавиці,Рукавички захисні Dnipro-M ThermoPlus утеплені 9р,270.0,,,True,4.47,17,84845000,https://dnipro-m.ua/tovar/rukavichki-zahisni-thermoplus-utepleni-9r/
sredstva-individualnoj-zashhity,Засоби індивідуального захисту / Захисні рукавиці,Рукавички DNIPRO-M Comfort XXL чорні,399.0,,,False,4.75,4,83701004,https://dnipro-m.ua/tovar/rukavichki-comfort-xxl-chorni/
sredstva-individualnoj-zashhity,Засоби індивідуального захисту / Захисні рукавиці,Рукавички Dnipro-M ULTRA L.,525.0,,,False,4.13,8,13114001,https://dnipro-m.ua/tovar/rukavichki-zakhisni-ultra-l/
sredstva-individualnoj-zashhity,Засоби індивідуального захисту / Захисні рукавиці,Рукавички Dnipro-M KRAFT L.,525.0,,,False,4.43,7,13113001,https://dnipro-m.ua/tovar/rukavichki-zakhisni-kraft-l/
sredstva-individualnoj-zashhity,Засоби індивідуального захисту / Захисні рукавиці,Рукавички Dnipro-M ULTRA XL.,525.0,,,False,4.50,6,13114002,https://dnipro-m.ua/tovar/rukavichki-zakhisni-ultra-xl/
sredstva-individualnoj-zashhity,Засоби індивідуального захисту / Захисні щитки,Щиток захисний DNIPRO-M SM-1 з металевою сіткою,330.0,450.0,27,True,4.86,7,54146000-1,https://dnipro-m.ua/tovar/shitok-zahisnij-sm-1/
sredstva-individualnoj-zashhity,Засоби індивідуального захисту / Захисні щитки,Щиток захисний DNIPRO-M SM-2 прозорий з полікарбонату,360.0,540.0,33,True,4.20,5,78712000-1,https://dnipro-m.ua/tovar/shitok-zahisnij-sm-2-z-polikarbonatu/
sredstva-individualnoj-zashhity,Засоби індивідуального захисту / Захисні щитки,"Щиток захисний Dnipro-M SM-2C, прозорий, полікарбонат",360.0,540.0,33,False,4.49,65,22582000-1,https://dnipro-m.ua/tovar/shhitok-zashhitnyj-sm-2c/
sredstva-individualnoj-zashhity,Засоби індивідуального захисту / Протишумові навушники,Навушники захисні Dnipro-M Master складні,405.0,,,False,4.86,50,82306000,https://dnipro-m.ua/tovar/naushniki-zashhitnye-master-skladnye/
sredstva-individualnoj-zashhity,Засоби індивідуального захисту / Протишумові навушники,Навушники захисні Dnipro-M Profi складні,480.0,,,False,4.82,73,82307000,https://dnipro-m.ua/tovar/naushniki-zashchitnyye-profi-skladnyye/
sredstva-individualnoj-zashhity,Засоби індивідуального захисту / Респіратори,Протиаерозольний фільтр Dnipro-M Р2,210.0,,,False,5.00,11,62016000,https://dnipro-m.ua/tovar/protivoaerozolnyj-filtr-r2/
sredstva-individualnoj-zashhity,Засоби індивідуального захисту / Респіратори,Комплект фільтрів до півмаски DNIPRO-M RS-2,420.0,,,False,5.00,24,82019000,https://dnipro-m.ua/tovar/nabor-kartridzhej-dlya-respiratora-rs-2/
sredstva-individualnoj-zashhity,Засоби індивідуального захисту / Респіратори,Комплект півмаска з фільтрами Dnipro-M RS-2,960.0,,,False,4.63,183,82016000,https://dnipro-m.ua/tovar/respirator-polumaska-rs-2/
svarochnoe-oborudovanie,Зварювальне обладнання та аксесуари / Аксесуари для зварювального обладнання,Завихрювач плазмотрона Dnipro-M DPT-31,9.0,12.0,25,False,,0,16781000-1,https://dnipro-m.ua/tovar/zavihritel-plazmotrona-dpt-31/
svarochnoe-oborudovanie,Зварювальне обладнання та аксесуари / Аксесуари для зварювального обладнання,Наконечник мідний Dnipro-M СТ-1.0 (1 шт),15.0,24.0,38,False,1.00,1,84148000-1,https://dnipro-m.ua/tovar/nakonechnik-midnij-st-10-3sht/
svarochnoe-oborudovanie,Зварювальне обладнання та аксесуари / Аксесуари для зварювального обладнання,Захисний ковпачок плазмотрона Dnipro-M CPT-31,39.0,54.0,28,False,5.00,3,20955000-1,https://dnipro-m.ua/tovar/zashhitnyj-kolpachok-plazmotrona-cpt-31/
svarochnoe-oborudovanie,Зварювальне обладнання та аксесуари / Аксесуари для зварювального обладнання,Сопло плазмотрону Dnipro-M  NPT-31,45.0,,,False,,0,99951000,https://dnipro-m.ua/tovar/soplo-plazmotrona-npt-31-10sht/
svarochnoe-oborudovanie,Зварювальне обладнання та аксесуари / Аксесуари для зварювального обладнання,Електрод плазмотрона Dnipro-M EPT-31L,45.0,69.0,35,False,,0,16778000-1,https://dnipro-m.ua/tovar/elektrod-plazmotrona-ept-31l/
svarochnoe-oborudovanie,Зварювальне обладнання та аксесуари / Аксесуари для зварювального обладнання,Захисний ковпачок плазмотронуDnipro-M CPT-31 (2шт/уп),60.0,,,True,,0,99948000,https://dnipro-m.ua/tovar/zashhitnyj-kolpachok-plazmotrona-cpt-31-2sht/
svarochnoe-oborudovanie,Зварювальне обладнання та аксесуари / Аксесуари для зварювального обладнання,Наконечник мідний Dnipro-M СТ-0.8N (3шт/уп),66.0,,,True,,0,54573000,https://dnipro-m.ua/tovar/nakonechnik-midnij-ct-08n-3sht/
svarochnoe-oborudovanie,Зварювальне обладнання та аксесуари / Аксесуари для зварювального обладнання,Наконечник мідний Dnipro-M СТ-1.0N (3шт/уп),66.0,,,True,,0,54572000,https://dnipro-m.ua/tovar/nakonechnik-midnij-ct-10n-3sht/
svarochnoe-oborudovanie,Зварювальне обладнання та аксесуари / Аксесуари для зварювального обладнання,Електрод плазмотрону Dnipro-M  EPT-31 (1шт/уп),69.0,,,True,,0,99950000,https://dnipro-m.ua/tovar/elektrod-plazmotrona-ept-31-10sht/
svarochnoe-oborudovanie,Зварювальне обладнання та аксесуари / Аксесуари для зварювального обладнання,Сопло гладке хромоване Dnipro-M SC-15 (1шт/уп),84.0,,,False,,0,84147000,https://dnipro-m.ua/tovar/soplo-gladke-khromovane-sc-15-1sht/
svarochnoe-oborudovanie,Зварювальне обладнання та аксесуари / Аксесуари для зварювального обладнання,Завихрювач плазмотрону Dnipro-M DPT-31 (4шт/уп),105.0,,,True,,0,99949000,https://dnipro-m.ua/tovar/zavihritel-plazmotrona-dpt-31-4sht/
svarochnoe-oborudovanie,Зварювальне обладнання та аксесуари / Аксесуари для зварювального обладнання,Сопло гладке хромоване Dnipro-M SC-24 (1шт/уп),120.0,,,False,,0,84146000,https://dnipro-m.ua/tovar/soplo-gladke-khromovane-sc-24-1sht/
svarochnoe-oborudovanie,Зварювальне обладнання та аксесуари / Аксесуари для зварювального обладнання,Подавальний ролик зварювального напівавтомата Dnipro-M FR0801V,150.0,240.0,38,False,5.00,2,49809002-1,https://dnipro-m.ua/tovar/podayushhij-rolik-svarochnogo-poluavtomata-fr0801v/
svarochnoe-oborudovanie,Зварювальне обладнання та аксесуари / Аксесуари для зварювального обладнання,Подавальний ролик зварювального напівавтомата Dnipro-M FR0608V,150.0,240.0,38,False,5.00,1,49809001-1,https://dnipro-m.ua/tovar/podayushhij-rolik-svarochnogo-poluavtomata-fr0608v/
svarochnoe-oborudovanie,Зварювальне обладнання та аксесуари / Зварювальний дріт,Зварювальний дріт Dnipro-M 0.8 мм 1 кг,219.0,,,True,4.08,26,81204001,https://dnipro-m.ua/tovar/provoloka-svarochnaya-08mm-1kg/
svarochnoe-oborudovanie,Зварювальне обладнання та аксесуари / Зварювальний дріт,"Дріт зварювальний флюсовий DNIPRO-M E71T-GS 0,8мм 1кг (ISO)",300.0,,,True,4.80,20,48759000,https://dnipro-m.ua/tovar/drit-zvaryuvalnij-flyusovij-e71t-gs-0-8mm-1kg-iso/
svarochnoe-oborudovanie,Зварювальне обладнання та аксесуари / Зварювальний дріт,Зварювальний дріт Dnipro-M E71T-GS 0.8 мм 1 кг,345.0,429.0,20,False,3.20,69,17702001-1,https://dnipro-m.ua/tovar/zvaruvalnij-drit-e71t-gs-0-8-mm-1-kg/
svarochnoe-oborudovanie,Зварювальне обладнання та аксесуари / Зварювальний дріт,"Зварювальний дріт Dnipro-M 0.8 мм 2,5 кг",438.0,,,True,4.00,11,81204002,https://dnipro-m.ua/tovar/provoloka-svarochnaya-08mm-2-5kg/
svarochnoe-oborudovanie,Зварювальне обладнання та аксесуари / Зварювальний дріт,Зварювальний дріт Dnipro-M 1.0 мм 5 кг,750.0,,,True,5.00,6,81204004,https://dnipro-m.ua/tovar/svarochnaya-provoloka-1mm-5-kg/
svarochnoe-oborudovanie,Зварювальне обладнання та аксесуари / Зварювальний дріт,Зварювальний дріт Dnipro-M 0.8 мм 5 кг,756.0,,,True,4.69,32,81204003,https://dnipro-m.ua/tovar/provoloka-svarochnaya-08mm-5kg/
svarochnoe-oborudovanie,Зварювальне обладнання та аксесуари / Зварювальні апарати (інвертори),Зварювальний апарат Dnipro-M i120 Mini,2199.0,2640.0,17,False,4.70,43,48304000-1,https://dnipro-m.ua/tovar/zvaryuvalnij-aparat-i120-mini/
svarochnoe-oborudovanie,Зварювальне обладнання та аксесуари / Зварювальні апарати (інвертори),Зварювальний апарат Dnipro-M i150,3849.0,4380.0,12,True,4.69,13,48305000-2,https://dnipro-m.ua/tovar/zvaryuvalnij-aparat-i150/
svarochnoe-oborudovanie,Зварювальне обладнання та аксесуари / Зварювальні апарати (інвертори),Зварювальний апарат IGBT Dnipro-M SAB-14D MINI + Кейс для зварювального обладнання MB-25W,4899.0,5880.0,17,True,4.77,375,80625040-28,https://dnipro-m.ua/tovar/sale-zvaryuvalnij-aparat-igbt-sab-14d-mini-kejs-mb-25w/
svarochnoe-oborudovanie,Зварювальне обладнання та аксесуари / Зварювальні апарати (інвертори),Зварювальний апарат IGBT Dnipro-M SAB-15DX,5199.0,6480.0,20,True,4.75,79,58614000-1,https://dnipro-m.ua/tovar/zvaruvalnij-aparat-igbt-sab-15dx/
svarochnoe-oborudovanie,Зварювальне обладнання та аксесуари / Зварювальні апарати (інвертори),Зварювальний апарат IGBT Dnipro-M M-16PW (2021),5400.0,6969.0,23,False,4.87,53,80625037-2,https://dnipro-m.ua/tovar/svarochnyj-apparat-igbt-m-16pw-2021/
svarochnoe-oborudovanie,Зварювальне обладнання та аксесуари / Зварювальні апарати (інвертори),Зварювальний апарат IGBT Dnipro-M SAB-17DX,6399.0,7500.0,15,True,4.41,56,80625043-1,https://dnipro-m.ua/tovar/zvaruvalnij-aparat-igbt-sab-17dx/
svarochnoe-oborudovanie,Зварювальне обладнання та аксесуари / Зварювальні апарати (інвертори),Зварювальний інвертор IGBT Dnipro-M M-20D,9498.0,11850.0,20,True,4.88,16,80625044-3,https://dnipro-m.ua/tovar/zvaryuvalnij-aparat-igbt-m-20d/
svarochnoe-oborudovanie,Зварювальне обладнання та аксесуари / Зварювальні електроди,"Нержавіючий присадочний пруток Dnipro-M ER308LSi 2,0/1000 мм, 1 шт",18.0,,,True,,0,83694000,https://dnipro-m.ua/tovar/nerzhaviyuchij-prisadochnij-prutok-er308lsi-1-sht/
svarochnoe-oborudovanie,Зварювальне обладнання та аксесуари / Зварювальні електроди,"Вольфрамові електроди Dnipro-M WL20 1,6/175 мм, 1 шт",135.0,,,False,,0,83695000,https://dnipro-m.ua/tovar/volframovi-elektrodi-wl20-16175-mm/
svarochnoe-oborudovanie,Зварювальне обладнання та аксесуари / Зварювальні електроди,"Електроди Dnipro-M INDUSTRIAL 7018 4 мм 2,5 кг",168.0,258.0,35,False,5.00,1,20886002-1,https://dnipro-m.ua/tovar/elektrody-industrial-7018-4-mm-25-kg/
svarochnoe-oborudovanie,Зварювальне обладнання та аксесуари / Зварювальні електроди,"Вольфрамові електроди Dnipro-M WL20 2,0/175 мм, 1шт",204.0,,,False,,0,83696000,https://dnipro-m.ua/tovar/volframovi-elektrodi-wl20-20175-mm/
svarochnoe-oborudovanie,Зварювальне обладнання та аксесуари / Зварювальні електроди,Електроди Dnipro-M ULTRA 6013 3 мм 1 кг,210.0,,,True,4.32,37,21216002,https://dnipro-m.ua/tovar/elektrody-ultra-6013-3-mm-1-kg/
svarochnoe-oborudovanie,Зварювальне обладнання та аксесуари / Зварювальні електроди,Електроди Dnipro-M ULTRA 6013 2 мм 1 кг,240.0,,,True,4.68,31,21216001,https://dnipro-m.ua/tovar/elektrody-ultra-6013-2-mm-1-kg/
svarochnoe-oborudovanie,Зварювальне обладнання та аксесуари / Зварювальні електроди,"Електроди Dnipro-M ULTRA 6013 4 мм 2,5 кг",303.0,,,False,5.00,1,21216006,https://dnipro-m.ua/tovar/elektrody-ultra-6013-4-mm-25-kg/
svarochnoe-oborudovanie,Зварювальне обладнання та аксесуари / Зварювальні електроди,"Зварювальні електроди Dnipro-M ULTRA 7014 3 мм 2,5 кг",384.0,420.0,9,True,5.00,3,78960001-2,https://dnipro-m.ua/tovar/zvaryuvalni-elektrodi-7014-3mm-2-5-kg/
svarochnoe-oborudovanie,Зварювальне обладнання та аксесуари / Зварювальні електроди,"Електроди Dnipro-M ULTRA 6013 3 мм 2,5 кг",384.0,420.0,9,True,4.30,53,21216003-1,https://dnipro-m.ua/tovar/elektrody-ultra-6013-3-mm-25-kg/
svarochnoe-oborudovanie,Зварювальне обладнання та аксесуари / Зварювальні електроди,Електроди Dnipro-M ULTRA 6013 4 мм 5 кг,750.0,,,True,5.00,1,21216005,https://dnipro-m.ua/tovar/elektrody-ultra-6013-4-mm-5-kg/
svarochnoe-oborudovanie,Зварювальне обладнання та аксесуари / Зварювальні електроди,Електроди Dnipro-M ULTRA 6013 3 мм 5 кг,765.0,,,True,4.53,19,21216004,https://dnipro-m.ua/tovar/elektrody-ultra-6013-3-mm-5-kg/
svarochnoe-oborudovanie,Зварювальне обладнання та аксесуари / Зварювальні краги,Рукавички зварювальника Dnipro-M помаранчеві XXL,255.0,,,False,4.15,13,13110002,https://dnipro-m.ua/tovar/rukavichki-zvaruvalnika-pomaranchevi/
svarochnoe-oborudovanie,Зварювальне обладнання та аксесуари / Зварювальні краги,Рукавички зварювальника Dnipro-M Чорні,255.0,,,False,4.38,16,13110001,https://dnipro-m.ua/tovar/rukavichki-zvaruvalnika-chorni/
svarochnoe-oborudovanie,Зварювальне обладнання та аксесуари / Зварювальні краги,"Рукавички зварювальника Dnipro-M чорно-помаранчеві, посилені з підкладкою",348.0,,,False,4.30,10,13111001,https://dnipro-m.ua/tovar/rukavichki-zvaruvalnika-chorno-pomarancevi-posileni-z-pidkladkou/
svarochnoe-oborudovanie,Зварювальне обладнання та аксесуари / Зварювальні краги,Рукавички зварювальника Dnipro-M для точних робіт,465.0,,,False,4.23,13,13112001,https://dnipro-m.ua/tovar/perchatki-svarshhika-dlya-tochnykh-rabot/
svarochnoe-oborudovanie,Зварювальне обладнання та аксесуари / Зварювальні краги,"Рукавички зварювальника Dnipro-M для точних робіт, посилені з підкладкою",597.0,,,False,4.67,12,13112002,https://dnipro-m.ua/tovar/perchatki-svarshhika-dlya-tochnykh-rabot-usilennye/
svarochnoe-oborudovanie,Зварювальне обладнання та аксесуари / Зварювальні магніти,Магнітний кутник для зварювання Dnipro-M MW-119,78.0,120.0,35,False,4.67,12,49305001-1,https://dnipro-m.ua/tovar/magnitnyj-ugolnik-dlya-svarki-mw-119/
svarochnoe-oborudovanie,Зварювальне обладнання та аксесуари / Зварювальні магніти,Магнітний кутник для зварювання Dnipro-M MW-117,111.0,,,False,4.10,30,81399001,https://dnipro-m.ua/tovar/magnitnyj-ugolnik-dnipro-m-mk-711/
svarochnoe-oborudovanie,Зварювальне обладнання та аксесуари / Зварювальні магніти,Магнітний кутник для зварювання Dnipro-M MW-99,129.0,159.0,19,False,4.20,10,49305004-1,https://dnipro-m.ua/tovar/magnitnyj-ugolnik-dlya-svarki-mw-99/
svarochnoe-oborudovanie,Зварювальне обладнання та аксесуари / Зварювальні магніти,Магнітний кутник для зварювання Dnipro-M MW-229,165.0,,,True,4.20,46,81399002,https://dnipro-m.ua/tovar/magnitnyj-ugolnik-dnipro-m-mk-922-2/
svarochnoe-oborudovanie,Зварювальне обладнання та аксесуари / Зварювальні магніти,Магнітний кутник для зварювання Dnipro-M MW-3414,180.0,264.0,32,False,4.64,11,49305003-2,https://dnipro-m.ua/tovar/magnitnyj-ugolnik-dlya-svarki-mw-3414/
svarochnoe-oborudovanie,Зварювальне обладнання та аксесуари / Зварювальні магніти,Магнітна підставка для пальника Dnipro-M TW-720,183.0,300.0,39,False,5.00,5,81403000-1,https://dnipro-m.ua/tovar/magnitnaya-podstavka-dnipro-m-mp-5020/
svarochnoe-oborudovanie,Зварювальне обладнання та аксесуари / Зварювальні магніти,Магнітний кутник для зварювання Dnipro-M MW-2211,192.0,,,True,4.50,12,49305002,https://dnipro-m.ua/tovar/magnitnyj-ugolnik-dlya-svarki-mw-2211/
svarochnoe-oborudovanie,Зварювальне обладнання та аксесуари / Зварювальні магніти,Набір магнітних кутників для зварювання Dnipro-M MW-44,228.0,255.0,11,False,4.14,49,81400000-11,https://dnipro-m.ua/tovar/nabor-magnitnyh-ugolnikov-dnipro-m-mk-504-4-sht/
svarochnoe-oborudovanie,Зварювальне обладнання та аксесуари / Зварювальні магніти,Контакт магнітний для зварювання Dnipro-M MC-2286,345.0,,,True,4.02,56,49306000,https://dnipro-m.ua/tovar/kontakt-magnitnyj-dlya-svarki-mk-2286/
svarochnoe-oborudovanie,Зварювальне обладнання та аксесуари / Зварювальні пальники,Зварювальний пальник до напівавтомата Dnipro-M SA i120,885.0,,,True,,0,48560000,https://dnipro-m.ua/tovar/zvaryuvalnij-palnik-do-napivavtomata-m-sa-i120/
svarochnoe-oborudovanie,Зварювальне обладнання та аксесуари / Зварювальні пальники,Зварювальний пальник до напівавтомата Dnipro-M SA i140,1200.0,,,True,,0,48559000,https://dnipro-m.ua/tovar/zvaryuvalnij-palnik-do-napivavtomata-sa-i140/
svarochnoe-oborudovanie,Зварювальне обладнання та аксесуари / Зварювальні пальники,Зварювальний пальник TIG Dnipro-M SR-17V,2250.0,3198.0,30,False,,0,83213000-1,https://dnipro-m.ua/tovar/zvaryuvalnij-palnik-tig-sr-17v/
svarochnoe-oborudovanie,Зварювальне обладнання та аксесуари / Зварювальні пальники,"Зварювальний пальник MIG/MAG Dnipro-M MT-15, 3 м",2880.0,,,True,5.00,3,84012000,https://dnipro-m.ua/tovar/zvaryuvalnij-palnik-migmag-mt-15-3-m/
svarochnoe-oborudovanie,Зварювальне обладнання та аксесуари / Зварювальні пальники,"Зварювальний пальник MIG/MAG Dnipro-M MT-24, 5 м",4350.0,,,True,4.00,9,84013000,https://dnipro-m.ua/tovar/zvaryuvalnij-palnik-migmag-mt-24-5-m/
svarochnoe-oborudovanie,Зварювальне обладнання та аксесуари / Кейси для зварювального обладнання,Кейс для зварювальних апаратів Dnipro-M PB-26W,339.0,585.0,42,False,4.96,134,82942002-1,https://dnipro-m.ua/tovar/kejs-dlya-svarochnykh-apparatov-pb-26w/
svarochnoe-oborudovanie,Зварювальне обладнання та аксесуари / Кейси для зварювального обладнання,Кейс для зварювального обладнання Dnipro-M MB-25W,1050.0,,,True,4.58,110,82942001,https://dnipro-m.ua/tovar/kejs-dlya-svarochnogo-oborudovaniya-mb-25w/
svarochnoe-oborudovanie,Зварювальне обладнання та аксесуари / Маски зварника,Маска зварника автозатемнення Dnipro-M WM-39N,519.0,639.0,19,True,4.19,79,80963007-1,https://dnipro-m.ua/tovar/maska-zvarnika-wm-39n/
svarochnoe-oborudovanie,Зварювальне обладнання та аксесуари / Маски зварника,Маска зварника автозатемнення Dnipro-M WM-46,1098.0,,,True,4.40,135,80963003,https://dnipro-m.ua/tovar/svarochnaya-maska-hameleon-wm-46/
svarochnoe-oborudovanie,Зварювальне обладнання та аксесуари / Маски зварника,Маска зварника Dnipro-M WM-48N,1698.0,,,False,4.53,47,80963008,https://dnipro-m.ua/tovar/maska-zvarnika-wm-48n/
svarochnoe-oborudovanie,Зварювальне обладнання та аксесуари / Маски зварника,Маска зварника Dnipro-M WM-100P,4398.0,,,False,4.03,37,80963009,https://dnipro-m.ua/tovar/maska-zvarnika-wm-100p/
svarochnoe-oborudovanie,Зварювальне обладнання та аксесуари / Напівавтомати зварювальні,Напівавтомат інверторний Dnipro-M SA i120 FLUX+MMA,4530.0,4860.0,7,True,4.54,41,48312002-3,https://dnipro-m.ua/tovar/napivavtomat-invertornij-sa-i120-flux/
svarochnoe-oborudovanie,Зварювальне обладнання та аксесуари / Напівавтомати зварювальні,Напівавтомат інверторний MIG/MMA Dnipro-M MG-14DX,5499.0,7497.0,27,False,4.33,102,80626014-2,https://dnipro-m.ua/tovar/napivavtomat-invertornij-mg-14dx/
svarochnoe-oborudovanie,Зварювальне обладнання та аксесуари / Напівавтомати зварювальні,Напівавтомат інверторний Dnipro-M SA i140 MIG+MMA,7299.0,7890.0,7,False,4.58,26,48312001-2,https://dnipro-m.ua/tovar/napivavtomat-invertornij-sa-i140-mig-mma/
svarochnoe-oborudovanie,Зварювальне обладнання та аксесуари / Напівавтомати зварювальні,Напівавтомат інверторний MIG/MMA Dnipro-M MG-16DX,9999.0,14490.0,31,True,4.47,66,80626011-2,https://dnipro-m.ua/tovar/napivavtomat-invertornij-mg-16dx/
svarochnoe-oborudovanie,Зварювальне обладнання та аксесуари / Напівавтомати зварювальні,Напівавтомат інверторний MIG/MMA Dnipro-M MG-18DX,14799.0,16950.0,13,False,4.31,51,80626013-1,https://dnipro-m.ua/tovar/napivavtomat-invertornij-mg-18dx/
svarochnoe-oborudovanie,Зварювальне обладнання та аксесуари / Напівавтомати зварювальні,Аргонодуговий апарат TIG\MMA Dnipro-M TG-20D AC\DC,23298.0,26799.0,13,False,4.56,9,84422000-1,https://dnipro-m.ua/tovar/argonodugovij-aparat-tg-20d/
svarochnoe-oborudovanie,Зварювальне обладнання та аксесуари / Напівавтомати зварювальні,Напівавтомат інверторний MIG/MMA Dnipro-M MG-20P,24999.0,28530.0,12,False,4.44,16,80626015-3,https://dnipro-m.ua/tovar/napivavtomat-invertornij-mg-20p/
svarochnoe-oborudovanie,Зварювальне обладнання та аксесуари / Плазморізи,Плазморіз Dnipro-M CUT-40,10998.0,15990.0,31,False,4.65,55,82941000-1,https://dnipro-m.ua/tovar/plazmorez-cut-40/
svarochnoe-oborudovanie,Зварювальне обладнання та аксесуари / Плазморізи,Плазморіз Dnipro-M CUT-40D,12498.0,16485.0,24,False,5.00,8,83262000-3,https://dnipro-m.ua/tovar/plazmoriz-cut-40d/
svarochnoe-oborudovanie,Зварювальне обладнання та аксесуари / Тримачі і кабелі,Затискач маси для зварювання Dnipro-M EC-25BN,225.0,,,True,5.00,2,19571006,https://dnipro-m.ua/tovar/zatiskach-masi-dlya-zvaruvanna-ec-25bn/
svarochnoe-oborudovanie,Зварювальне обладнання та аксесуари / Тримачі і кабелі,Затискач маси для зварювання Dnipro-M EC-35B,237.0,315.0,25,False,3.63,8,19571004-1,https://dnipro-m.ua/tovar/zazhim-massy-dlya-svarki-ec-35b/
svarochnoe-oborudovanie,Зварювальне обладнання та аксесуари / Тримачі і кабелі,Тримач електродів для зварювання Dnipro-M EH-20BN,297.0,,,True,4.13,8,19570010,https://dnipro-m.ua/tovar/trimach-elektrodiv-dlya-zvaruvanna-eh-20bn/
svarochnoe-oborudovanie,Зварювальне обладнання та аксесуари / Тримачі і кабелі,Затискач маси для зварювання Dnipro-M EC-38B,297.0,435.0,32,False,4.80,5,19571003-1,https://dnipro-m.ua/tovar/zazhim-massy-dlya-svarki-ec-38b/
svarochnoe-oborudovanie,Зварювальне обладнання та аксесуари / Тримачі і кабелі,Затискач маси для зварювання Dnipro-M EC-38BN,315.0,,,True,4.25,4,19571005,https://dnipro-m.ua/tovar/zatiskach-masi-dlya-zvaruvanna-ec-38bn/
svarochnoe-oborudovanie,Зварювальне обладнання та аксесуари / Тримачі і кабелі,Тримач електродів для зварювання Dnipro-M EH-30BN,375.0,,,True,4.33,6,19570009,https://dnipro-m.ua/tovar/trimach-elektrodiv-dlya-zvaruvanna-eh-30bn/
svarochnoe-oborudovanie,Зварювальне обладнання та аксесуари / Тримачі і кабелі,Набір зварювальних кабелів Dnipro-M WS-3220CВ,1200.0,1950.0,38,False,4.00,9,82777007-6,https://dnipro-m.ua/tovar/nabor-svarochnykh-kabelej-ws-3220cv/
svarochnoe-oborudovanie,Зварювальне обладнання та аксесуари / Тримачі і кабелі,Набір зварювальних кабелів Dnipro-M WS-3220A,1386.0,,,True,4.72,36,82777005,https://dnipro-m.ua/tovar/nabor-svarochnykh-kabelej-ws-3220a/
svarochnoe-oborudovanie,Зварювальне обладнання та аксесуари / Тримачі і кабелі,Набір зварювальних кабелів Dnipro-M WS-3220AB,1530.0,,,True,4.77,13,82777008,https://dnipro-m.ua/tovar/nabor-svarochnykh-kabelej-ws-3220ab/
tovary-enerhonezalezhnosti,Енергонезалежність / Батарейки,Батарейка Varta V13GA/LR44 2 шт.,60.0,84.0,29,False,,0,58122000-1,https://dnipro-m.ua/tovar/batarejka-varta-v13ga-lr44-2-sht/
tovary-enerhonezalezhnosti,Енергонезалежність / Батарейки,Батарейка Varta CR 2032 2 шт.,96.0,120.0,20,False,,0,58121000-1,https://dnipro-m.ua/tovar/batarejka-varta-cr-2032-2-sht/
tovary-enerhonezalezhnosti,Енергонезалежність / Батарейки,Батарейка Varta Longlife Power AA 4+1 шт.,144.0,180.0,20,False,,0,83601000-1,https://dnipro-m.ua/tovar/batarejka-varta-longlife-power-aa-4-1-sht/
tovary-enerhonezalezhnosti,Енергонезалежність / Батарейки,Батарейка Varta Longlife Power AA 4 шт.,144.0,180.0,20,False,4.00,2,59188000-1,https://dnipro-m.ua/tovar/batarejka-varta-longlife-power-aa-4-sht/
tovary-enerhonezalezhnosti,Енергонезалежність / Батарейки,Батарейка Varta Longlife Power AAA 4+1 шт.,144.0,180.0,20,False,5.00,1,83602000-1,https://dnipro-m.ua/tovar/batarejka-varta-longlife-power-aaa-4-1-sht/
tovary-enerhonezalezhnosti,Енергонезалежність / Батарейки,Батарейка Varta Longlife AA 10 шт.,270.0,345.0,22,False,4.00,3,58933000-1,https://dnipro-m.ua/tovar/batarejka-varta-longlife-aa-10-sht/
tovary-enerhonezalezhnosti,Енергонезалежність / Батарейки,Батарейка Varta Longlife AAA 10 шт.,270.0,345.0,22,False,3.67,3,58932000-1,https://dnipro-m.ua/tovar/batarejka-varta-longlife-aaa-10-sht/
tovary-enerhonezalezhnosti,Енергонезалежність / Батарейки,Батарейка Varta Longlife Power D 2 шт.,312.0,,,False,,0,59189000,https://dnipro-m.ua/tovar/batarejka-varta-longlife-power-d-2-sht/
tovary-enerhonezalezhnosti,Енергонезалежність / Гібридні інвертори та акумулятори,Гібридний інвертор Growatt SPF6000ES PLUS(wifi),30990.0,,,True,4.71,7,37400000,https://dnipro-m.ua/tovar/gibridnij-invertor-growatt-spf6000es-pluswifi/
tovary-enerhonezalezhnosti,Енергонезалежність / Гібридні інвертори та акумулятори,Гібридний інвертор Growatt SPE 6000 TL HVM-G2,36990.0,,,True,,0,37395000,https://dnipro-m.ua/tovar/gibridnij-invertor-growatt-spe-6000-tl-hvm-g2/
tovary-enerhonezalezhnosti,Енергонезалежність / Гібридні інвертори та акумулятори,Гібридний інвертор Growatt SPM 6000TL-HU,49990.0,,,True,,0,37398000,https://dnipro-m.ua/tovar/gibridnij-invertor-growatt-spm-6000tl-hu/
tovary-enerhonezalezhnosti,Енергонезалежність / Гібридні інвертори та акумулятори,Гібридний інвертор Deye SUN-6K-SG05LP1-EU-AM2-P,49995.0,,,False,5.00,7,37467000,https://dnipro-m.ua/tovar/gibridnij-invertor-deye-sun6k-sg05lp1-eu-am2-p/
tovary-enerhonezalezhnosti,Енергонезалежність / Гібридні інвертори та акумулятори,Гібридний інвертор Growatt SPM 8000TL-HU,68990.0,,,True,,0,37399000,https://dnipro-m.ua/tovar/gibridnij-invertor-growatt-spm-8000tl-hu/
tovary-enerhonezalezhnosti,Енергонезалежність / Гібридні інвертори та акумулятори,Гібридний інвертор Deye SUN-8K-SG05LP1-EU-AM2-P,69990.0,,,False,5.00,2,37403000,https://dnipro-m.ua/tovar/gibridnij-invertor-deye-sun8k-sg05lp1-eu-am2p/
tovary-enerhonezalezhnosti,Енергонезалежність / Гібридні інвертори та акумулятори,Гібридний інвертор Growatt SPE 6000 TL HVM-G2 + Акумуляторна батарея Growatt Hope 5.0L-B1 Battery,74898.0,77985.0,4,True,4.71,17,37401000-2,https://dnipro-m.ua/tovar/sale-gibridnij-invertor-growatt-spe-6000-tl-hvm-g2-akumulyatorna-batareya-grawatt-hope-50l-b1-battery/
tovary-enerhonezalezhnosti,Енергонезалежність / Гібридні інвертори та акумулятори,Акумуляторна батарея Deye SE-F12-C,86985.0,,,True,5.00,1,37465000,https://dnipro-m.ua/tovar/akumulyatorna-batareya-deye-se-f12-c/
tovary-enerhonezalezhnosti,Енергонезалежність / Гібридні інвертори та акумулятори,Гібридний інвертор Deye SUN-10K-SG05LP3-EU-SM2,96990.0,,,True,,0,74232000,https://dnipro-m.ua/tovar/gibridnij-invertor-deye-sun-10k-sg05lp3-eu-sm2/
tovary-enerhonezalezhnosti,Енергонезалежність / Гібридні інвертори та акумулятори,Акумуляторна батарея Deye SE-F16-C,104985.0,,,False,5.00,4,37466000,https://dnipro-m.ua/tovar/akumulyatorna-batareya-deye-se-f16-c/
tovary-enerhonezalezhnosti,Енергонезалежність / Гібридні інвертори та акумулятори,Гібридний інвертор Deye SUN-8K-SG05LP1-EU-AM2-P + Акумуляторна батарея Deye SE-F5 PRO (PRO-C),114159.0,117675.0,3,False,5.00,11,37464000-2,https://dnipro-m.ua/tovar/sale-gibridnij-invertor-deye-sun-8k-sg05lp1-eu-am2-p-akumulyatorna-batareya-deye-se-f5-pro-pro-c/
tovary-enerhonezalezhnosti,Енергонезалежність / Гібридні інвертори та акумулятори,Гібридний інвертор Growatt SPE 8000ES + Акумуляторна батарея Growatt Hope 5.0L-B1 Battery (2 шт),132018.0,136680.0,3,True,4.72,18,37396000-2,https://dnipro-m.ua/tovar/sale-gibridnij-invertor-growatt-spe-8000es-akumulyatorna-batareya-grawatt-hope-50l-b1-battery-2-sht/
tovary-enerhonezalezhnosti,Енергонезалежність / Гібридні інвертори та акумулятори,Гібридний інвертор Growatt SPE 12000ES + Акумуляторна батарея Growatt Hope 5.0L-B1 Battery (2 шт),143517.0,147975.0,3,False,4.71,17,37397000-1,https://dnipro-m.ua/tovar/sale-gibridnij-invertor-growatt-spe-12000es-akumulyatorna-batareya-grawatt-hope-50l-b1-battery-2-sht/
tovary-enerhonezalezhnosti,Енергонезалежність / Гібридні інвертори та акумулятори,Гібридний інвертор Growatt SPE 12000ES + Акумуляторна батарея Growatt Hope 16LM-A1,160998.0,165984.0,3,False,,0,37402000-1,https://dnipro-m.ua/tovar/sale-gibridnij-invertor-growatt-spe-12000es-akumulyatorna-batareya-grawatt-hope-16lm-a1/
tovary-enerhonezalezhnosti,Енергонезалежність / Гібридні інвертори та акумулятори,Гібридний інвертор Deye SUN-10K-SG02LP1-EU-AM3-P + Акумуляторна батарея Deye SE-F12-C,174576.0,179970.0,3,False,5.00,1,37404000-2,https://dnipro-m.ua/tovar/sale-gibridnij-invertor-deye-sun-10k-sg02lp1-eu-am3-p-akkumulyatornaya-batareya-deye-se-f12-c/
tovary-enerhonezalezhnosti,Енергонезалежність / Гібридні інвертори та акумулятори,Гібридний інвертор Deye SUN-16K-SG01LP1-EU-AM3-P + Акумуляторна батарея Deye SE-F5 PRO (PRO-C) (3 шт.),250329.0,258054.0,3,False,5.00,11,37405000-1,https://dnipro-m.ua/tovar/sale-gibridnij-invertor-deye-sun-16k-sg01lp1-eu-am3-p-akumulyatorna-batareya-deye-se-f5-pro-pro-c-3-sht/
tovary-enerhonezalezhnosti,Енергонезалежність / Електрогенератори / Інверторні генератори,Інверторний бензиновий генератор DNIPRO M GX-8iN,14970.0,,,False,4.42,43,54338000,https://dnipro-m.ua/tovar/invertornij-benzinovij-generator-gx-8in/
tovary-enerhonezalezhnosti,Енергонезалежність / Електрогенератори / Інверторні генератори,Інверторний бензиновий генератор Dnipro-M GX-20I,24195.0,27390.0,12,False,4.64,47,84419000-3,https://dnipro-m.ua/tovar/invertornij-benzinovij-generator-gx-20i/
tovary-enerhonezalezhnosti,Енергонезалежність / Електрогенератори / Інверторні генератори,Інверторний бензиновий генератор DNIPRO M GX-30iC,24690.0,27990.0,12,False,4.44,18,54638000-1,https://dnipro-m.ua/tovar/invertornij-benzinovij-generator-gx-30ic/
tovary-enerhonezalezhnosti,Енергонезалежність / Електрогенератори / Інверторні генератори,Інверторний бензиновий генератор Dnipro-M GX-30iЕ,27999.0,31980.0,12,True,4.67,21,54639000-1,https://dnipro-m.ua/tovar/invertornij-benzinovij-generator-gx-30ie/
tovary-enerhonezalezhnosti,Енергонезалежність / Електрогенератори / Інверторні генератори,Інверторний бензиновий генератор DNIPRO M GX-30iG,36195.0,39990.0,9,False,4.55,20,54571000-1,https://dnipro-m.ua/tovar/invertornij-benzinovij-generator-gx-30ig/
tovary-enerhonezalezhnosti,Енергонезалежність / Електрогенератори / Інверторні генератори,Інверторний бензиновий генератор DNIPRO M GX-50iGR,57690.0,63990.0,10,False,4.67,18,54636000-1,https://dnipro-m.ua/tovar/invertornij-benzinovij-generator-gx-50igr/
tovary-enerhonezalezhnosti,Енергонезалежність / Електрогенератори / Інверторні генератори,Інверторний бензиновий генератор Palmera PA10000IN,69999.0,79890.0,12,False,4.67,3,37076000-1,https://dnipro-m.ua/tovar/invertornij-benzinovij-generator-palmera-pa10000in/
tovary-enerhonezalezhnosti,Енергонезалежність / Електрогенератори / Інверторні генератори,Інверторний бензиновий генератор Dnipro-M GX-100iGR,119997.0,139800.0,14,False,,0,54995000-1,https://dnipro-m.ua/tovar/invertornij-benzinovij-generator-gx-100igr/
tovary-enerhonezalezhnosti,Енергонезалежність / Електрогенератори / Генератори бензинові,Генератор бензиновий Veta VT350JE,12990.0,14490.0,10,False,4.72,124,58528000-1,https://dnipro-m.ua/tovar/generator-benzinovij-veta-vt350je/
tovary-enerhonezalezhnosti,Енергонезалежність / Електрогенератори / Генератори бензинові,Бензиновий генератор Palmera PA350JE5,15990.0,17985.0,11,False,5.00,5,48692000-1,https://dnipro-m.ua/tovar/benzinovij-generator-palmera-pa350je5/
tovary-enerhonezalezhnosti,Енергонезалежність / Електрогенератори / Генератори бензинові,Бензиновий генератор Palmera PA350JМ5,18990.0,22995.0,17,False,4.80,5,48998000-1,https://dnipro-m.ua/tovar/benzinovij-generator-palmera-pa350jm5/
tovary-enerhonezalezhnosti,Енергонезалежність / Електрогенератори / Генератори бензинові,Бензиновий генератор Hahn HGG8000X,32997.0,41990.0,21,False,,0,48967000-1,https://dnipro-m.ua/tovar/benzinovij-generator-hahn-hgg8000x/
tovary-enerhonezalezhnosti,Енергонезалежність / Електрогенератори / Генератори бензинові,Бензиновий генератор Loncin CF8000DDC,34995.0,44985.0,22,False,,0,37227000-1,https://dnipro-m.ua/tovar/benzinovij-generator-loncin-cf8000ddc/
tovary-enerhonezalezhnosti,Енергонезалежність / Електрогенератори / Генератори бензинові,Генератор бензиновий Dnipro-M GX-70LM,45990.0,49860.0,8,True,4.80,5,54637000-1,https://dnipro-m.ua/tovar/generator-benzinovij-gx-70lm/
tovary-enerhonezalezhnosti,Енергонезалежність / Електрогенератори / Генератори дизельні,Дизельний генератор Palmera PA950DJK5A,54990.0,67995.0,19,False,,0,48695000-1,https://dnipro-m.ua/tovar/dizelnij-generator-palmera-pa950djk5a/
tovary-enerhonezalezhnosti,Енергонезалежність / Електрогенератори / Генератори дизельні,Дизельний генератор Dnipro-M DX-65E,55590.0,59880.0,7,False,4.40,5,54640000-1,https://dnipro-m.ua/tovar/dizelnij-generator-dx-65e/
tovary-enerhonezalezhnosti,Енергонезалежність / Електрогенератори / Генератори дизельні,Дизельний генератор Palmera PA950DJK5A3,63990.0,77790.0,18,False,5.00,1,48696000-1,https://dnipro-m.ua/tovar/dizelnij-generator-palmera-pa950djk5a3/
tovary-enerhonezalezhnosti,Енергонезалежність / Електрогенератори / Генератори дизельні,Дизельний генератор Hahn HDE9000EA-EA3,77499.0,87990.0,12,False,4.67,3,48968000-1,https://dnipro-m.ua/tovar/dizelnij-generator-hahn-hde9000ea-ea3/
tovary-enerhonezalezhnosti,Енергонезалежність / Електрогенератори / Генератори дизельні,Дизельний генератор Palmera PA11000DJK5A,84990.0,108990.0,22,True,,0,37228000-1,https://dnipro-m.ua/tovar/dizelnij-generator-palmera-pa11000djk5a/
tovary-enerhonezalezhnosti,Енергонезалежність / Електрогенератори / Генератори дизельні,Дизельний генератор Palmera PA11000DJK3,99000.0,,,False,,0,59203000,https://dnipro-m.ua/tovar/dizelnij-generator-palmera-pa11000djk3/
tovary-enerhonezalezhnosti,Енергонезалежність / Зарядні станції,Портативна зарядна станція Gendome Go 1000,,,,False,,0,74316000,https://dnipro-m.ua/tovar/portatyvna-zariadna-stantsiia-gendome-go-1000/
tovary-enerhonezalezhnosti,Енергонезалежність / Зарядні станції,Портативна зарядна станція Gendome Go 2000,,,,False,,0,74315000,https://dnipro-m.ua/tovar/portatyvna-zariadna-stantsiia-gendome-go-2000/
tovary-enerhonezalezhnosti,Енергонезалежність / Зарядні станції,Портативна зарядна станція MARSTEK A300 Pro,,,,False,,0,73421000,https://dnipro-m.ua/tovar/portatyvna-zariadna-stantsiia-marstek-a300-pro/
tovary-enerhonezalezhnosti,Енергонезалежність / Зарядні станції,Портативна зарядна станція MARSTEK A500 Pro,,,,False,,0,73422000,https://dnipro-m.ua/tovar/portatyvna-zariadna-stantsiia-marstek-a500-pro/
tovary-enerhonezalezhnosti,Енергонезалежність / Зарядні станції,Зарядна станція Litheli Éclair B700 PRO,22998.0,31995.0,28,False,4.00,5,37173000-2,https://dnipro-m.ua/tovar/zaryadna-stancziya-litheli-clair-b700-pro/
tovary-enerhonezalezhnosti,Енергонезалежність / Зарядні станції,Портативна зарядна станція Fossibot F1200,28998.0,30990.0,6,False,4.90,10,74361000-1,https://dnipro-m.ua/tovar/portativna-zaryadna-stancziya-fossibot-f1200/
tovary-enerhonezalezhnosti,Енергонезалежність / Зарядні станції,Зарядна станція MARSTEK M1200,29997.0,39990.0,25,True,4.25,12,48964000-1,https://dnipro-m.ua/tovar/zaryadna-stanciya-marstek-m1200/
tovary-enerhonezalezhnosti,Енергонезалежність / Зарядні станції,Система резервного живлення MARSTEK VENUS-A 1200 Вт / 2120 Вт·г,31998.0,43990.0,27,True,4.43,56,37120000-1,https://dnipro-m.ua/tovar/sistema-rezervnogo-zhivlennya-marstek-venus-a-1200/
tovary-enerhonezalezhnosti,Енергонезалежність / Зарядні станції,Зарядна станція Oukitel P1000E Plus,31998.0,32985.0,3,False,4.62,21,48703000-1,https://dnipro-m.ua/tovar/zaryadna-stanciya-oukitel-p1000e-plus/
tovary-enerhonezalezhnosti,Енергонезалежність / Зарядні станції,Система резервного живлення MARSTEK VENUS-E Mini 1500 Вт / 2000 Вт*год,34497.0,44985.0,23,False,4.20,5,74527000-1,https://dnipro-m.ua/tovar/sistema-rezervnogo-zhivlennya-marstekvenus-e-mini/
tovary-enerhonezalezhnosti,Енергонезалежність / Зарядні станції,Зарядна станція Oukitel P1500E Plus,34995.0,44990.0,22,False,5.00,7,48864000-1,https://dnipro-m.ua/tovar/zaryadna-stanciya-oukitel-p1500e-plus/
tovary-enerhonezalezhnosti,Енергонезалежність / Зарядні станції,Зарядна станція Oukitel P2001E Plus,44997.0,57990.0,22,False,4.73,15,48704000-1,https://dnipro-m.ua/tovar/zaryadna-stanciya-oukitel-p2001e-plus/
tovary-enerhonezalezhnosti,Енергонезалежність / Зарядні станції,Портативна зарядна станція Fossibot F2400,47997.0,49990.0,4,False,4.78,18,74360000-1,https://dnipro-m.ua/tovar/portativna-zaryadna-stancziya-fossibot-f2400/
tovary-enerhonezalezhnosti,Енергонезалежність / Зарядні станції,Портативна зарядна станція FossiBot F2400 Green,47997.0,52995.0,9,False,,0,73234000-1,https://dnipro-m.ua/tovar/portativna-zaryadna-stancziya-fossibot-f2400-green/
tovary-enerhonezalezhnosti,Енергонезалежність / Зарядні станції,Портативна зарядна станція Oukitel P2001E Pro,47997.0,52995.0,9,False,4.00,1,74366000-1,https://dnipro-m.ua/tovar/portativna-zaryadna-stancziya-oukitel-p2001e-pro/
tovary-enerhonezalezhnosti,Енергонезалежність / Зарядні станції,Портативна зарядна станція Growatt Infinity 2000 Pro,48999.0,59997.0,18,False,4.94,16,74359000-1,https://dnipro-m.ua/tovar/portativna-zaryadna-stancziya-growatt-infinity-2000-pro/
tovary-enerhonezalezhnosti,Енергонезалежність / Зарядні станції,Зарядна станція MARSTEK M2200,49998.0,60900.0,18,True,4.27,22,48965000-1,https://dnipro-m.ua/tovar/zaryadna-stanciya-marstek-m2200/
tovary-enerhonezalezhnosti,Енергонезалежність / Зарядні станції,Портативна зарядна станція Gendome Home 3000,55995.0,66990.0,16,False,,0,74314000-1,https://dnipro-m.ua/tovar/portativna-zaryadna-stancziya-gendome-home-3000/
tovary-enerhonezalezhnosti,Енергонезалежність / Зарядні станції,Система MARSTEK VENUS-A 1200 Вт/2112 Вт*г + Додаткова батарея до системи резервного живлення VENUS-A 2120 Вт*г,61995.0,78980.0,22,True,4.44,57,37147000-2,https://dnipro-m.ua/tovar/sale-sistema-rezervnogo-zhivlennya-marstek-venus-a-dodatkova-batareya-do-venus-a/
tovary-enerhonezalezhnosti,Енергонезалежність / Зарядні станції,Система резервного живлення MARSTEK VENUS-E 2500 Вт / 5120 Вт·ч,67998.0,85570.0,21,True,4.34,50,37121000-1,https://dnipro-m.ua/tovar/sistema-rezervnogo-zhivlennya-marstek-venus-e-2500-new/
tovary-enerhonezalezhnosti,Енергонезалежність / Зарядні станції,Портативна зарядна станція Fossibot F3600 Pro,79998.0,94990.0,16,False,5.00,1,74595000-3,https://dnipro-m.ua/tovar/portativna-zaryadna-stancziya-fossibot-f3600-pro/
tovary-enerhonezalezhnosti,Енергонезалежність / Зарядні станції,Портативна зарядна станція Fossibot F7200,139998.0,149990.0,7,True,,0,74596000-1,https://dnipro-m.ua/tovar/portativna-zaryadna-stancziya-fossibot-f7200/
tovary-enerhonezalezhnosti,Енергонезалежність / Кабелі живлення Type-C,Швидкий магнітний кабель Dnipro-M Type-C (1м),210.0,285.0,26,True,4.90,10,48209000-1,https://dnipro-m.ua/tovar/shvidkij-magnitnij-kabel-type-c-1m/
tovary-enerhonezalezhnosti,Енергонезалежність / Кабелі живлення Type-C,"Кабель з підвіскою Dnipro-M 0,33 м",249.0,,,True,4.60,15,48212000,https://dnipro-m.ua/tovar/kabel-z-pidviskoyu-033-m/
tovary-enerhonezalezhnosti,Енергонезалежність / Кабелі живлення Type-C,Швидкий магнітний кабель Dnipro-M Type-C (1.5м),300.0,348.0,14,True,4.64,25,48210000-1,https://dnipro-m.ua/tovar/shvidkij-magnitnij-kabel-type-c-1-5m/
tovary-enerhonezalezhnosti,Енергонезалежність / Кабелі живлення Type-C,"Кабель з підвіскою Dnipro-M 1,2 м",300.0,,,True,4.52,25,48213000,https://dnipro-m.ua/tovar/kabel-z-pidviskoyu-12-m/
tovary-enerhonezalezhnosti,Енергонезалежність / Кабелі живлення Type-C,Універсальний магнітний кабель Dnipro-M 4в1 (1м),399.0,450.0,11,True,3.89,47,48211000-1,https://dnipro-m.ua/tovar/universalnij-magnitnij-kabel-4v1-1m/
tovary-enerhonezalezhnosti,Енергонезалежність / Ліхтарики,Налобний ліхтар Dnipro-M FX-5,720.0,,,False,4.30,244,58616000,https://dnipro-m.ua/tovar/nalobnij-lihtar-fx-5/
tovary-enerhonezalezhnosti,Енергонезалежність / Ліхтарики,Акумуляторний кишеньковий ліхтар Dnipro-M FL-10,798.0,990.0,19,True,4.94,31,48656000-1,https://dnipro-m.ua/tovar/akumulyatornij-kishenkovij-lihtar-fl-10/
tovary-enerhonezalezhnosti,Енергонезалежність / Ліхтарики,Акумуляторний ліхтар Dnipro-M IL-36,999.0,1260.0,21,False,4.77,43,99298000-3,https://dnipro-m.ua/tovar/akkumulyatornyj-fonar-il-36/
tovary-enerhonezalezhnosti,Енергонезалежність / Ліхтарики,Акумуляторний ліхтар Dnipro-M CFL-36M ULTRA,1590.0,1980.0,20,True,4.64,140,83363000-1,https://dnipro-m.ua/tovar/akumulatornij-lihtar-cfl-36m-ultra/
tovary-enerhonezalezhnosti,Енергонезалежність / Ліхтарики,Акумуляторний ліхтар Dnipro-M DCL-202 (без АКБ та ЗП),1950.0,,,True,4.52,23,48934000,https://dnipro-m.ua/tovar/akumulyatornij-likhtar-dcl-202/
tovary-enerhonezalezhnosti,Енергонезалежність / Ліхтарики,Налобний ліхтар Dnipro-M FX-20,2550.0,,,False,4.49,69,99296000,https://dnipro-m.ua/tovar/nalobnij-likhtar-fx-20/
tovary-enerhonezalezhnosti,Енергонезалежність / Ліхтарики,Акумуляторні ліхтарики Dnipro-M TL-65,2550.0,,,False,4.50,32,48722000,https://dnipro-m.ua/tovar/akumulyatorni-likhtari-tl-65/
tovary-enerhonezalezhnosti,Енергонезалежність / Ліхтарики,Акумуляторний ліхтар Dnipro-M DCL-203 (без АКБ та ЗП),2640.0,,,True,,0,48935000,https://dnipro-m.ua/tovar/akumulyatornij-likhtar-dcl-203/
tovary-enerhonezalezhnosti,Енергонезалежність / Повербанки,Повербанк MARSTEK P269D,999.0,1599.0,38,False,4.08,13,37145000-1,https://dnipro-m.ua/tovar/poverbank-marstek-p269d/
tovary-enerhonezalezhnosti,Енергонезалежність / Повербанки,Повербанк Dnipro-M PB-20,2598.0,3180.0,18,True,4.60,67,99982000-1,https://dnipro-m.ua/tovar/poverbank-pb-20/
tovary-enerhonezalezhnosti,Енергонезалежність / Повербанки,Повербанк MARSTEK P288D,2997.0,4499.0,33,False,4.56,9,37146000-1,https://dnipro-m.ua/tovar/poverbank-marstek-p288d/
verstati-po-derevu-ta-metalu,Верстати по дереву та металу / Верстати для заточування ланцюгів,Диск заточувальний для ланцюга Dnipro-M GD-108 108x23x3.2 мм,210.0,,,True,4.81,16,80997000,https://dnipro-m.ua/tovar/disk-zatochnyj-dlya-tsepi-gd-108/
verstati-po-derevu-ta-metalu,Верстати по дереву та металу / Верстати для заточування ланцюгів,Верстат для заточування ланцюга Dnipro-M SG-9P,2100.0,,,True,4.81,236,08224000,https://dnipro-m.ua/tovar/stanok-dlya-zatochki-czepi-sg-9p/
verstati-po-derevu-ta-metalu,Верстати по дереву та металу / Монтажні пили,Монтажна пила Dnipro-M CM-35,7950.0,9399.0,15,False,4.51,71,82193000-1,https://dnipro-m.ua/tovar/montazhnaya-pila-cm-35/
verstati-po-derevu-ta-metalu,Верстати по дереву та металу / Рейсмуси,Рейсмус Dnipro-M MT-33G Ultra,18897.0,23499.0,20,True,4.68,145,82316000-1,https://dnipro-m.ua/tovar/rejsmus-mt-33g-ultra/
verstati-po-derevu-ta-metalu,Верстати по дереву та металу / Розпилювальні столи,Комплект ніжок Dnipro-M TS-255,1200.0,1527.0,21,False,4.22,9,52087000-1,https://dnipro-m.ua/tovar/komplekt-nizhok-ts-255/
verstati-po-derevu-ta-metalu,Верстати по дереву та металу / Розпилювальні столи,Розпилювальний стіл Dnipro-M TS-255,11490.0,14997.0,23,False,4.25,56,41325000-1,https://dnipro-m.ua/tovar/raspilovocnyj-stol-ts-255/
verstati-po-derevu-ta-metalu,Верстати по дереву та металу / Стійки для електроінструменту,Лещата швидкозатискні Dnipro-M V-60,498.0,,,False,4.55,20,52113000,https://dnipro-m.ua/tovar/tiski-shvidkozatiskni-v-60/
verstati-po-derevu-ta-metalu,Верстати по дереву та металу / Стійки для електроінструменту,Стійка для кутової шліфмашини Dnipro-M AGS-230M,1890.0,2499.0,24,False,4.33,79,82946000-1,https://dnipro-m.ua/tovar/stojka-dlya-uglovoj-shlifmashiny-ags-230m/
verstati-po-derevu-ta-metalu,Верстати по дереву та металу / Стійки для електроінструменту,Стійка для дриля Dnipro-M 32RS,2187.0,2697.0,19,False,4.73,95,52112000-1,https://dnipro-m.ua/tovar/stijka-dlya-drila-32rs/
verstati-po-derevu-ta-metalu,Верстати по дереву та металу / Стійки для електроінструменту,Стійка для КШМ Dnipro-M QX-125,3033.0,,,False,4.72,217,20468000,https://dnipro-m.ua/tovar/stojka-dlya-ushm-qx-125/
verstati-po-derevu-ta-metalu,Верстати по дереву та металу / Торцювальні пили,Торцювальна пила Dnipro-M MS-26C,7500.0,8400.0,11,False,5.00,4,99668000-1,https://dnipro-m.ua/tovar/torczyuvalna-pila-ms-26c/
verstati-po-derevu-ta-metalu,Верстати по дереву та металу / Торцювальні пили,Торцювальна пила Dnipro-M SL-26L,12300.0,16197.0,24,False,4.55,94,49904000-1,https://dnipro-m.ua/tovar/torczevaya-pila-sl-26l/
verstati-po-derevu-ta-metalu,Верстати по дереву та металу / Торцювальні пили,Торцювальна пила Dnipro-M MS-26S,13950.0,,,True,4.50,4,99659000,https://dnipro-m.ua/tovar/torczyuvalna-pila-ms-26s/
verstati-po-derevu-ta-metalu,Верстати по дереву та металу / Торцювальні пили,Торцювальна пила Dnipro-M SL-31L,13950.0,17778.0,22,False,4.23,44,82612000-1,https://dnipro-m.ua/tovar/torczovochnaya-pila-sl-31l/
verstati-po-derevu-ta-metalu,Верстати по дереву та металу / Торцювальні пили,Торцювальна пила Dnipro-M MS-31S,16200.0,,,True,5.00,7,99660000,https://dnipro-m.ua/tovar/torczyuvalna-pila-ms-31s/
verstati-po-derevu-ta-metalu,Верстати по дереву та металу / Точильні верстати,Точильний верстат Dnipro-M BG-12X,1380.0,1998.0,31,False,4.67,27,21405000-2,https://dnipro-m.ua/tovar/tochilnyj-stanok-bg-12x/
verstati-po-derevu-ta-metalu,Верстати по дереву та металу / Точильні верстати,Точильний верстат Dnipro-M BG-15X,2289.0,,,True,4.00,37,21406000,https://dnipro-m.ua/tovar/tochilnyj-stanok-bg-15x/
verstati-po-derevu-ta-metalu,Верстати по дереву та металу / Точильні верстати,Точильний верстат Dnipro-M BG-20LX,2697.0,4197.0,36,False,4.30,20,21408000-1,https://dnipro-m.ua/tovar/tochilnyj-stanok-bg-20lx/
verstati-po-derevu-ta-metalu,Верстати по дереву та металу / Точильні верстати,Точильний верстат Dnipro-M BG-20X,3699.0,,,True,4.16,32,21407000,https://dnipro-m.ua/tovar/tochilnyj-stanok-bg-20x/
verstati-po-derevu-ta-metalu,Верстати по дереву та металу / Точильні верстати,Точильно-шліфувальний верстат Dnipro-M BG-15ХR,4860.0,,,True,4.36,11,99669000,https://dnipro-m.ua/tovar/tochilno-shlifuvalnij-verstat-bg-15xr/
vimiruvalnij-instrument,Вимірювальний інструмент / Будівельні лінійки і кутники,Лінійка Dnipro-M 300 мм нерж.сталь,84.0,,,False,4.92,25,19933002,https://dnipro-m.ua/tovar/linejka-300-mm-nerzhstal/
vimiruvalnij-instrument,Вимірювальний інструмент / Будівельні лінійки і кутники,Лінійка Dnipro-M 500 мм нерж.сталь,165.0,,,False,4.96,23,19933003,https://dnipro-m.ua/tovar/linejka-500-mm-nerzhstal/
vimiruvalnij-instrument,Вимірювальний інструмент / Будівельні лінійки і кутники,Косинець суцільнометалевий Dnipro-M 300х200 мм,339.0,,,True,4.80,10,19932001,https://dnipro-m.ua/tovar/ugolnik-czelnometallicheskij-300x200-mm/
vimiruvalnij-instrument,Вимірювальний інструмент / Будівельні лінійки і кутники,Лінійка Dnipro-M 1000 мм нерж.сталь,396.0,,,False,4.48,31,19933004,https://dnipro-m.ua/tovar/linejka-1000-mm-nerzhstal/
vimiruvalnij-instrument,Вимірювальний інструмент / Будівельні лінійки і кутники,Косинець столярний Dnipro-M 300 мм,399.0,,,True,4.31,32,19930001,https://dnipro-m.ua/tovar/ugolnik-stolyarnyj-300-mm/
vimiruvalnij-instrument,Вимірювальний інструмент / Будівельні лінійки і кутники,Косинець комбінований Dnipro-M ULTRA 300 мм 3в1,450.0,,,True,4.62,68,19931002,https://dnipro-m.ua/tovar/ugolnik-kombinirovanyj-ultra-300-mm-3v1/
vimiruvalnij-instrument,Вимірювальний інструмент / Будівельні лінійки і кутники,Кутник тесляра Dnipro-M 180 мм алюмінієвий,600.0,,,True,4.58,43,22922000,https://dnipro-m.ua/tovar/ugolnik-plotnika-180-mm/
vimiruvalnij-instrument,Вимірювальний інструмент / Будівельні лінійки і кутники,Кутник 3D Dnipro-M 150 мм алюмінієвий,630.0,,,True,4.45,22,49925000,https://dnipro-m.ua/tovar/ugolnik-3d-150-mm/
vimiruvalnij-instrument,Вимірювальний інструмент / Будівельні лінійки і кутники,Косинець суцільнометалевий Dnipro-M 600х400 мм,690.0,,,False,4.38,13,19932002,https://dnipro-m.ua/tovar/ugolnik-czelnometallicheskij-600x400-mm/
vimiruvalnij-instrument,Вимірювальний інструмент / Будівельні лінійки і кутники,Кутник столярний DNIPRO-M L-30,750.0,,,True,4.94,16,54811000,https://dnipro-m.ua/tovar/kutnik-stolyarnij-l-30/
vimiruvalnij-instrument,Вимірювальний інструмент / Будівельні олівці і маркери,Міні-маркери Dnipro-M 93 мм перманентні кольорові,21.0,,,True,4.59,17,19569000,https://dnipro-m.ua/tovar/mini-markery-93-mm-permanentnye-czvetnye-80-sht/
vimiruvalnij-instrument,Вимірювальний інструмент / Будівельні олівці і маркери,Міні-маркери Dnipro-M 93 мм перманентні чорні,21.0,,,False,4.25,16,49698000,https://dnipro-m.ua/tovar/mini-markery-93-mm-permanentnye-chernye-80-sht/
vimiruvalnij-instrument,Вимірювальний інструмент / Будівельні олівці і маркери,Маркер для точних робіт Dnipro-M B-24 синій,30.0,,,False,4.67,12,78631000,https://dnipro-m.ua/tovar/marker-dlya-tochnikh-robit-b-24-sinij/
vimiruvalnij-instrument,Вимірювальний інструмент / Будівельні олівці і маркери,Олівець Dnipro-M столярний,30.0,,,False,4.73,11,16044000,https://dnipro-m.ua/tovar/karandash-stolyarnyj/
vimiruvalnij-instrument,Вимірювальний інструмент / Будівельні олівці і маркери,Маркер для точних робіт Dnipro-M B-24 червоний,30.0,,,False,5.00,15,78632000,https://dnipro-m.ua/tovar/marker-dlya-tochnikh-robit-b-24-chervonij/
vimiruvalnij-instrument,Вимірювальний інструмент / Будівельні олівці і маркери,Олівець Dnipro-M двокольоровий,36.0,,,False,2.70,10,16046000,https://dnipro-m.ua/tovar/karandash-dvukhczvetnyj/
vimiruvalnij-instrument,Вимірювальний інструмент / Будівельні олівці і маркери,Будівельний маркер Dnipro-M білий,75.0,,,True,4.11,45,16131000,https://dnipro-m.ua/tovar/stroitelnyj-marker-belyj/
vimiruvalnij-instrument,Вимірювальний інструмент / Будівельні олівці і маркери,Маркер для точних робіт Dnipro-M В-20 чорний,90.0,,,False,2.50,28,78630000,https://dnipro-m.ua/tovar/marker-dlya-tochnikh-robit-v-20-chornij/
vimiruvalnij-instrument,Вимірювальний інструмент / Будівельні олівці і маркери,"Набір стрижнів для олівця Dnipro-M D-2,8 мм,кольорові 6шт",99.0,,,True,5.00,9,78627000,https://dnipro-m.ua/tovar/nabir-strizhniv-dlya-olivczya-d-28-mm-kolorovi-6sht/
vimiruvalnij-instrument,Вимірювальний інструмент / Будівельні олівці і маркери,"Набір стрижнів для олівця Dnipro-M D-2,8 мм графіт 6 шт",99.0,,,False,5.00,7,78628000,https://dnipro-m.ua/tovar/nabir-strizhniv-dlya-olivczya-d-28-mm-grafit-6sh/
vimiruvalnij-instrument,Вимірювальний інструмент / Будівельні олівці і маркери,Олівець механічний Dnipro-M S-28 з точилкою,258.0,,,False,4.47,30,78629000,https://dnipro-m.ua/tovar/olivecz-mekhanichnij-s-28-z-tochilkoyu/
vimiruvalnij-instrument,Вимірювальний інструмент / Лазерні далекоміри,Лазерний далекомір Dnipro-M 40TF,2049.0,,,True,4.36,25,41496000,https://dnipro-m.ua/tovar/lazernyj-dalnomer-40tf/
vimiruvalnij-instrument,Вимірювальний інструмент / Лазерні далекоміри,Лазерний далекомір Dnipro-M 60TF,2139.0,2397.0,11,True,4.50,34,41497000-1,https://dnipro-m.ua/tovar/lazernyj-dalnomer-60tf/
vimiruvalnij-instrument,Вимірювальний інструмент / Лазерні далекоміри,Лазерний далекомір Dnipro-M 100TF,2799.0,3255.0,14,True,4.25,16,41498000-1,https://dnipro-m.ua/tovar/lazernyj-dalnomer-100tf/
vimiruvalnij-instrument,Вимірювальний інструмент / Лазерні рівні,Лазерний рівень Dnipro-M ML-120L,1497.0,2598.0,42,False,4.33,45,16377000-2,https://dnipro-m.ua/tovar/lazernyj-uroven-ml-120l/
vimiruvalnij-instrument,Вимірювальний інструмент / Лазерні рівні,Лазерний рівень Dnipro-M ML-20G,1599.0,1998.0,20,True,3.57,7,48758000-2,https://dnipro-m.ua/tovar/lazernij-riven-ml-20g/
vimiruvalnij-instrument,Вимірювальний інструмент / Лазерні рівні,Лазерний рівень Dnipro-M ML-330R,2997.0,3939.0,24,False,4.68,19,21854000-1,https://dnipro-m.ua/tovar/lazernyj-uroven-ml-330r/
vimiruvalnij-instrument,Вимірювальний інструмент / Лазерні рівні,Лазерний рівень Dnipro-M ML-320G,3090.0,,,True,4.00,30,84279000,https://dnipro-m.ua/tovar/lazernij-riven-ml-320g/
vimiruvalnij-instrument,Вимірювальний інструмент / Лазерні рівні,Лазерний рівень Dnipro-M ML-335G,4248.0,4737.0,10,True,4.58,48,21855000-1,https://dnipro-m.ua/tovar/lazernyj-uroven-ml-335g/
vimiruvalnij-instrument,Вимірювальний інструмент / Лазерні рівні,Лазерний рівень Dnipro-M ML-512 GSX + Фіксатор-прищіпка для кронштейна FL-2D,7695.0,9951.0,23,True,4.22,54,21950000-9,https://dnipro-m.ua/tovar/lazernyj-uroven-ml-512-gsx/
vimiruvalnij-instrument,Вимірювальний інструмент / Лазерні рівні,Лазерний рівень Dnipro-M ML-816G,9699.0,11199.0,13,True,4.67,79,21856000-2,https://dnipro-m.ua/tovar/lazernyj-uroven-ml-816g/
vimiruvalnij-instrument,Вимірювальний інструмент / Рулетки,Рулетка Dnipro-M  2 м 13 мм,99.0,,,True,4.60,31,78699000,https://dnipro-m.ua/tovar/ruletka-2-m-13-mm/
vimiruvalnij-instrument,Вимірювальний інструмент / Рулетки,Рулетка Dnipro-M Multi Fix 3 м*19 мм,138.0,204.0,32,False,3.59,22,81730000-2,https://dnipro-m.ua/tovar/ruletka-stroitelnaya-dnipro-m-multi-fix-3m-19-mm/
vimiruvalnij-instrument,Вимірювальний інструмент / Рулетки,Рулетка Dnipro-M Compact 5 м 25 мм,150.0,,,True,4.82,17,78698000,https://dnipro-m.ua/tovar/ruletka-compact-5-m-25-mm/
vimiruvalnij-instrument,Вимірювальний інструмент / Рулетки,Рулетка Dnipro-M Profit 3 м*16 мм,180.0,,,True,4.60,30,81734000,https://dnipro-m.ua/tovar/ruletka-stroitelnaya-dnipro-m-profit-3m-16-mm/
vimiruvalnij-instrument,Вимірювальний інструмент / Рулетки,Рулетка Dnipro-M Multi Fix 5 м*25 мм,198.0,309.0,36,False,4.45,51,81729000-1,https://dnipro-m.ua/tovar/ruletka-stroitelnaya-dnipro-m-multi-fix-5m-25-mm/
vimiruvalnij-instrument,Вимірювальний інструмент / Рулетки,Рулетка Dnipro-M Multi Fix 7.5 м*25 мм,228.0,357.0,36,False,4.05,22,81731000-1,https://dnipro-m.ua/tovar/ruletka-stroitelnaya-dnipro-m-multi-fix-7-5m-25-mm/
vimiruvalnij-instrument,Вимірювальний інструмент / Рулетки,Рулетка Dnipro-M Profit 5 м*19 мм,240.0,,,True,4.16,25,81735000,https://dnipro-m.ua/tovar/ruletka-stroitelnaya-dnipro-m-profit-5m-19-mm/
vimiruvalnij-instrument,Вимірювальний інструмент / Рулетки,Рулетка Dnipro-M Profit 7.5 м*25 мм,315.0,,,True,3.85,13,81732000,https://dnipro-m.ua/tovar/ruletka-stroitelnaya-dnipro-m-profit-7-5m-25-mm/
vimiruvalnij-instrument,Вимірювальний інструмент / Рулетки,Рулетка Dnipro-M Ultra 5 м*25 мм,348.0,,,False,4.13,76,81738000,https://dnipro-m.ua/tovar/ruletka-stroitelnaya-dnipro-m-ultra-5m-25-mm/
vimiruvalnij-instrument,Вимірювальний інструмент / Рулетки,Рулетка Dnipro-M Multi Fix 10 м*25 мм,348.0,456.0,24,False,2.98,40,81728000-2,https://dnipro-m.ua/tovar/ruletka-stroitelnaya-dnipro-m-multi-fix-10m-25-mm/
vimiruvalnij-instrument,Вимірювальний інструмент / Рулетки,Рулетка Dnipro-M Profit 10 м*25 мм,420.0,,,True,4.09,35,81733000,https://dnipro-m.ua/tovar/ruletka-stroitelnaya-dnipro-m-profit-10m-25-mm/
vimiruvalnij-instrument,Вимірювальний інструмент / Рулетки,Рулетка Dnipro-M ULTRAFIX 5 м 32 мм,435.0,,,False,4.06,18,78624000,https://dnipro-m.ua/tovar/ruletka-ultrafix-5m-32mm/
vimiruvalnij-instrument,Вимірювальний інструмент / Рулетки,Рулетка Dnipro-M ULTRAFIX 8 м 32 мм,555.0,,,True,5.00,5,78625000,https://dnipro-m.ua/tovar/ruletka-ultrafix-8m-32mm/
vimiruvalnij-instrument,Вимірювальний інструмент / Рулетки,Рулетка Dnipro-M ULTRAMAX 5 м 32 мм,570.0,,,False,4.60,5,78622000,https://dnipro-m.ua/tovar/ruletka-ultramax-5m-32mm/
vimiruvalnij-instrument,Вимірювальний інструмент / Рулетки,Рулетка Dnipro-M ULTRAMAX 8 м 32 мм,690.0,,,True,4.50,10,78623000,https://dnipro-m.ua/tovar/ruletka-ultramax-8m-32mm/
vimiruvalnij-instrument,Вимірювальний інструмент / Рівні будівельні,Рівень будівельний Dnipro-M S-65 65 мм,150.0,,,True,4.83,12,99952000,https://dnipro-m.ua/tovar/riven-budivelnij-s-65-65mm/
vimiruvalnij-instrument,Вимірювальний інструмент / Рівні будівельні,Рівень будівельний Dnipro-M S-110 110 мм,369.0,,,True,4.69,13,99953000,https://dnipro-m.ua/tovar/riven-budivelnij-s-110-110mm/
vimiruvalnij-instrument,Вимірювальний інструмент / Рівні будівельні,Рівень будівельний Dnipro-M Profit 300 мм з магнітом,444.0,,,True,5.00,18,49885000,https://dnipro-m.ua/tovar/uroven-stroitelnyj-profit-300-mm/
vimiruvalnij-instrument,Вимірювальний інструмент / Рівні будівельні,Рівень будівельний Dnipro-M Profit 400 мм з магнітом,474.0,,,True,4.28,25,49886000,https://dnipro-m.ua/tovar/uroven-stroitelnyj-profit-400-mm/
vimiruvalnij-instrument,Вимірювальний інструмент / Рівні будівельні,Рівень будівельний Dnipro-M Profit 1500 мм з магнітом,528.0,930.0,43,False,5.00,1,49891000-1,https://dnipro-m.ua/tovar/uroven-stroitelnyj-profit-1500-mm/
vimiruvalnij-instrument,Вимірювальний інструмент / Рівні будівельні,Рівень будівельний Dnipro-M Profit 600 мм з магнітом,549.0,,,True,4.50,4,49887000,https://dnipro-m.ua/tovar/uroven-stroitelnyj-profit-600-mm/
vimiruvalnij-instrument,Вимірювальний інструмент / Рівні будівельні,Рівень будівельний Dnipro-M Profit 800 мм з магнітом,585.0,,,True,5.00,9,49888000,https://dnipro-m.ua/tovar/uroven-stroitelnyj-profit-800-mm/
vimiruvalnij-instrument,Вимірювальний інструмент / Рівні будівельні,Рівень будівельний Dnipro-M Profit 1000 мм з магнітом,657.0,,,True,4.20,10,48889000,https://dnipro-m.ua/tovar/uroven-stroitelnyj-profit-1000-mm/
vimiruvalnij-instrument,Вимірювальний інструмент / Рівні будівельні,"Рівень Dnipro-M ProVision 1200 мм з магнітом, бокове вікно",699.0,1179.0,41,False,3.64,11,19584000-2,https://dnipro-m.ua/tovar/uroven-provision-1200-mm/
vimiruvalnij-instrument,Вимірювальний інструмент / Рівні будівельні,Рівень будівельний Dnipro-M ULTRA 600 мм,789.0,,,True,4.70,33,81926000,https://dnipro-m.ua/tovar/uroven-stroitelnyj-ultra-600-mm/
vimiruvalnij-instrument,Вимірювальний інструмент / Рівні будівельні,Рівень будівельний Dnipro-M Profit 1200 мм з магнітом,789.0,,,True,4.29,7,49890000,https://dnipro-m.ua/tovar/uroven-stroitelnyj-profit-1200-mm/
vimiruvalnij-instrument,Вимірювальний інструмент / Рівні будівельні,"Рівень Dnipro-M ProVision 1500 мм з магнітом, бокове вікно",798.0,1380.0,42,False,4.61,18,19585000-2,https://dnipro-m.ua/tovar/uroven-provision-1500-mm/
vimiruvalnij-instrument,Вимірювальний інструмент / Рівні будівельні,"Рівень Dnipro-M ProVision 600 мм з магнітом, бокове вікно",927.0,,,True,4.12,17,19581000,https://dnipro-m.ua/tovar/uroven-provision-600-mm/
vimiruvalnij-instrument,Вимірювальний інструмент / Рівні будівельні,Рівень будівельний Dnipro-M ULTRA 800 мм,969.0,,,True,4.53,17,81927000,https://dnipro-m.ua/tovar/uroven-stroitelnyj-ultra-800-mm/
vimiruvalnij-instrument,Вимірювальний інструмент / Рівні будівельні,"Рівень Dnipro-M ProVision 800 мм з магнітом, бокове вікно",1005.0,,,True,4.61,18,19582000,https://dnipro-m.ua/tovar/uroven-provision-800-mm/
vimiruvalnij-instrument,Вимірювальний інструмент / Рівні будівельні,Рівень будівельний Dnipro-M ULTRA 1000 мм,1038.0,,,False,4.79,14,81928000,https://dnipro-m.ua/tovar/uroven-stroitelnyj-ultra-1000-mm/
vimiruvalnij-instrument,Вимірювальний інструмент / Рівні будівельні,"Рівень Dnipro-M ProVision 1000 мм з магнітом, бокове вікно",1119.0,,,False,4.60,15,19583000,https://dnipro-m.ua/tovar/uroven-provision-1000-mm/
vimiruvalnij-instrument,Вимірювальний інструмент / Рівні будівельні,Рівень будівельний Dnipro-M Profit 2000 мм з магнітом,1137.0,,,True,4.80,10,49892000,https://dnipro-m.ua/tovar/uroven-stroitelnyj-profit-2000-mm/
vimiruvalnij-instrument,Вимірювальний інструмент / Рівні будівельні,Рівень будівельний Dnipro-M ULTRA 1200 мм,1155.0,,,True,4.38,8,81929000,https://dnipro-m.ua/tovar/uroven-stroitelnyj-ultra-1200-mm/
vimiruvalnij-instrument,Вимірювальний інструмент / Рівні будівельні,Рівень будівельний Dnipro-M ULTRA 1500 мм,1248.0,,,True,4.15,13,81930000,https://dnipro-m.ua/tovar/uroven-stroitelnyj-ultra-1500-mm/
vimiruvalnij-instrument,Вимірювальний інструмент / Цифрові мультиметри,Безконтактний індикатор напруги Dnipro-M VD-3,525.0,,,True,4.11,18,99702000,https://dnipro-m.ua/tovar/bezkontaktnij-indikator-naprugi-vd-3/
vimiruvalnij-instrument,Вимірювальний інструмент / Цифрові мультиметри,Мультиметр цифровий Dnipro-M SM600,1488.0,1698.0,12,True,4.42,196,21267000-4,https://dnipro-m.ua/tovar/multimetr-czifrovoj-sm600/
vimiruvalnij-instrument,Вимірювальний інструмент / Шнури та фарби розмічальні,Крейда маркувальна Dnipro-M воскова червона,69.0,,,True,5.00,5,16451000,https://dnipro-m.ua/tovar/mel-markirovochnyj-voskovoj-krasnyj-2sht/
vimiruvalnij-instrument,Вимірювальний інструмент / Шнури та фарби розмічальні,Шнур розміточний Dnipro-M 30 м 3 в 1,228.0,357.0,36,False,4.15,26,97357000-1,https://dnipro-m.ua/tovar/shnur-razmetochnyj-30-m-3-v-1/
vimiruvalnij-instrument,Вимірювальний інструмент / Штангенциркулі,Штангенциркуль цифровий Dnipro-M HP-15 150 мм,1689.0,,,False,4.57,68,16482001,https://dnipro-m.ua/tovar/shtangenczirkul-czifrovoj-hp-15-150-mm/
vimiruvalnij-instrument,Вимірювальний інструмент / Штативи та тримачі для лазерного рівня,Мішень для лазерного рівня Dnipro-M TLR червона,54.0,144.0,62,False,,0,22503000-1,https://dnipro-m.ua/tovar/mishen-dlya-lazernogo-urovnya-tlg-krasnaya/
vimiruvalnij-instrument,Вимірювальний інструмент / Штативи та тримачі для лазерного рівня,Мішень для лазерного рівня Dnipro-M TLG зелена,99.0,150.0,34,False,4.50,12,22504000-1,https://dnipro-m.ua/tovar/mishen-dlya-lazernogo-urovnya-tlg-zelenaya/
vimiruvalnij-instrument,Вимірювальний інструмент / Штативи та тримачі для лазерного рівня,Фіксатор-прищіпка для кронштейна FL-2D Dnipro-M,150.0,252.0,40,True,3.00,2,21799000-1,https://dnipro-m.ua/tovar/fiksator-prishhepka-dlya-kronshtejna-fl-2d/
vimiruvalnij-instrument,Вимірювальний інструмент / Штативи та тримачі для лазерного рівня,Поворотна платформа для лазерного рівня Dnipro-M RB-4,315.0,648.0,51,False,4.91,11,62019000-1,https://dnipro-m.ua/tovar/povorotnaya-platforma-dlya-lazernogo-urovnya-rb-4/
vimiruvalnij-instrument,Вимірювальний інструмент / Штативи та тримачі для лазерного рівня,Поворотна платформа для лазерного рівня Dnipro-M RB-5,339.0,609.0,44,False,4.22,9,21842000-1,https://dnipro-m.ua/tovar/povorotnaya-platforma-dlya-lazernogo-urovnya-rb-5/
vimiruvalnij-instrument,Вимірювальний інструмент / Штативи та тримачі для лазерного рівня,Батарея для лазерного рівня Dnipro-M B-36,348.0,582.0,40,False,5.00,4,22506000-1,https://dnipro-m.ua/tovar/batareya-dlya-lazernogo-rivnya-b-36/
vimiruvalnij-instrument,Вимірювальний інструмент / Штативи та тримачі для лазерного рівня,Кронштейн-прищіпка для лазерного рівня Dnipro-M FL-45,429.0,555.0,23,True,5.00,6,22502000-1,https://dnipro-m.ua/tovar/kronshtejn-prishhepka-dlya-lazernogo-urovnya-fl-45/
vimiruvalnij-instrument,Вимірювальний інструмент / Штативи та тримачі для лазерного рівня,Штатив для лазерного рівня Dnipro-M F-120,525.0,690.0,24,False,4.34,44,20477000-1,https://dnipro-m.ua/tovar/shtativ-dlya-lazernogo-urovnya-f-120/
vimiruvalnij-instrument,Вимірювальний інструмент / Штативи та тримачі для лазерного рівня,Штатив для лазерного рівня Dnipro-M FD-120,699.0,,,True,4.00,4,99409000,https://dnipro-m.ua/tovar/shtativ-dlya-lazernogo-rivnya-fd-120/
vimiruvalnij-instrument,Вимірювальний інструмент / Штативи та тримачі для лазерного рівня,Кронштейн для лазерного рівня Dnipro-M FL-2D,999.0,,,False,5.00,11,21797000,https://dnipro-m.ua/tovar/kronshtejn-dlya-lazernogo-urovnya-fl-2d/
vimiruvalnij-instrument,Вимірювальний інструмент / Штативи та тримачі для лазерного рівня,Штатив для лазерного рівня Dnipro-M FD-150,999.0,1488.0,33,False,4.74,23,16238000-1,https://dnipro-m.ua/tovar/shtativ-dlya-lazernogo-urovnya-fd-150/
vimiruvalnij-instrument,Вимірювальний інструмент / Штативи та тримачі для лазерного рівня,Штатив для лазерного рівня Dnipro-M FD-170,1419.0,,,True,4.00,10,99410000,https://dnipro-m.ua/tovar/shtativ-dlya-lazernogo-rivnya-fd-170/
vimiruvalnij-instrument,Вимірювальний інструмент / Штативи та тримачі для лазерного рівня,Штанга для лазерного рівня з триногою Dnipro-M LP-5,3300.0,,,False,4.30,60,62018000,https://dnipro-m.ua/tovar/shtanga-dlya-lazernogo-urovnya-s-trinogoj-lp-5/
zapchastini-ta-aksesuari-dlya-instrumentiv,Запчастини та аксесуари для інструментів / Аксесуари для генераторів,Елемент фільтруючий 168F/170F,75.0,,,False,,0,98152001,https://dnipro-m.ua/tovar/element-filtruyuchij-168f170f/
zapchastini-ta-aksesuari-dlya-instrumentiv,Запчастини та аксесуари для інструментів / Аксесуари для генераторів,Ремінь Z-710,105.0,,,False,,0,08489001,https://dnipro-m.ua/tovar/remin-z-710/
zapchastini-ta-aksesuari-dlya-instrumentiv,Запчастини та аксесуари для інструментів / Аксесуари для генераторів,Ремінь Z-787,120.0,,,True,,0,08489003,https://dnipro-m.ua/tovar/remin-z-787/
zapchastini-ta-aksesuari-dlya-instrumentiv,Запчастини та аксесуари для інструментів / Аксесуари для генераторів,Фільтр паливний генератора Dnipro-M DX-65,180.0,,,False,,0,58852002,https://dnipro-m.ua/tovar/filtr-palivnij-generatora-dx-65/
zapchastini-ta-aksesuari-dlya-instrumentiv,Запчастини та аксесуари для інструментів / Аксесуари для генераторів,Паливний кран генератора Dnipro-M GX-30,195.0,,,False,,0,98136002,https://dnipro-m.ua/tovar/palivnij-kran-generatora-gx-30/
zapchastini-ta-aksesuari-dlya-instrumentiv,Запчастини та аксесуари для інструментів / Аксесуари для генераторів,Свічка запалювання CMR6A 139F,240.0,,,False,,0,59944001,https://dnipro-m.ua/tovar/svichka-zapalyuvannya-cmr6a-139f/
zapchastini-ta-aksesuari-dlya-instrumentiv,Запчастини та аксесуари для інструментів / Аксесуари для генераторів,Елемент фільтруючий D192F,240.0,,,False,,0,58916001,https://dnipro-m.ua/tovar/element-filtruyuchij-d192f/
zapchastini-ta-aksesuari-dlya-instrumentiv,Запчастини та аксесуари для інструментів / Аксесуари для генераторів,Ручний стартер генератора Dnipro-M GX-30,501.0,,,False,,0,98141002,https://dnipro-m.ua/tovar/ruchnij-starter-generatora-gx-30/
zapchastini-ta-aksesuari-dlya-instrumentiv,Запчастини та аксесуари для інструментів / Аксесуари для генераторів,Стартер 188F-192F,660.0,,,True,,0,98141003,https://dnipro-m.ua/tovar/starter-188f-192f/
zapchastini-ta-aksesuari-dlya-instrumentiv,Запчастини та аксесуари для інструментів / Аксесуари для генераторів,Транспортувальний набір до генераторів Dnipro-M GX-30iE,1350.0,,,True,5.00,5,48558000,https://dnipro-m.ua/tovar/transportuvalnij-nabir-do-generatoriv-gx-30ie/
zapchastini-ta-aksesuari-dlya-instrumentiv,Запчастини та аксесуари для інструментів / Аксесуари для генераторів,Транспортувальний набір до генераторів Dnipro-M GX-30iC,1350.0,,,True,,0,78423000,https://dnipro-m.ua/tovar/transportuvalnij-nabir-do-generatoriv-gx-30ic/
zapchastini-ta-aksesuari-dlya-instrumentiv,Запчастини та аксесуари для інструментів / Аксесуари для ящиків,"Набір конекторів для ящиків Dnipro-M S-Box, 8в1",210.0,,,False,,0,37409000,https://dnipro-m.ua/tovar/nabir-konektoriv-dlia-yashchykiv-s-box-8v1/
zapchastini-ta-aksesuari-dlya-instrumentiv,Запчастини та аксесуари для інструментів / Аксесуари для ящиків,"Гачок для інструментів Dnipro-M S-Box, U-подібний",240.0,,,False,,0,37415000,https://dnipro-m.ua/tovar/hachok-dlia-instrumentiv-s-box-u-podibnyi/
zapchastini-ta-aksesuari-dlya-instrumentiv,Запчастини та аксесуари для інструментів / Аксесуари для ящиків,"Гачок для інструментів Dnipro-M S-Box, J-подібний",270.0,,,False,,0,37414000,https://dnipro-m.ua/tovar/hachok-dlia-instrumentiv-s-box-j-podibnyi/
zapchastini-ta-aksesuari-dlya-instrumentiv,Запчастини та аксесуари для інструментів / Аксесуари для ящиків,"Настінна панель для інструментів Dnipro-M S-Box, 2 шт.",480.0,,,False,,0,37412000,https://dnipro-m.ua/tovar/nastinna-panel-dlia-instrumentiv-s-box-2-sht/
zapchastini-ta-aksesuari-dlya-instrumentiv,Запчастини та аксесуари для інструментів / Аксесуари для ящиків,"Втулки різьбові для ящиків Dnipro-M S-Box, M8, 12 шт.",498.0,,,False,,0,37408000,https://dnipro-m.ua/tovar/vtulky-rizbovi-dlia-yashchykiv-s-box-m8-12-sht/
zapchastini-ta-aksesuari-dlya-instrumentiv,Запчастини та аксесуари для інструментів / Аксесуари для ящиків,"Магнітний тримач для інструментів Dnipro-M S-Box, комплект",780.0,,,False,,0,37413000,https://dnipro-m.ua/tovar/mahnitnyi-trymach-dlia-instrumentiv-s-box-komplekt/
zapchastini-ta-aksesuari-dlya-instrumentiv,Запчастини та аксесуари для інструментів / Аксесуари для ящиків,"Тримач довгих предметів Dnipro-M S-Box, комплект",900.0,,,False,,0,37410000,https://dnipro-m.ua/tovar/trymach-dovhykh-predmetiv-s-box-komplekt/
zapchastini-ta-aksesuari-dlya-instrumentiv,Запчастини та аксесуари для інструментів / Аксесуари для інструментів та обладнання / Аксесуари для КШМ,Ручка з прогумованим покриттям для КШМ Dnipro-M 125 мм,126.0,,,True,5.00,8,52068000,https://dnipro-m.ua/tovar/ruchka-s-prorezinennym-pokrytiem-dlya-ushm-125-mm/
zapchastini-ta-aksesuari-dlya-instrumentiv,Запчастини та аксесуари для інструментів / Аксесуари для інструментів та обладнання / Аксесуари для КШМ,Швидкознімний кожух для КШМ Dnipro-M 125 мм,141.0,,,True,5.00,17,52067000,https://dnipro-m.ua/tovar/bystrosemnyj-kozhukh-dlya-ushm-125-mm/
zapchastini-ta-aksesuari-dlya-instrumentiv,Запчастини та аксесуари для інструментів / Аксесуари для інструментів та обладнання / Аксесуари для КШМ,Фланець та гайка М14 для КШМ Dnipro-M,141.0,,,False,4.18,11,52066000,https://dnipro-m.ua/tovar/flanecz-i-gajka-m14-dlya-ushm/
zapchastini-ta-aksesuari-dlya-instrumentiv,Запчастини та аксесуари для інструментів / Аксесуари для інструментів та обладнання / Аксесуари для КШМ,Ручка з прогумованим покриттям для КШМ Dnipro-M 230 мм,168.0,,,True,5.00,2,52069000,https://dnipro-m.ua/tovar/ruchka-s-prorezinennym-pokrytiem-dlya-ushm-230-mm/
zapchastini-ta-aksesuari-dlya-instrumentiv,Запчастини та аксесуари для інструментів / Аксесуари для інструментів та обладнання / Аксесуари для КШМ,Гайка Dnipro-M швидкозатискна QN-14XL,300.0,459.0,35,True,4.11,46,82814000-1,https://dnipro-m.ua/tovar/gajka-bystrozazhimnaya-qn14xl/
zapchastini-ta-aksesuari-dlya-instrumentiv,Запчастини та аксесуари для інструментів / Аксесуари для інструментів та обладнання / Аксесуари для КШМ,Гайка Dnipro-M швидкозатискна QN-14,330.0,,,True,4.62,58,82813000,https://dnipro-m.ua/tovar/gajka-bystrozazhimnaya-qn14/
zapchastini-ta-aksesuari-dlya-instrumentiv,Запчастини та аксесуари для інструментів / Аксесуари для інструментів та обладнання / Аксесуари для КШМ,Стрічкова шліфувальна насадка для КШМ Dnipro-M GA-30,870.0,1611.0,46,False,4.13,40,41432000-1,https://dnipro-m.ua/tovar/strickova-slifuvalna-nasadka-dla-ushm-ga-30/
zapchastini-ta-aksesuari-dlya-instrumentiv,Запчастини та аксесуари для інструментів / Аксесуари для інструментів та обладнання / Аксесуари для фарбопультів,Гайка розпилювача SH-90,30.0,,,True,,0,19609001,https://dnipro-m.ua/tovar/gajka-rozpilyuvacha-sh-90/
zapchastini-ta-aksesuari-dlya-instrumentiv,Запчастини та аксесуари для інструментів / Аксесуари для інструментів та обладнання / Аксесуари для фарбопультів,Мембрана SH-90,30.0,,,False,,0,19602001,https://dnipro-m.ua/tovar/membrana-sh-90/
zapchastini-ta-aksesuari-dlya-instrumentiv,Запчастини та аксесуари для інструментів / Аксесуари для інструментів та обладнання / Аксесуари для фарбопультів,Трубка подачі SH-90,45.0,,,False,,0,19603001,https://dnipro-m.ua/tovar/trubka-podachi-sh-90/
zapchastini-ta-aksesuari-dlya-instrumentiv,Запчастини та аксесуари для інструментів / Аксесуари для інструментів та обладнання / Аксесуари для фарбопультів,"Насадка 1,8 мм. SH-90",60.0,,,True,,0,19610001,https://dnipro-m.ua/tovar/nasadka-18-mm-sh-90/
zapchastini-ta-aksesuari-dlya-instrumentiv,Запчастини та аксесуари для інструментів / Аксесуари для інструментів та обладнання / Аксесуари для фарбопультів,Механізм розпилювача SH-90,90.0,,,False,,0,19611001,https://dnipro-m.ua/tovar/mekhanizm-rozpilyuvacha-sh-90/
zapchastini-ta-aksesuari-dlya-instrumentiv,Запчастини та аксесуари для інструментів / Аксесуари для інструментів та обладнання / Аксесуари для фарбопультів,"Насадка 2,6 мм. SH-90",90.0,,,False,,0,19610002,https://dnipro-m.ua/tovar/nasadka-26-mm-sh-90/
zapchastini-ta-aksesuari-dlya-instrumentiv,Запчастини та аксесуари для інструментів / Аксесуари для інструментів та обладнання / Аксесуари для фарбопультів,Фільтри бачка для фарбопультів Dnipro-M SGF-10 (10 шт/уп),135.0,,,True,,0,99259000,https://dnipro-m.ua/tovar/filtri-bachka-dlya-farbopultiv-sgf-10/
zapchastini-ta-aksesuari-dlya-instrumentiv,Запчастини та аксесуари для інструментів / Аксесуари для інструментів та обладнання / Аксесуари для фарбопультів,Шланг у зборі SF-100,210.0,,,False,,0,19977001,https://dnipro-m.ua/tovar/shlang-u-zbori-sf-100/
zapchastini-ta-aksesuari-dlya-instrumentiv,Запчастини та аксесуари для інструментів / Аксесуари для інструментів та обладнання / Аксесуари для фарбопультів,Бачок до фарбопультів Dnipro-M SGT-600P,237.0,,,True,,0,99260000,https://dnipro-m.ua/tovar/bachok-do-farbopultiv-sgt-600p/
zapchastini-ta-aksesuari-dlya-instrumentiv,Запчастини та аксесуари для інструментів / Аксесуари для інструментів та обладнання / Аксесуари для фарбопультів,Набір форсунок для електричних фарбопультів Dnipro-M,285.0,,,True,4.50,8,41425000,https://dnipro-m.ua/tovar/nabor-forsunok-dlya-elektricheskikh-kraskopultov/
zapchastini-ta-aksesuari-dlya-instrumentiv,Запчастини та аксесуари для інструментів / Аксесуари для інструментів та обладнання / Аксесуари для фарбопультів,Набір для обслуговування електричних фарбопультів Dnipro-M,330.0,,,True,4.14,7,41426000,https://dnipro-m.ua/tovar/nabor-dlya-obsluzhivaniya-elektricheskikh-kraskopultov/
zapchastini-ta-aksesuari-dlya-instrumentiv,Запчастини та аксесуари для інструментів / Аксесуари для інструментів та обладнання / Аксесуари для фарбопультів,Корпус розпилювача у зборі SF-100,360.0,,,False,,0,19612004,https://dnipro-m.ua/tovar/korpus-rozpilyuvacha-u-zbori-sf-100/
zapchastini-ta-aksesuari-dlya-instrumentiv,Запчастини та аксесуари для інструментів / Аксесуари для інструментів та обладнання / Аксесуари для фарбопультів,Комплект форсунки для фарбопультів Dnipro-M SGK-14,468.0,,,True,,0,99258000,https://dnipro-m.ua/tovar/komplekt-forsunki-dlya-farbopultiv-sgk-14/
zapchastini-ta-aksesuari-dlya-instrumentiv,Запчастини та аксесуари для інструментів / Аксесуари для інструментів та обладнання / Аксесуари для шліфмашини,Основа пилозбірника PE-50S/PS-30S,27.0,,,True,,0,49161001,https://dnipro-m.ua/tovar/osnova-pilozbirnika-pe-50sps-30s/
zapchastini-ta-aksesuari-dlya-instrumentiv,Запчастини та аксесуари для інструментів / Аксесуари для інструментів та обладнання / Аксесуари для шліфмашини,Патрон SG-20X,45.0,,,False,,0,97045001,https://dnipro-m.ua/tovar/patron-sg-20x/
zapchastini-ta-aksesuari-dlya-instrumentiv,Запчастини та аксесуари для інструментів / Аксесуари для інструментів та обладнання / Аксесуари для шліфмашини,Мішок пилозбірник WS-225S,120.0,,,False,,0,84086001,https://dnipro-m.ua/tovar/mishok-pilozbirnik-ws-225s/
zapchastini-ta-aksesuari-dlya-instrumentiv,Запчастини та аксесуари для інструментів / Аксесуари для інструментів та обладнання / Аксесуари для шліфмашини,Шланг гофрований 35х2200 мм WS-225S,120.0,,,False,,0,84077002,https://dnipro-m.ua/tovar/shlang-gofrovanij-35kh2200-mm-ws-225s/
zapchastini-ta-aksesuari-dlya-instrumentiv,Запчастини та аксесуари для інструментів / Аксесуари для інструментів та обладнання / Аксесуари для шліфмашини,Підошва до шліфувальної машини Dnipro-M PB-30M,168.0,,,True,5.00,2,21290000,https://dnipro-m.ua/tovar/podoshva-k-shlifovalnoj-mashine-pb-30m/
zapchastini-ta-aksesuari-dlya-instrumentiv,Запчастини та аксесуари для інструментів / Аксесуари для інструментів та обладнання / Аксесуари для шліфмашини,Підошва до шліфувальної машини Dnipro-M PB-128M,207.0,,,False,4.71,14,08449000,https://dnipro-m.ua/tovar/podoshva-k-shlifovalnoj-mashine-pb-128m/
zapchastini-ta-aksesuari-dlya-instrumentiv,Запчастини та аксесуари для інструментів / Аксесуари для інструментів та обладнання / Аксесуари для шліфмашини,Шланг до шліфувальної машини для стін Dnipro-M AH-438DS,228.0,360.0,37,True,,0,16270000-1,https://dnipro-m.ua/tovar/shlang-k-shlifovalnoj-mashine-ah-438ds/
zapchastini-ta-aksesuari-dlya-instrumentiv,Запчастини та аксесуари для інструментів / Аксесуари для інструментів та обладнання / Аксесуари для шліфмашини,Підошва до шліфувальної машини Dnipro-M PE-29S (M),369.0,,,True,,0,83878000,https://dnipro-m.ua/tovar/pidoshva-do-shlifuvalnoyi-mashini-pe-29s-m/
zapchastini-ta-aksesuari-dlya-instrumentiv,Запчастини та аксесуари для інструментів / Аксесуари для інструментів та обладнання / Аксесуари для шліфмашини,Підошва до шліфувальної машини Dnipro-M WS-225S (M),570.0,,,True,5.00,1,83880000,https://dnipro-m.ua/tovar/pidoshva-do-shlifuvalnoyi-mashini-ws-225s-m/
zapchastini-ta-aksesuari-dlya-instrumentiv,Запчастини та аксесуари для інструментів / Аксесуари для інструментів та обладнання / Аксесуари для шліфмашини,Підошва до шліфувальної машини Dnipro-M PE-35 RX (M),699.0,,,False,,0,83879000,https://dnipro-m.ua/tovar/pidoshva-do-shlifuvalnoyi-mashini-pe-35-rx-m/
zapchastini-ta-aksesuari-dlya-instrumentiv,Запчастини та аксесуари для інструментів / Аксесуари для інструментів та обладнання / Аксесуари до будівельного пилососу,Фіксатор кришки VCW-20SA,45.0,,,False,,0,82679008,https://dnipro-m.ua/tovar/fiksator-krishki-vcw-20sa/
zapchastini-ta-aksesuari-dlya-instrumentiv,Запчастини та аксесуари для інструментів / Аксесуари для інструментів та обладнання / Аксесуари до будівельного пилососу,Трубка пластикова VCW-20SA,45.0,,,False,,0,82686004,https://dnipro-m.ua/tovar/trubka-plastikova-vcw-20sa/
zapchastini-ta-aksesuari-dlya-instrumentiv,Запчастини та аксесуари для інструментів / Аксесуари для інструментів та обладнання / Аксесуари до будівельного пилососу,Кріплення колеса VCW-20SA,60.0,,,False,,0,82662005,https://dnipro-m.ua/tovar/kriplennya-kolesa-vcw-20sa/
zapchastini-ta-aksesuari-dlya-instrumentiv,Запчастини та аксесуари для інструментів / Аксесуари для інструментів та обладнання / Аксесуари до будівельного пилососу,Насадка щілинна VCW-20SA,75.0,,,False,,0,82687010,https://dnipro-m.ua/tovar/nasadka-shhilinna-vcw-20sa/
zapchastini-ta-aksesuari-dlya-instrumentiv,Запчастини та аксесуари для інструментів / Аксесуари для інструментів та обладнання / Аксесуари до будівельного пилососу,Фільтр для вологого прибирання Dnipro-M FW-1VC,78.0,,,True,5.00,7,97240000,https://dnipro-m.ua/tovar/filtr-dlya-vlazhnoj-uborki-fw-1vc/
zapchastini-ta-aksesuari-dlya-instrumentiv,Запчастини та аксесуари для інструментів / Аксесуари для інструментів та обладнання / Аксесуари до будівельного пилососу,Фільтр Sponge Dnipro-M FW-2VC,78.0,114.0,32,True,,0,08113000-1,https://dnipro-m.ua/tovar/filtr-sponge-fw-2vc-210-mm/
zapchastini-ta-aksesuari-dlya-instrumentiv,Запчастини та аксесуари для інструментів / Аксесуари для інструментів та обладнання / Аксесуари до будівельного пилососу,Мішок для пилу паперовий Dnipro-M DP-2CVC,78.0,126.0,38,False,3.82,11,49982000-1,https://dnipro-m.ua/tovar/meshok-dlya-pyli-bumazhnyj-dp-2cvc/
zapchastini-ta-aksesuari-dlya-instrumentiv,Запчастини та аксесуари для інструментів / Аксесуари для інструментів та обладнання / Аксесуари до будівельного пилососу,Насадка для важкодоступних місць Dnipro-M D32,87.0,,,False,4.56,9,41736000,https://dnipro-m.ua/tovar/nasadka-dlya-trudnodostupnykh-mest-d32/
zapchastini-ta-aksesuari-dlya-instrumentiv,Запчастини та аксесуари для інструментів / Аксесуари для інструментів та обладнання / Аксесуари до будівельного пилососу,Фільтр-сітка Dnipro-M для HEPA фільтра для DVA-200BC,99.0,,,True,5.00,2,84479000,https://dnipro-m.ua/tovar/filtr-sitka-dlya-hepa-filtra-dlya-dva-200bc/
zapchastini-ta-aksesuari-dlya-instrumentiv,Запчастини та аксесуари для інструментів / Аксесуари для інструментів та обладнання / Аксесуари до будівельного пилососу,Фільтр для вологого прибирання Dnipro-M для DVC-200BC ULTRA,99.0,,,True,,0,84217000,https://dnipro-m.ua/tovar/filtr-dlya-vologogo-pribirannya-dlya-dvc-200bc-ultra/
zapchastini-ta-aksesuari-dlya-instrumentiv,Запчастини та аксесуари для інструментів / Аксесуари для інструментів та обладнання / Аксесуари до будівельного пилососу,Паперовий одноразовий фільтр-мішок Dnipro-M 30л,99.0,162.0,39,False,4.07,14,41739000-1,https://dnipro-m.ua/tovar/bumazhnyj-odnorazovyj-filtr-meshok-30l/
zapchastini-ta-aksesuari-dlya-instrumentiv,Запчастини та аксесуари для інструментів / Аксесуари для інструментів та обладнання / Аксесуари до будівельного пилососу,Фільтр повітряний FH-1VC,120.0,,,False,,0,82672003,https://dnipro-m.ua/tovar/filtr-povitryanij-fh-1vc/
zapchastini-ta-aksesuari-dlya-instrumentiv,Запчастини та аксесуари для інструментів / Аксесуари для інструментів та обладнання / Аксесуари до будівельного пилососу,Фільтр НЕРА Dnipro-M для VC-10BC,129.0,,,True,,0,78046000,https://dnipro-m.ua/tovar/filtr-hepa-dlya-vc-10bc/
zapchastini-ta-aksesuari-dlya-instrumentiv,Запчастини та аксесуари для інструментів / Аксесуари для інструментів та обладнання / Аксесуари до будівельного пилососу,Фільтр HEPA Dnipro-M FH-1VCС,138.0,270.0,49,True,5.00,7,08100000-1,https://dnipro-m.ua/tovar/filtr-hepa-fh-1vcs-218-mm/
zapchastini-ta-aksesuari-dlya-instrumentiv,Запчастини та аксесуари для інструментів / Аксесуари для інструментів та обладнання / Аксесуари до будівельного пилососу,Одноразовий мішок Dnipro-M DC-20SB,150.0,,,True,5.00,4,99563000,https://dnipro-m.ua/tovar/odnorazovij-mishok-dc-20sb/
zapchastini-ta-aksesuari-dlya-instrumentiv,Запчастини та аксесуари для інструментів / Аксесуари для інструментів та обладнання / Аксесуари до будівельного пилососу,Фільтр НЕРА Dnipro-M для DVA-200BС,150.0,,,True,4.25,4,84478000,https://dnipro-m.ua/tovar/filtr-hepa-dlya-dva-200bs/
zapchastini-ta-aksesuari-dlya-instrumentiv,Запчастини та аксесуари для інструментів / Аксесуари для інструментів та обладнання / Аксесуари до будівельного пилососу,Одноразовий мішок Dnipro-M DC-30SB,159.0,,,True,4.20,10,99564000,https://dnipro-m.ua/tovar/odnorazovij-mishok-dc-30sb/
zapchastini-ta-aksesuari-dlya-instrumentiv,Запчастини та аксесуари для інструментів / Аксесуари для інструментів та обладнання / Аксесуари до будівельного пилососу,Фільтр повітряний VCW-35SA,165.0,,,True,,0,82672009,https://dnipro-m.ua/tovar/filtr-povitryanij-vcw-35sa/
zapchastini-ta-aksesuari-dlya-instrumentiv,Запчастини та аксесуари для інструментів / Аксесуари для інструментів та обладнання / Аксесуари до будівельного пилососу,Трубка пластикова Dnipro-M D32,168.0,,,True,5.00,3,41741000,https://dnipro-m.ua/tovar/trubka-plastikovaya-d32/
zapchastini-ta-aksesuari-dlya-instrumentiv,Запчастини та аксесуари для інструментів / Аксесуари для інструментів та обладнання / Аксесуари до будівельного пилососу,Конектор для підключення електроінструменту Dnipro-M,180.0,,,True,4.40,5,41740000,https://dnipro-m.ua/tovar/konnektor-dlya-podklyucheniya-elektroinstrumenta/
zapchastini-ta-aksesuari-dlya-instrumentiv,Запчастини та аксесуари для інструментів / Аксесуари для інструментів та обладнання / Аксесуари до будівельного пилососу,Текстильний фільтр-мішок Dnipro-M для DVC-200BC ULTRA,240.0,,,True,5.00,2,84218000,https://dnipro-m.ua/tovar/tekstilnij-filtr-mishok-dlya-dvc-200bc-ultra/
zapchastini-ta-aksesuari-dlya-instrumentiv,Запчастини та аксесуари для інструментів / Аксесуари для інструментів та обладнання / Аксесуари до будівельного пилососу,Передфільтр для VCW-20SA Dnipro-M,258.0,,,False,5.00,6,41742000,https://dnipro-m.ua/tovar/predfiltr-dlya-vcw-20sa/
zapchastini-ta-aksesuari-dlya-instrumentiv,Запчастини та аксесуари для інструментів / Аксесуари для інструментів та обладнання / Аксесуари до будівельного пилососу,Мішок для пилу текстильний Dnipro-M DP-1TVC,297.0,,,False,4.42,62,49980000,https://dnipro-m.ua/tovar/meshok-dlya-pyli-tekstilevyj-dp-1tvc/
zapchastini-ta-aksesuari-dlya-instrumentiv,Запчастини та аксесуари для інструментів / Аксесуари для інструментів та обладнання / Аксесуари до будівельного пилососу,Насадка для збору сухого сміття та рідини Dnipro-M D32,297.0,,,False,5.00,7,41735000,https://dnipro-m.ua/tovar/nasadka-dlya-sbora-sukhogo-musora-i-zhidkosti-d32/
zapchastini-ta-aksesuari-dlya-instrumentiv,Запчастини та аксесуари для інструментів / Аксесуари для інструментів та обладнання / Аксесуари до будівельного пилососу,Фільтр HEPA Dnipro-M для DVC-200BC ULTRA,399.0,,,True,5.00,1,84216000,https://dnipro-m.ua/tovar/filtr-hepa-dlya-dvc-200bc-ultra/
zapchastini-ta-aksesuari-dlya-instrumentiv,Запчастини та аксесуари для інструментів / Аксесуари для інструментів та обладнання / Аксесуари до будівельного пилососу,Шланг 3м AH-3VC,480.0,,,False,,0,82685001,https://dnipro-m.ua/tovar/shlang-3m-ah-3vc/
zapchastini-ta-aksesuari-dlya-instrumentiv,Запчастини та аксесуари для інструментів / Аксесуари для інструментів та обладнання / Аксесуари до будівельного пилососу,Шланг 3 м для VCW-20SA Dnipro-M,558.0,,,True,4.00,4,41738000,https://dnipro-m.ua/tovar/shlang-3-m-dlya-vcw-20sa/
zapchastini-ta-aksesuari-dlya-instrumentiv,Запчастини та аксесуари для інструментів / Аксесуари для інструментів та обладнання / Аксесуари до будівельного пилососу,Фільтр НЕРА для VCW-20SA Dnipro-M,699.0,,,True,4.13,8,41737000,https://dnipro-m.ua/tovar/filtr-nera-dlya-vcw-20sa/
zapchastini-ta-aksesuari-dlya-instrumentiv,Запчастини та аксесуари для інструментів / Аксесуари для інструментів та обладнання / Аксесуари до будівельного пилососу,Фільтр HEPA для VCW-30SA Autoclean Dnipro-M,798.0,,,False,4.50,4,52479000,https://dnipro-m.ua/tovar/filtr-hepa-dlya-vcw-30sa-autoclean/
zapchastini-ta-aksesuari-dlya-instrumentiv,Запчастини та аксесуари для інструментів / Аксесуари для інструментів та обладнання / Аксесуари до будівельного пилососу,Шланг 3 м для VCW-30SA Autoclean Dnipro-M,894.0,,,True,5.00,5,52480000,https://dnipro-m.ua/tovar/shlang-3-m-dlya-vcw-30sa-autoclean/
zapchastini-ta-aksesuari-dlya-instrumentiv,Запчастини та аксесуари для інструментів / Аксесуари для інструментів та обладнання / Аксесуари до фрезера,Цанги для фрезера Dnipro-M ER-210LX / ER-160S,189.0,,,True,5.00,3,41427000,https://dnipro-m.ua/tovar/czanga-dlya-frezera-er-210lx-er-160s/
zapchastini-ta-aksesuari-dlya-instrumentiv,Запчастини та аксесуари для інструментів / Аксесуари для інструментів та обладнання / Аксесуари до фрезера,Цанги для фрезера Dnipro-M ER-120S,210.0,408.0,49,False,5.00,3,41549000-1,https://dnipro-m.ua/tovar/czanga-dlya-frezera-er-120s/
zapchastini-ta-aksesuari-dlya-instrumentiv,Запчастини та аксесуари для інструментів / Аксесуари для інструментів та обладнання / Аксесуари до фрезера,Цанги для фрезера Dnipro-M ER-70S,264.0,,,True,4.00,14,41429000,https://dnipro-m.ua/tovar/czanga-dlya-frezera-er-70s/
zapchastini-ta-aksesuari-dlya-instrumentiv,Запчастини та аксесуари для інструментів / Аксесуари для інструментів та обладнання / Аксесуари до фрезера,Цангові втулки для фрезерів Dnipro-M ER-210LX / ER-160S,294.0,,,True,5.00,5,41428000,https://dnipro-m.ua/tovar/czangovye-vtulki-dlya-frezerov-er-210lx-er-160s/
zapchastini-ta-aksesuari-dlya-instrumentiv,Запчастини та аксесуари для інструментів / Аксесуари для інструментів та обладнання / Аксесуари до фрезера,База до багатофункціонального фрезера Dnipro-M RB-7N,630.0,,,False,4.17,6,08467001,https://dnipro-m.ua/tovar/baza-k-mnogofunkczionalnomu-frezeru-rb-7n/
zapchastini-ta-aksesuari-dlya-instrumentiv,Запчастини та аксесуари для інструментів / Аксесуари для інструментів та обладнання / Аксесуари до фрезера,База до багатофункціонального фрезера Dnipro-M RB-7KR,639.0,939.0,32,False,3.17,6,08467002-1,https://dnipro-m.ua/tovar/baza-k-mnogofunkczionalnomu-frezeru-rb-7kr/
zapchastini-ta-aksesuari-dlya-instrumentiv,Запчастини та аксесуари для інструментів / Аксесуари для інструментів та обладнання / Аксесуари до фрезера,Набір копіювальних втулок для фрезера Dnipro-M 8 шт.,810.0,1734.0,53,True,4.45,20,41567000-1,https://dnipro-m.ua/tovar/nabor-kopirovalnykh-vtulok-dlya-frezera-8-sht/
zapchastini-ta-aksesuari-dlya-instrumentiv,Запчастини та аксесуари для інструментів / Аксесуари для інструментів та обладнання / Аксесуари до фрезера,База до багатофункціонального фрезера Dnipro-M RB-7P,900.0,1998.0,55,False,4.37,19,08467003-2,https://dnipro-m.ua/tovar/baza-k-mnogofunkczionalnomu-frezeru-rb-7p/
zapchastini-ta-aksesuari-dlya-instrumentiv,Запчастини та аксесуари для інструментів / Аксесуари для інструментів та обладнання / Аксесуари до шуруповерта,Патрон TD-42,150.0,,,True,,0,49179002,https://dnipro-m.ua/tovar/patron-td-42/
zapchastini-ta-aksesuari-dlya-instrumentiv,Запчастини та аксесуари для інструментів / Аксесуари для інструментів та обладнання / Аксесуари до шуруповерта,Вимикач мережевий TD-30,180.0,,,True,,0,69576001,https://dnipro-m.ua/tovar/vimikach-merezhevij-td-30/
zapchastini-ta-aksesuari-dlya-instrumentiv,Запчастини та аксесуари для інструментів / Аксесуари для інструментів та обладнання / Аксесуари до шуруповерта,Комплект лез для насадки-ножиць Dnipro-M TR-5,222.0,375.0,41,True,5.00,5,98937000-1,https://dnipro-m.ua/tovar/komplekt-lezvij-dlya-nasadki-nozhnicz-tr-5/
zapchastini-ta-aksesuari-dlya-instrumentiv,Запчастини та аксесуари для інструментів / Аксесуари для інструментів та обладнання / Аксесуари до шуруповерта,Патрон для шуруповерта CD-218,300.0,,,False,,0,97446006,https://dnipro-m.ua/tovar/patron-dlya-shurupoverta-cd-218/
zapchastini-ta-aksesuari-dlya-instrumentiv,Запчастини та аксесуари для інструментів / Аксесуари для інструментів та обладнання / Аксесуари до шуруповерта,Патрон для шуруповерта CD-12C Compact,300.0,,,False,,0,97446004,https://dnipro-m.ua/tovar/patron-dlya-shurupoverta-cd-12c-compact/
zapchastini-ta-aksesuari-dlya-instrumentiv,Запчастини та аксесуари для інструментів / Аксесуари для інструментів та обладнання / Аксесуари до шуруповерта,Швидкозатискний патрон Dnipro-M KC-65,366.0,,,True,4.59,37,98935000,https://dnipro-m.ua/tovar/bystrozazhimnoj-patron-kc-65/
zapchastini-ta-aksesuari-dlya-instrumentiv,Запчастини та аксесуари для інструментів / Аксесуари для інструментів та обладнання / Аксесуари до шуруповерта,Кутова насадка Dnipro-M QC-18A,480.0,,,True,5.00,5,54855000,https://dnipro-m.ua/tovar/kutova-nasadka-qc-18a/
zapchastini-ta-aksesuari-dlya-instrumentiv,Запчастини та аксесуари для інструментів / Аксесуари для інструментів та обладнання / Аксесуари до шуруповерта,Насадка для шуруповерта Dnipro-M QC-18H,480.0,,,True,4.20,10,54858000,https://dnipro-m.ua/tovar/nasadka-dlya-shurupoverta-qc-18h/
zapchastini-ta-aksesuari-dlya-instrumentiv,Запчастини та аксесуари для інструментів / Аксесуари для інструментів та обладнання / Аксесуари до шуруповерта,Магнітний браслет Dnipro-M МВ-8,480.0,,,True,4.35,26,20740000,https://dnipro-m.ua/tovar/magnitnyj-braslet-mv-8/
zapchastini-ta-aksesuari-dlya-instrumentiv,Запчастини та аксесуари для інструментів / Аксесуари для інструментів та обладнання / Аксесуари до шуруповерта,Ексцентрикова насадка Dnipro-M QC-18E,480.0,,,True,4.80,5,54856000,https://dnipro-m.ua/tovar/ekscentrikova-nasadka-qc-18e/
zapchastini-ta-aksesuari-dlya-instrumentiv,Запчастини та аксесуари для інструментів / Аксесуари для інструментів та обладнання / Аксесуари до шуруповерта,Насадка для шуруповерта Dnipro-M QC-18D,579.0,,,True,4.69,35,82367000,https://dnipro-m.ua/tovar/nasadka-dlya-shurupoverta-qc-18d/
zapchastini-ta-aksesuari-dlya-instrumentiv,Запчастини та аксесуари для інструментів / Аксесуари для інструментів та обладнання / Аксесуари до шуруповерта,Насадка для шуруповерта Dnipro-M QC-18А,630.0,,,True,4.27,45,82366000,https://dnipro-m.ua/tovar/nasadka-dlya-shurupoverta-qc-18a/
zapchastini-ta-aksesuari-dlya-instrumentiv,Запчастини та аксесуари для інструментів / Аксесуари для інструментів та обладнання / Аксесуари до шуруповерта,Стрічкова насадка для шуруповерта Dnipro-M SA-55,900.0,2499.0,64,False,4.58,26,17767000-2,https://dnipro-m.ua/tovar/lentochnaya-nasadka-dlya-shurupovyorta-sa-55/
zapchastini-ta-aksesuari-dlya-instrumentiv,Запчастини та аксесуари для інструментів / Аксесуари для інструментів та обладнання / Аксесуари монтажника,Підтяжки для пояса монтажника Dnipro-M LB-5,348.0,750.0,54,False,5.00,8,22945000-1,https://dnipro-m.ua/tovar/podtyazhki-dlya-poyasa-montazhnika-lb-5/
zapchastini-ta-aksesuari-dlya-instrumentiv,Запчастини та аксесуари для інструментів / Аксесуари для інструментів та обладнання / Аксесуари монтажника,Кобура для дриля-шуруповерта Dnipro-M LB-2,378.0,,,True,4.56,43,15411000,https://dnipro-m.ua/tovar/kobura-dlya-dreli-shurupoverta-lb-2/
zapchastini-ta-aksesuari-dlya-instrumentiv,Запчастини та аксесуари для інструментів / Аксесуари для інструментів та обладнання / Аксесуари монтажника,Тримач ручного інструменту на пояс Dnipro-M LB-4,420.0,618.0,32,False,3.48,21,15413000-1,https://dnipro-m.ua/tovar/derzhatel-ruchnogo-instrumenta-na-poyas-lb-4/
zapchastini-ta-aksesuari-dlya-instrumentiv,Запчастини та аксесуари для інструментів / Аксесуари для інструментів та обладнання / Аксесуари монтажника,"Пояс монтажника Dnipro-M LB-1, 3 в 1",960.0,1680.0,43,False,4.48,63,15410000-1,https://dnipro-m.ua/tovar/poyas-montazhnika-lb-1/
zapchastini-ta-aksesuari-dlya-instrumentiv,Запчастини та аксесуари для інструментів / Аксесуари для інструментів та обладнання / Насадки для паяльника,Насадка для паяльника Dnipro-M PWS-232,75.0,126.0,40,True,5.00,1,17882003-1,https://dnipro-m.ua/tovar/nasadka-dlya-payalnika-pws-232/
zapchastini-ta-aksesuari-dlya-instrumentiv,Запчастини та аксесуари для інструментів / Аксесуари для інструментів та обладнання / Насадки для паяльника,Насадка для паяльника Dnipro-M PWS-263,99.0,192.0,48,True,5.00,1,17882006-1,https://dnipro-m.ua/tovar/nasadka-dlya-payalnika-pws-263/
zapchastini-ta-aksesuari-dlya-instrumentiv,Запчастини та аксесуари для інструментів / Аксесуари для інструментів та обладнання / Насадки для паяльника,Насадка для паяльника Dnipro-M PWS-240,99.0,135.0,27,False,4.00,2,17882004-1,https://dnipro-m.ua/tovar/nasadka-dlya-payalnika-pws-240/
zapchastini-ta-aksesuari-dlya-instrumentiv,Запчастини та аксесуари для інструментів / Аксесуари для інструментів та обладнання / Насадки для паяльника,Насадка для паяльника Dnipro-M PWS-250,120.0,183.0,34,False,3.00,4,17882005-1,https://dnipro-m.ua/tovar/nasadka-dlya-payalnika-pws-250/
zapchastini-ta-aksesuari-dlya-instrumentiv,Запчастини та аксесуари для інструментів / Аксесуари для інструментів та обладнання / Насадки для паяльника,Насадка для паяльника Dnipro-M PWS-332,168.0,249.0,33,False,5.00,1,17882009-1,https://dnipro-m.ua/tovar/nasadka-dlya-payalnika-pws-332/
zapchastini-ta-aksesuari-dlya-instrumentiv,Запчастини та аксесуари для інструментів / Аксесуари для інструментів та обладнання / Пиловідводи,Щітки кожуха відведення пилу Dnipro-M G125,144.0,,,True,5.00,1,41452000,https://dnipro-m.ua/tovar/shitki-kozuha-vidvedenna-pilu-g125/
zapchastini-ta-aksesuari-dlya-instrumentiv,Запчастини та аксесуари для інструментів / Аксесуари для інструментів та обладнання / Пиловідводи,Пиловідвід для свердління Dnipro-M DP-16,333.0,540.0,38,False,4.88,16,82405000-1,https://dnipro-m.ua/tovar/pyleotvod-dlya-sverleniya-dp-16/
zapchastini-ta-aksesuari-dlya-instrumentiv,Запчастини та аксесуари для інструментів / Аксесуари для інструментів та обладнання / Пиловідводи,"Пиловловлювач для свердління Dnipro-M DT-2, 68 мм",360.0,765.0,53,False,4.17,6,41450000-1,https://dnipro-m.ua/tovar/pyleulavlivatel-dlya-sverleniya-dt-2/
zapchastini-ta-aksesuari-dlya-instrumentiv,Запчастини та аксесуари для інструментів / Аксесуари для інструментів та обладнання / Пиловідводи,"Пиловловлювач для свердління Dnipro-M DT-1, 16 мм",546.0,,,False,4.50,6,41451000,https://dnipro-m.ua/tovar/pyleulavlivatel-dlya-sverleniya-dt-1/
zapchastini-ta-aksesuari-dlya-instrumentiv,Запчастини та аксесуари для інструментів / Аксесуари для інструментів та обладнання / Пиловідводи,Кожух для відведення пилу Dnipro-M G125 для шліфування,900.0,,,False,4.62,58,41446000,https://dnipro-m.ua/tovar/kozuh-dla-vidvedenna-pilu-g125/
zapchastini-ta-aksesuari-dlya-instrumentiv,Запчастини та аксесуари для інструментів / Аксесуари для інструментів та обладнання / Пиловідводи,"Кожух для відведення пилу Dnipro-M V125, для різу",945.0,,,False,4.23,40,41447000,https://dnipro-m.ua/tovar/kozhukh-dlya-otvedeniya-pyli-v125-dlya-reza/
zapchastini-ta-aksesuari-dlya-instrumentiv,Запчастини та аксесуари для інструментів / Аксесуари для інструментів та обладнання / Пиловідводи,"Кожух для відведення пилу Dnipro-M W125, для штроб",1329.0,,,False,4.50,72,41449000,https://dnipro-m.ua/tovar/kozhukh-dlya-otvedeniya-pyli-w125-dlya-shtrob/
zapchastini-ta-aksesuari-dlya-instrumentiv,Запчастини та аксесуари для інструментів / Аксесуари для інструментів та обладнання / Пиловідводи,"Кожух для відведення пилу Dnipro-M V230, для різу",1740.0,2595.0,33,False,4.38,16,41448000-1,https://dnipro-m.ua/tovar/kozhukh-dlya-otvedeniya-pyli-v230-dlya-reza/
zapchastini-ta-aksesuari-dlya-instrumentiv,Запчастини та аксесуари для інструментів / Аксесуари до роботів-газонокосарок,Комплект ножів для робот-газонокосарки Sunseeker 12 шт,,,,False,,0,74383000,https://dnipro-m.ua/tovar/komplekt-nozhiv-dlya-robot-gazonokosarki-sunseeker-12-sht/
zapchastini-ta-aksesuari-dlya-instrumentiv,Запчастини та аксесуари для інструментів / Аксесуари до роботів-газонокосарок,Комплект ножів для робот-газонокосарки Suntek 12 шт,1200.0,,,True,,0,74381000,https://dnipro-m.ua/tovar/komplekt-nozhiv-dlya-robot-gazonokosarki-suntek-12-sht/
zapchastini-ta-aksesuari-dlya-instrumentiv,Запчастини та аксесуари для інструментів / Аксесуари до роботів-газонокосарок,Гараж для робот-газонокосарки Suntek SRM2030,3750.0,,,True,,0,74382000,https://dnipro-m.ua/tovar/garazh-dlya-robot-gazonokosarki-suntek-srm2030/
zapchastini-ta-aksesuari-dlya-instrumentiv,Запчастини та аксесуари для інструментів / Графітові щітки,Комплект щіток графітових 5х8х19 мм,36.0,,,True,5.00,1,49569011,https://dnipro-m.ua/tovar/komplekt-shitok-grafitovih-5h8h19-mm/
zapchastini-ta-aksesuari-dlya-instrumentiv,Запчастини та аксесуари для інструментів / Графітові щітки,Комплект щіток графітових 5х11х19 мм,36.0,,,True,,0,49569097,https://dnipro-m.ua/tovar/komplekt-shitok-grafitovih-5h11h19-mm/
zapchastini-ta-aksesuari-dlya-instrumentiv,Запчастини та аксесуари для інструментів / Графітові щітки,Комплект щіток графітових 5х9х18 мм,36.0,,,True,4.00,4,49569095,https://dnipro-m.ua/tovar/komplekt-shitok-grafitovih-5h9h18-mm/
zapchastini-ta-aksesuari-dlya-instrumentiv,Запчастини та аксесуари для інструментів / Графітові щітки,"Комплект щіток графітових 5х8,8х10 мм пружина, паз",36.0,,,False,,0,49569002,https://dnipro-m.ua/tovar/komplekt-shitok-grafitovih-5h8-8h10-mm-pruzina-paz/
zapchastini-ta-aksesuari-dlya-instrumentiv,Запчастини та аксесуари для інструментів / Графітові щітки,"Комплект щіток графітових 6,5х7,5х22 мм",45.0,,,True,,0,49569092,https://dnipro-m.ua/tovar/komplekt-shitok-grafitovih-6-5h7-5h22-mm/
zapchastini-ta-aksesuari-dlya-instrumentiv,Запчастини та аксесуари для інструментів / Графітові щітки,"Комплект щіток графітових 6,5 х7,5х14 мм пружина",45.0,,,False,,0,49569019,https://dnipro-m.ua/tovar/komplekt-shitok-grafitovih-6-5-h7-5h14-mm-pruzina/
zapchastini-ta-aksesuari-dlya-instrumentiv,Запчастини та аксесуари для інструментів / Графітові щітки,Комплект щіток графітових 5х8х12 мм пружина,45.0,,,False,5.00,2,49569007,https://dnipro-m.ua/tovar/komplekt-shitok-grafitovih-5h8h12-mm-pruzina/
zapchastini-ta-aksesuari-dlya-instrumentiv,Запчастини та аксесуари для інструментів / Графітові щітки,"Щітки комплект 5,5x11x14 GS-120/140SE",52.0,,,True,,0,49569032,https://dnipro-m.ua/tovar/shhitki-komplekt-55x11x14-gs-120140se/
zapchastini-ta-aksesuari-dlya-instrumentiv,Запчастини та аксесуари для інструментів / Графітові щітки,Комплект щіток графітових 6х9х14 мм,60.0,,,False,5.00,1,49569026,https://dnipro-m.ua/tovar/komplekt-shitok-grafitovih-6h9h-14-mm/
zapchastini-ta-aksesuari-dlya-instrumentiv,Запчастини та аксесуари для інструментів / Графітові щітки,Комплект щіток графітових 6х9х14 мм,60.0,,,False,5.00,1,49569025,https://dnipro-m.ua/tovar/komplekt-shitok-grafitovih-6h9h14-mm/
zapchastini-ta-aksesuari-dlya-instrumentiv,Запчастини та аксесуари для інструментів / Графітові щітки,"Щітки комплект 5х8х12 PE-40S, 50S/PS-30S",60.0,,,False,,0,49569006,https://dnipro-m.ua/tovar/shhitki-komplekt-5x8x12-pe-40s-50sps-30s/
zapchastini-ta-aksesuari-dlya-instrumentiv,Запчастини та аксесуари для інструментів / Графітові щітки,Комплект щіток графітових 6х11х16 мм,60.0,,,False,,0,49569053,https://dnipro-m.ua/tovar/komplekt-shitok-grafitovih-6h11h16-mm/
zapchastini-ta-aksesuari-dlya-instrumentiv,Запчастини та аксесуари для інструментів / Графітові щітки,"Комплект щіток графітових 5,5х11х14 мм",60.0,,,False,5.00,1,49569052,https://dnipro-m.ua/tovar/komplekt-shitok-grafitovih-5-5h11h14-mm/
zapchastini-ta-aksesuari-dlya-instrumentiv,Запчастини та аксесуари для інструментів / Графітові щітки,"Комплект щіток графітових 6,5х11х20 мм",60.0,,,True,,0,49569093,https://dnipro-m.ua/tovar/komplekt-shitok-grafitovih-6-5h11h20-mm/
zapchastini-ta-aksesuari-dlya-instrumentiv,Запчастини та аксесуари для інструментів / Графітові щітки,Комплект щіток графітових 7х11х14 мм пружина,60.0,,,False,5.00,5,49569041,https://dnipro-m.ua/tovar/komplekt-shitok-grafitovih-7h11h14-mm-pruzina/
zapchastini-ta-aksesuari-dlya-instrumentiv,Запчастини та аксесуари для інструментів / Графітові щітки,Комплект щіток графітових 5х10х18 мм без контакту,60.0,,,True,,0,49569015,https://dnipro-m.ua/tovar/komplekt-shitok-grafitovih-5h10h18-mm-bez-kontaktu/
zapchastini-ta-aksesuari-dlya-instrumentiv,Запчастини та аксесуари для інструментів / Графітові щітки,"Комплект щіток графітових 5х8х12 мм пружина, круглий контакт",60.0,,,False,5.00,1,49569003,https://dnipro-m.ua/tovar/komplekt-shitok-grafitovih-5h8h12-mm-pruzina-kruglij-kontakt/
zapchastini-ta-aksesuari-dlya-instrumentiv,Запчастини та аксесуари для інструментів / Графітові щітки,"Щітки комплект 6х13,5х15 DSE-24DS",60.0,,,False,,0,49569056,https://dnipro-m.ua/tovar/shhitki-komplekt-6x135x15-dse-24ds/
zapchastini-ta-aksesuari-dlya-instrumentiv,Запчастини та аксесуари для інструментів / Графітові щітки,Щітки комплект DSE-22S,60.0,,,False,,0,49569087,https://dnipro-m.ua/tovar/shhitki-komplekt-dse-22s/
zapchastini-ta-aksesuari-dlya-instrumentiv,Запчастини та аксесуари для інструментів / Графітові щітки,Комплект щіток графітових 7х11х20 мм,69.0,,,True,,0,49569058,https://dnipro-m.ua/tovar/komplekt-shitok-grafitovih-7h11h20-mm/
zapchastini-ta-aksesuari-dlya-instrumentiv,Запчастини та аксесуари для інструментів / Графітові щітки,Комплект щіток графітових 7х17х18 мм пружина,69.0,,,True,5.00,1,49569046,https://dnipro-m.ua/tovar/komplekt-shitok-grafitovih-7h17h18-mm-pruzina/
zapchastini-ta-aksesuari-dlya-instrumentiv,Запчастини та аксесуари для інструментів / Графітові щітки,"Комплект щіток графітових 7х11х14 мм пружина, паз",72.0,,,False,4.00,4,49569040,https://dnipro-m.ua/tovar/komplekt-shitok-grafitovih-7h11h14-mm-pruzina-paz/
zapchastini-ta-aksesuari-dlya-instrumentiv,Запчастини та аксесуари для інструментів / Графітові щітки,Комплект щіток графітових 6х9х11 мм пружина,75.0,,,False,5.00,3,49569022,https://dnipro-m.ua/tovar/komplekt-shitok-grafitovih-6h9h11-mm-pruzina/
zapchastini-ta-aksesuari-dlya-instrumentiv,Запчастини та аксесуари для інструментів / Графітові щітки,"Комплект щіток графітових 6х8,8х10 мм пружина, паз",75.0,,,False,,0,49569094,https://dnipro-m.ua/tovar/komplekt-shitok-grafitovih-6h8-8h10-mm-pruzina-paz/
zapchastini-ta-aksesuari-dlya-instrumentiv,Запчастини та аксесуари для інструментів / Графітові щітки,"Щітки комплект 7х11х15,8 CS-185",78.0,,,True,,0,49569042,https://dnipro-m.ua/tovar/shhitki-komplekt-7x11x158-cs-185/
zapchastini-ta-aksesuari-dlya-instrumentiv,Запчастини та аксесуари для інструментів / Графітові щітки,Комплект щіток графітових 6х9х15 мм,81.0,,,False,,0,49569096,https://dnipro-m.ua/tovar/komplekt-shitok-grafitovih-6h9h15-mm/
zapchastini-ta-aksesuari-dlya-instrumentiv,Запчастини та аксесуари для інструментів / Графітові щітки,Комплект щіток графітових 7х11х18 мм,90.0,,,False,,0,49569044,https://dnipro-m.ua/tovar/komplekt-shitok-grafitovih-7h11h18-mm/
zapchastini-ta-aksesuari-dlya-instrumentiv,Запчастини та аксесуари для інструментів / Графітові щітки,Комплект щіток графітових 7х11х21 мм,90.0,,,True,,0,49569059,https://dnipro-m.ua/tovar/komplekt-shitok-grafitovih-7h11h21-mm/
zapchastini-ta-aksesuari-dlya-instrumentiv,Запчастини та аксесуари для інструментів / Графітові щітки,"Комплект щіток графітових 7,5х16х20 мм",120.0,,,True,,0,49569073,https://dnipro-m.ua/tovar/komplekt-shitok-grafitovih-7-5h16h20-mm/
zapchastini-ta-aksesuari-dlya-instrumentiv,Запчастини та аксесуари для інструментів / Графітові щітки,"Комплект щіток графітових 7х17х24,5 мм",120.0,,,True,,0,49569060,https://dnipro-m.ua/tovar/komplekt-shitok-grafitovih-5h17h24-5-mm/
zapchastini-ta-aksesuari-dlya-instrumentiv,Запчастини та аксесуари для інструментів / Графітові щітки,"Щітки комплект 6,5х15х16,5 SL-31L/26L",120.0,,,False,,0,49569082,https://dnipro-m.ua/tovar/shhitki-komplekt-65x15x165-sl-31l26l/
zapchastini-ta-aksesuari-dlya-instrumentiv,Запчастини та аксесуари для інструментів / Графітові щітки,Щітки комплект 5х10х16 HD-120/120M,135.0,,,False,,0,49569014,https://dnipro-m.ua/tovar/shhitki-komplekt-5x10x16-hd-120120m/
zapchastini-ta-aksesuari-dlya-instrumentiv,Запчастини та аксесуари для інструментів / Графітові щітки,"Комплект щіток графітових 6х16х21,5 мм",150.0,,,False,5.00,3,49569038,https://dnipro-m.ua/tovar/komplekt-shitok-grafitovih-6h6h21-5-mm/
zapchastini-ta-aksesuari-dlya-instrumentiv,Запчастини та аксесуари для інструментів / Графітові щітки,"Щітки комплект 7х18х18,1 CM-35/СM-35X ULTRA",165.0,,,False,,0,49569079,https://dnipro-m.ua/tovar/shhitki-komplekt-7x18x181-cm-35sm-35x-ultra/
zapchastini-ta-aksesuari-dlya-instrumentiv,Запчастини та аксесуари для інструментів / Запчастини для акумуляторного інструменту,Цанга гравера Dnipro-M MG-12,21.0,,,False,,0,58960001,https://dnipro-m.ua/tovar/czanga-gravera-mg-12/
zapchastini-ta-aksesuari-dlya-instrumentiv,Запчастини та аксесуари для інструментів / Запчастини для акумуляторного інструменту,Скоба на ремінь Dnipro-M CD-12C Compact,30.0,,,False,,0,97452005,https://dnipro-m.ua/tovar/skoba-na-remin-cd-12c-compact/
zapchastini-ta-aksesuari-dlya-instrumentiv,Запчастини та аксесуари для інструментів / Запчастини для акумуляторного інструменту,Заклепка котушки DTC-200,45.0,,,True,,0,58986001,https://dnipro-m.ua/tovar/zaklepka-kotushki-dtc-200/
zapchastini-ta-aksesuari-dlya-instrumentiv,Запчастини та аксесуари для інструментів / Запчастини для акумуляторного інструменту,Шайба опорна Dnipro-M DGA-200,45.0,,,False,,0,97581001,https://dnipro-m.ua/tovar/shajba-oporna-dga-200/
zapchastini-ta-aksesuari-dlya-instrumentiv,Запчастини та аксесуари для інструментів / Запчастини для акумуляторного інструменту,Корпус частина верхня BP-125,60.0,,,True,,0,16983007,https://dnipro-m.ua/tovar/korpus-chastina-verkhnya-bp-125/
zapchastini-ta-aksesuari-dlya-instrumentiv,Запчастини та аксесуари для інструментів / Запчастини для акумуляторного інструменту,Корпус акумулятора,60.0,,,False,,0,16983008,https://dnipro-m.ua/tovar/korpus-akumulyatora/
zapchastini-ta-aksesuari-dlya-instrumentiv,Запчастини та аксесуари для інструментів / Запчастини для акумуляторного інструменту,Шланг гофрований DVC-200BC ULTRA,60.0,,,False,,0,84037001,https://dnipro-m.ua/tovar/shlang-gofrovanij-dvc-200bc-ultra/
zapchastini-ta-aksesuari-dlya-instrumentiv,Запчастини та аксесуари для інструментів / Запчастини для акумуляторного інструменту,Котушка DTC-200,75.0,,,True,,0,58985001,https://dnipro-m.ua/tovar/kotushka-dtc-200/
zapchastini-ta-aksesuari-dlya-instrumentiv,Запчастини та аксесуари для інструментів / Запчастини для акумуляторного інструменту,Корпус CD-218,90.0,,,True,,0,97454012,https://dnipro-m.ua/tovar/korpus-cd-218/
zapchastini-ta-aksesuari-dlya-instrumentiv,Запчастини та аксесуари для інструментів / Запчастини для акумуляторного інструменту,Корпус CD-12Q,135.0,,,True,,0,69197003,https://dnipro-m.ua/tovar/korpus-cd-12q/
zapchastini-ta-aksesuari-dlya-instrumentiv,Запчастини та аксесуари для інструментів / Запчастини для акумуляторного інструменту,Мережевий вимикач CD-218,165.0,,,True,,0,97451006,https://dnipro-m.ua/tovar/merezhevij-vimikach-cd-218/
zapchastini-ta-aksesuari-dlya-instrumentiv,Запчастини та аксесуари для інструментів / Запчастини для акумуляторного інструменту,Зарядний пристрій Dnipro-M BC-210,180.0,,,True,,0,48793000,https://dnipro-m.ua/tovar/zaryadnij-pristrij-bc-210/
zapchastini-ta-aksesuari-dlya-instrumentiv,Запчастини та аксесуари для інструментів / Запчастини для акумуляторного інструменту,Мережевий вимикач Dnipro-M CD-182,180.0,,,True,3.00,2,69340001,https://dnipro-m.ua/tovar/merezhevij-vimikach-cd-182/
zapchastini-ta-aksesuari-dlya-instrumentiv,Запчастини та аксесуари для інструментів / Запчастини для акумуляторного інструменту,Електродвигун Dnipro-M CD-218,210.0,,,True,5.00,4,69143003,https://dnipro-m.ua/tovar/elektrodvigun-cd-218/
zapchastini-ta-aksesuari-dlya-instrumentiv,Запчастини та аксесуари для інструментів / Запчастини для акумуляторного інструменту,Корпус CD-200BC ULTRA 2021,210.0,,,False,,0,97454013,https://dnipro-m.ua/tovar/korpus-cd-200bc-ultra-2021/
zapchastini-ta-aksesuari-dlya-instrumentiv,Запчастини та аксесуари для інструментів / Запчастини для акумуляторного інструменту,Мережевий вимикач CD-200T/TH,345.0,,,True,,0,97451002,https://dnipro-m.ua/tovar/merezhevij-vimikach-cd-200tth/
zapchastini-ta-aksesuari-dlya-instrumentiv,Запчастини та аксесуари для інструментів / Запчастини для акумуляторного інструменту,Блок живлення для акумуляторного ліхтаря Dnipro-M DCL-202,345.0,,,False,,0,48936000,https://dnipro-m.ua/tovar/blok-zhyvlennia-dlia-akumuliatornoho-likhtaria-dnipro-m-dcl-202/
zapchastini-ta-aksesuari-dlya-instrumentiv,Запчастини та аксесуари для інструментів / Запчастини для акумуляторного інструменту,Зарядний пристрій Dnipro-M CD-182,360.0,,,False,,0,69194003   ,https://dnipro-m.ua/tovar/zaryadnij-pristrij-cd-182/
zapchastini-ta-aksesuari-dlya-instrumentiv,Запчастини та аксесуари для інструментів / Запчастини для акумуляторного інструменту,Зарядний пристрій Dnipro-M CD-141,360.0,,,False,,0,69194002   ,https://dnipro-m.ua/tovar/zaryadnij-pristrij-cd-141/
zapchastini-ta-aksesuari-dlya-instrumentiv,Запчастини та аксесуари для інструментів / Запчастини для акумуляторного інструменту,Електродвигун CD-12Q,365.0,,,True,,0,69143007,https://dnipro-m.ua/tovar/elektrodvigun-cd-12q/
zapchastini-ta-aksesuari-dlya-instrumentiv,Запчастини та аксесуари для інструментів / Запчастини для акумуляторного інструменту,Блок живлення для акумуляторного ліхтаря Dnipro-M DCL-203,378.0,,,False,,0,48937000,https://dnipro-m.ua/tovar/blok-zhyvlennia-dlia-akumuliatornoho-likhtaria-dnipro-m-dcl-203/
zapchastini-ta-aksesuari-dlya-instrumentiv,Запчастини та аксесуари для інструментів / Запчастини для акумуляторного інструменту,Електродвигун CD-200T/TH,380.0,,,True,,0,97449002,https://dnipro-m.ua/tovar/elektrodvigun-cd-200tth/
zapchastini-ta-aksesuari-dlya-instrumentiv,Запчастини та аксесуари для інструментів / Запчастини для акумуляторного інструменту,Редуктор у зборі CD-218 з блокуванням,390.0,,,True,,0,97448007,https://dnipro-m.ua/tovar/reduktor-u-zbori-cd-218-z-blokuvannyam/
zapchastini-ta-aksesuari-dlya-instrumentiv,Запчастини та аксесуари для інструментів / Запчастини для акумуляторного інструменту,Патрон металевий для шуруповерта CD-200/TH/ULTRA,420.0,,,False,,0,97446002,https://dnipro-m.ua/tovar/patron-metalevij-dlya-shurupoverta-cd-200thultra/
zapchastini-ta-aksesuari-dlya-instrumentiv,Запчастини та аксесуари для інструментів / Запчастини для акумуляторного інструменту,Патрон для шуруповерта Dnipro-M P1,450.0,,,True,4.64,33,97314000,https://dnipro-m.ua/tovar/patron-dlya-shurupoverta-p1/
zapchastini-ta-aksesuari-dlya-instrumentiv,Запчастини та аксесуари для інструментів / Запчастини для акумуляторного інструменту,Зарядний пристрій Dnipro-M CD-120H,450.0,,,False,,0,69194009   ,https://dnipro-m.ua/tovar/zaryadnij-pristrij-cd-120h/
zapchastini-ta-aksesuari-dlya-instrumentiv,Запчастини та аксесуари для інструментів / Запчастини для акумуляторного інструменту,Зарядний пристрій АДЛ-12.0 (Дніпро-М ),540.0,,,True,,0,69194004,https://dnipro-m.ua/tovar/zaryadnoe-ustrojstvo-adl-120/
zapchastini-ta-aksesuari-dlya-instrumentiv,Запчастини та аксесуари для інструментів / Запчастини для акумуляторного інструменту,Акумуляторна батарея для шуруповерта (CD-120H),600.0,,,False,5.00,1,69339015,https://dnipro-m.ua/tovar/akumulyatorna-batareya-dlya-shurupoverta-cd-120h/
zapchastini-ta-aksesuari-dlya-instrumentiv,Запчастини та аксесуари для інструментів / Запчастини для акумуляторного інструменту,Акумуляторна батарея CD-141,798.0,,,False,,0,69339001   ,https://dnipro-m.ua/tovar/akumulyatorna-batareya-cd-141/
zapchastini-ta-aksesuari-dlya-instrumentiv,Запчастини та аксесуари для інструментів / Запчастини для акумуляторного інструменту,Акумуляторна батарея CD-182,999.0,,,False,5.00,1,69339005,https://dnipro-m.ua/tovar/akumulyatorna-batareya-cd-182/
zapchastini-ta-aksesuari-dlya-instrumentiv,Запчастини та аксесуари для інструментів / Запчастини для акумуляторного інструменту,"АКБ 14.8 V, 1.5 Ah",1050.0,,,True,,0,58099001,https://dnipro-m.ua/tovar/akb-148-v-15-ah/
zapchastini-ta-aksesuari-dlya-instrumentiv,Запчастини та аксесуари для інструментів / Запчастини для електроінструменту,Муфта мережевого кабелю GS-98/100S/GL125S/160SE,9.0,,,True,,0,69365006,https://dnipro-m.ua/tovar/mufta-merezhevogo-kabelyu-gs-98100sgl125s160se/
zapchastini-ta-aksesuari-dlya-instrumentiv,Запчастини та аксесуари для інструментів / Запчастини для електроінструменту,Штифт важеля тримача Dnipro-M SH-40,9.0,,,True,,0,76107001,https://dnipro-m.ua/tovar/shtift-vazhelya-trimacha-sh-40/
zapchastini-ta-aksesuari-dlya-instrumentiv,Запчастини та аксесуари для інструментів / Запчастини для електроінструменту,Клавіша увімкнення Dnipro-M GS-98,12.0,,,False,,0,69364007,https://dnipro-m.ua/tovar/klavisha-uvimknennya-gs-98/
zapchastini-ta-aksesuari-dlya-instrumentiv,Запчастини та аксесуари для інструментів / Запчастини для електроінструменту,Клавіша увімкнення GS-120/140SE,15.0,,,True,,0,81327002,https://dnipro-m.ua/tovar/klavisha-uvimknennya-gs-120140se/
zapchastini-ta-aksesuari-dlya-instrumentiv,Запчастини та аксесуари для інструментів / Запчастини для електроінструменту,Кришка щіткотримача шліфмашини Dnipro-M GL-125S,15.0,,,False,,0,69357007,https://dnipro-m.ua/tovar/krishka-shhitkotrimacha-shlifmashini-gl-125s/
zapchastini-ta-aksesuari-dlya-instrumentiv,Запчастини та аксесуари для інструментів / Запчастини для електроінструменту,Замок корпусу фільтра Dnipro-M VCW-30SA Autoclean,15.0,,,False,,0,08712002,https://dnipro-m.ua/tovar/zamok-korpusu-filtra-vcw-30sa-autoclean/
zapchastini-ta-aksesuari-dlya-instrumentiv,Запчастини та аксесуари для інструментів / Запчастини для електроінструменту,Пружина упорна SH-45,18.0,,,False,,0,76121004,https://dnipro-m.ua/tovar/pruzhina-uporna-sh-45/
zapchastini-ta-aksesuari-dlya-instrumentiv,Запчастини та аксесуари для інструментів / Запчастини для електроінструменту,Вставка рукоятки SH-45,30.0,,,False,,0,76090003,https://dnipro-m.ua/tovar/vstavka-rukoyatki-sh-45/
zapchastini-ta-aksesuari-dlya-instrumentiv,Запчастини та аксесуари для інструментів / Запчастини для електроінструменту,Корпус пружини Dnipro-M SH-40,36.0,,,True,,0,76102003,https://dnipro-m.ua/tovar/korpus-pruzhini-sh-40/
zapchastini-ta-aksesuari-dlya-instrumentiv,Запчастини та аксесуари для інструментів / Запчастини для електроінструменту,Штифт рукоятки SH-45,36.0,,,True,,0,76107003,https://dnipro-m.ua/tovar/shtift-rukoyatki-sh-45/
zapchastini-ta-aksesuari-dlya-instrumentiv,Запчастини та аксесуари для інструментів / Запчастини для електроінструменту,Фіксатор фільтра VCW-20SA,36.0,,,False,,0,82679007,https://dnipro-m.ua/tovar/fiksator-filtra-vcw-20sa/
zapchastini-ta-aksesuari-dlya-instrumentiv,Запчастини та аксесуари для інструментів / Запчастини для електроінструменту,Гайка SH-45,45.0,,,True,,0,76092001,https://dnipro-m.ua/tovar/gajka-sh-45/
zapchastini-ta-aksesuari-dlya-instrumentiv,Запчастини та аксесуари для інструментів / Запчастини для електроінструменту,Гвинт ручки Dnipro-M SH-45,45.0,,,True,,0,76084011,https://dnipro-m.ua/tovar/gvint-ruchki-sh-45/
zapchastini-ta-aksesuari-dlya-instrumentiv,Запчастини та аксесуари для інструментів / Запчастини для електроінструменту,Заглушка SH-45,45.0,,,True,,0,49602001,https://dnipro-m.ua/tovar/zaglushka-sh-45/
zapchastini-ta-aksesuari-dlya-instrumentiv,Запчастини та аксесуари для інструментів / Запчастини для електроінструменту,Гвинт затискний Dnipro-M SL-26L,45.0,,,False,,0,82722005,https://dnipro-m.ua/tovar/gvint-zatisknij-sl-26l/
zapchastini-ta-aksesuari-dlya-instrumentiv,Запчастини та аксесуари для інструментів / Запчастини для електроінструменту,Пилозбірник Dnipro-M PE-40S,60.0,,,True,,0,49162001,https://dnipro-m.ua/tovar/pilozbirnik-pe-40s/
zapchastini-ta-aksesuari-dlya-instrumentiv,Запчастини та аксесуари для інструментів / Запчастини для електроінструменту,Колесо до пилососа Dnipro-M VCW-20SA,60.0,,,False,,0,82678008,https://dnipro-m.ua/tovar/koleso-do-pilososa-vcw-20sa/
zapchastini-ta-aksesuari-dlya-instrumentiv,Запчастини та аксесуари для інструментів / Запчастини для електроінструменту,Вимикач мережевий шліфмашини Dnipro-M GS-98,60.0,,,False,3.67,6,69373005,https://dnipro-m.ua/tovar/vimikach-merezhevij-shlifmashini-gs-98/
zapchastini-ta-aksesuari-dlya-instrumentiv,Запчастини та аксесуари для інструментів / Запчастини для електроінструменту,Ремінь 96XL031 BS-94S,75.0,,,True,,0,80817001,https://dnipro-m.ua/tovar/remin-96xl031-bs-94s/
zapchastini-ta-aksesuari-dlya-instrumentiv,Запчастини та аксесуари для інструментів / Запчастини для електроінструменту,Підошва SR-210 RX,75.0,,,True,,0,97396002,https://dnipro-m.ua/tovar/pidoshva-sr-210-rx/
zapchastini-ta-aksesuari-dlya-instrumentiv,Запчастини та аксесуари для інструментів / Запчастини для електроінструменту,Важіль тримача Dnipro-M SH-40,90.0,,,True,,0,76089001,https://dnipro-m.ua/tovar/vazhil-trimacha-sh-40/
zapchastini-ta-aksesuari-dlya-instrumentiv,Запчастини та аксесуари для інструментів / Запчастини для електроінструменту,Вимикач мережевий шліфмашини Dnipro-M GL-125S,90.0,,,False,5.00,1,69373012,https://dnipro-m.ua/tovar/vimikach-merezhevij-shlifmashini-gl-125s/
zapchastini-ta-aksesuari-dlya-instrumentiv,Запчастини та аксесуари для інструментів / Запчастини для електроінструменту,Кожух захисний Dnipro-M GL-160SE,90.0,,,False,,0,49514001,https://dnipro-m.ua/tovar/kozhukh-zakhisnij-gl-160se/
zapchastini-ta-aksesuari-dlya-instrumentiv,Запчастини та аксесуари для інструментів / Запчастини для електроінструменту,Блок рукоятки SH-45,105.0,,,True,,0,76088001,https://dnipro-m.ua/tovar/blok-rukoyatki-sh-45/
zapchastini-ta-aksesuari-dlya-instrumentiv,Запчастини та аксесуари для інструментів / Запчастини для електроінструменту,Ручка металева SH-45,105.0,,,False,,0,76119002,https://dnipro-m.ua/tovar/ruchka-metaleva-sh-45/
zapchastini-ta-aksesuari-dlya-instrumentiv,Запчастини та аксесуари для інструментів / Запчастини для електроінструменту,Підошва шабельної пили Dnipro-M SR-115,120.0,,,True,,0,97396001,https://dnipro-m.ua/tovar/pidoshva-shabelnoyi-pili-sr-115/
zapchastini-ta-aksesuari-dlya-instrumentiv,Запчастини та аксесуари для інструментів / Запчастини для електроінструменту,Важіль тримача SH-45,135.0,,,True,,0,76089002,https://dnipro-m.ua/tovar/vazhil-trimacha-sh-45/
zapchastini-ta-aksesuari-dlya-instrumentiv,Запчастини та аксесуари для інструментів / Запчастини для електроінструменту,Бачок до фарбопульта Dnipro-M SH-90,135.0,,,False,,0,19601001,https://dnipro-m.ua/tovar/bachok-do-farbopulta-sh-90/
zapchastini-ta-aksesuari-dlya-instrumentiv,Запчастини та аксесуари для інструментів / Запчастини для електроінструменту,Кожух захисний GL-190S,150.0,,,False,,0,69354007,https://dnipro-m.ua/tovar/kozhukh-zakhisnij-gl-190s/
zapchastini-ta-aksesuari-dlya-instrumentiv,Запчастини та аксесуари для інструментів / Запчастини для електроінструменту,"Кабель мережевий 2х1 мм, 3 м, Ø6,5 мм",180.0,,,True,,0,59771010,https://dnipro-m.ua/tovar/kabel-merezhevij-2kh1-mm-3-m-65-mm/
zapchastini-ta-aksesuari-dlya-instrumentiv,Запчастини та аксесуари для інструментів / Запчастини для електроінструменту,Кожух захисний GL-230/240/280,180.0,,,False,,0,69354006,https://dnipro-m.ua/tovar/kozhukh-zakhisnij-gl-230240280/
zapchastini-ta-aksesuari-dlya-instrumentiv,Запчастини та аксесуари для інструментів / Запчастини для електроінструменту,Ручка SH-40,210.0,,,True,,0,76119008,https://dnipro-m.ua/tovar/ruchka-sh-40/
zapchastini-ta-aksesuari-dlya-instrumentiv,Запчастини та аксесуари для інструментів / Запчастини для електроінструменту,Щітка пилососа Dnipro-M VCW-20SA,210.0,,,False,,0,82687011,https://dnipro-m.ua/tovar/shhitka-pilososa-vcw-20sa/
zapchastini-ta-aksesuari-dlya-instrumentiv,Запчастини та аксесуари для інструментів / Запчастини для електроінструменту,"Кабель мережевий 2х0,75 мм, 3 м, Ø6,5 мм",240.0,,,True,,0,59771004,https://dnipro-m.ua/tovar/kabel-merezhevij-2x075-mm-3-m-65-mm/
zapchastini-ta-aksesuari-dlya-instrumentiv,Запчастини та аксесуари для інструментів / Запчастини для електроінструменту,"Кабель мережевий 2х1 мм, 3 м, Ø8 мм",240.0,,,True,,0,59771011,https://dnipro-m.ua/tovar/kabel-merezhevij-2kh1-mm-3-m-8-mm/
zapchastini-ta-aksesuari-dlya-instrumentiv,Запчастини та аксесуари для інструментів / Запчастини для електроінструменту,Мережевий вимикач GL-240/GL-280,270.0,,,True,,0,69373004,https://dnipro-m.ua/tovar/merezhevij-vimikach-gl-240gl-280/
zapchastini-ta-aksesuari-dlya-instrumentiv,Запчастини та аксесуари для інструментів / Запчастини для електроінструменту,Пристрій фіксуючий SG-9P,300.0,,,False,,0,19156001,https://dnipro-m.ua/tovar/pristrij-fiksuyuchij-sg-9p/
zapchastini-ta-aksesuari-dlya-instrumentiv,Запчастини та аксесуари для інструментів / Запчастини для електроінструменту,"Кабель мережевий 2х1,5 мм, 4 м, Ø9 мм",330.0,,,True,,0,59771042,https://dnipro-m.ua/tovar/kabel-merezhevij-2kh15-mm-4-m-9-mm/
zapchastini-ta-aksesuari-dlya-instrumentiv,Запчастини та аксесуари для інструментів / Запчастини для електроінструменту,"Кабель мережевий 2х1 мм, 4 м, Ø8 мм",390.0,,,True,4.00,7,59771013,https://dnipro-m.ua/tovar/kabel-merezhevij-2x1-mm-4-m-8-mm/
zapchastini-ta-aksesuari-dlya-instrumentiv,Запчастини та аксесуари для інструментів / Запчастини для електроінструменту,Фільтр Dnipro-M HEPA VCW-30SA Autoclean,798.0,,,True,,0,82672015,https://dnipro-m.ua/tovar/filtr-hepa-vcw-30sa-autoclean/
zapchastini-ta-aksesuari-dlya-instrumentiv,Запчастини та аксесуари для інструментів / Запчастини для електроінструменту / Запчастини для перфораторів,Шайба патрона Dnipro-M спеціальна 2 кульки,12.0,,,True,,0,69247090,https://dnipro-m.ua/tovar/shajba-patrona-speczialna-2-kulki/
zapchastini-ta-aksesuari-dlya-instrumentiv,Запчастини та аксесуари для інструментів / Запчастини для електроінструменту / Запчастини для перфораторів,"Пильник для патронів перфораторів серії ""RH"" Dnipro-M",39.0,,,True,5.00,2,41537000,https://dnipro-m.ua/tovar/pylnik-dlya-patronov-perforatorov-serii-rh/
zapchastini-ta-aksesuari-dlya-instrumentiv,Запчастини та аксесуари для інструментів / Запчастини для електроінструменту / Запчастини для перфораторів,Пилозахист патрону Dnipro-M BH-20,39.0,,,True,,0,69232004,https://dnipro-m.ua/tovar/pilozakhist-patronu-bh-20/
zapchastini-ta-aksesuari-dlya-instrumentiv,Запчастини та аксесуари для інструментів / Запчастини для електроінструменту / Запчастини для перфораторів,Вимикач мережевий BH-110,90.0,,,True,,0,69238003,https://dnipro-m.ua/tovar/vimikach-merezhevij-bh-110/
zapchastini-ta-aksesuari-dlya-instrumentiv,Запчастини та аксесуари для інструментів / Запчастини для електроінструменту / Запчастини для перфораторів,Рукоятка допоміжна Dnipro-M BH-20,150.0,,,False,,0,69414007,https://dnipro-m.ua/tovar/rukoyatka-dopomizhna-bh-20/
zapchastini-ta-aksesuari-dlya-instrumentiv,Запчастини та аксесуари для інструментів / Запчастини для електроінструменту / Запчастини для перфораторів,Рукоятка допоміжна Dnipro-M RH-100,165.0,,,False,,0,69235002,https://dnipro-m.ua/tovar/rukoyatka-dopomizhna-rh-100/
zapchastini-ta-aksesuari-dlya-instrumentiv,Запчастини та аксесуари для інструментів / Запчастини для електроінструменту / Запчастини для перфораторів,Рукоятка допоміжна Dnipro-M BH-30,210.0,,,False,,0,69414004,https://dnipro-m.ua/tovar/rukoyatka-dopomizhna-bh-30/
zapchastini-ta-aksesuari-dlya-instrumentiv,Запчастини та аксесуари для інструментів / Запчастини для електроінструменту / Запчастини для перфораторів,Вимикач мережевий в зборі для перфоратора,285.0,,,True,,0,69238002,https://dnipro-m.ua/tovar/vimikach-merezhevij-v-zbori-dlya-perforatora/
zapchastini-ta-aksesuari-dlya-instrumentiv,Запчастини та аксесуари для інструментів / Запчастини для електроінструменту / Запчастини для перфораторів,Швидкознімний патрон SDS-Plus Dnipro-M,312.0,,,True,5.00,11,41535000,https://dnipro-m.ua/tovar/bystrosemnyj-patron-sds-plus/
zapchastini-ta-aksesuari-dlya-instrumentiv,Запчастини та аксесуари для інструментів / Запчастини для електроінструменту / Запчастини для перфораторів,"Швидкознімний металевий свердлильний патрон із замком ""Lock system"" Dnipro-M",609.0,,,False,5.00,12,41536000,https://dnipro-m.ua/tovar/bystrosemnyj-metallicheskij-sverlilnyj-patron-s-zamkom/
zapchastini-ta-aksesuari-dlya-instrumentiv,Запчастини та аксесуари для інструментів / Запчастини для електроінструменту / Запчастини для шуруповертів та дрилів,Ключ патрона для дрелі,30.0,,,True,,0,69477002,https://dnipro-m.ua/tovar/klyuch-patrona-dlya-dreli/
zapchastini-ta-aksesuari-dlya-instrumentiv,Запчастини та аксесуари для інструментів / Запчастини для електроінструменту / Запчастини для шуруповертів та дрилів,Комплект тримача оснащення Dnipro-M CLK-210M,63.0,90.0,30,True,5.00,3,20402000-1,https://dnipro-m.ua/tovar/komplekt-derzhatelya-osnastki-clk-210m/
zapchastini-ta-aksesuari-dlya-instrumentiv,Запчастини та аксесуари для інструментів / Запчастини для електроінструменту / Запчастини для шуруповертів та дрилів,Вимикач для дриля Dnipro-M HD-120,150.0,,,True,,0,69467004,https://dnipro-m.ua/tovar/vimikach-dlya-drilya-hd-120/
zapchastini-ta-aksesuari-dlya-instrumentiv,Запчастини та аксесуари для інструментів / Запчастини для електроінструменту / Запчастини для шуруповертів та дрилів,Патрон ND-85/HD-8,165.0,,,True,3.00,1,69473002,https://dnipro-m.ua/tovar/patron-nd-85hd-8/
zapchastini-ta-aksesuari-dlya-instrumentiv,Запчастини та аксесуари для інструментів / Запчастини для електроінструменту / Запчастини для шуруповертів та дрилів,"Патрон для дрелі HD-120,ND-85,HD-8,HD-80,PD-70",240.0,,,True,5.00,1,69473004,https://dnipro-m.ua/tovar/patron-dlya-dreli-hd-120nd-85hd-8hd-80pd-70/
zapchastini-ta-aksesuari-dlya-instrumentiv,Запчастини та аксесуари для інструментів / Запчастини для електроінструменту / Запчастини для шуруповертів та дрилів,Патрон для дрелі ND-45,360.0,,,False,4.00,5,69473008,https://dnipro-m.ua/tovar/patron-dlya-dreli-nd-45/
zapchastini-ta-aksesuari-dlya-instrumentiv,Запчастини та аксесуари для інструментів / Запчастини для електроінструменту / Запчастини для шуруповертів та дрилів,Ротор HD-120M,480.0,,,True,,0,69386004,https://dnipro-m.ua/tovar/rotor-hd-120m/
zapchastini-ta-aksesuari-dlya-instrumentiv,Запчастини та аксесуари для інструментів / Запчастини для електроінструменту / Запчастини для шуруповертів та дрилів,Патрон двомухтовий самозатискний,540.0,,,False,,0,69473009,https://dnipro-m.ua/tovar/patron-dvomukhtovij-samozatisknij/
zapchastini-ta-aksesuari-dlya-instrumentiv,Запчастини та аксесуари для інструментів / Запчастини для зварювального обладнання / Запчастини для зварювальних апаратів,Вимикач до зварювального апарату,60.0,,,True,,0,86672000,https://dnipro-m.ua/tovar/vimikach-do-zvaryuvalnogo-aparatu/
zapchastini-ta-aksesuari-dlya-instrumentiv,Запчастини та аксесуари для інструментів / Запчастини для зварювального обладнання / Запчастини для зварювальних апаратів,Електрод плазмотрона CUT-40,60.0,,,False,,0,99308001,https://dnipro-m.ua/tovar/elektrod-plazmotrona-cut-40/
zapchastini-ta-aksesuari-dlya-instrumentiv,Запчастини та аксесуари для інструментів / Запчастини для зварювального обладнання / Запчастини для зварювальних апаратів,Гніздо силового кабелю,90.0,,,False,3.00,1,67249000,https://dnipro-m.ua/tovar/gnizdo-silovogo-kabelyu/
zapchastini-ta-aksesuari-dlya-instrumentiv,Запчастини та аксесуари для інструментів / Запчастини для зварювального обладнання / Запчастини для зварювальних апаратів,Байонетний роз'єм на кабель (35-50),345.0,,,True,5.00,1,83904000,https://dnipro-m.ua/tovar/bajonetnij-rozyem-na-kabel-35-50/
zapchastini-ta-aksesuari-dlya-instrumentiv,Запчастини та аксесуари для інструментів / Запчастини для зварювального обладнання / Запчастини для зварювальних апаратів,Байонетний роз'єм на кабель пара,375.0,,,False,,0,67548000,https://dnipro-m.ua/tovar/bajonetnij-rozyem-na-kabel-para/
zapchastini-ta-aksesuari-dlya-instrumentiv,Запчастини та аксесуари для інструментів / Запчастини для зварювального обладнання / Запчастини для зварювальних масок,Скло захисне Dnipro-M WM-39N 2 шт  3 шт,84.0,,,True,,0,83706000,https://dnipro-m.ua/tovar/sklo-zakhisne-wm-39n-2-sht-3-sht/
zapchastini-ta-aksesuari-dlya-instrumentiv,Запчастини та аксесуари для інструментів / Запчастини для зварювального обладнання / Запчастини для зварювальних масок,Захисне скло Dnipro-M WM-48,84.0,,,False,,0,20663001,https://dnipro-m.ua/tovar/zakhisne-sklo-wm-48/
zapchastini-ta-aksesuari-dlya-instrumentiv,Запчастини та аксесуари для інструментів / Запчастини для зварювального обладнання / Запчастини для зварювальних масок,Скло захисне Dnipro-M WM-46 2 шт 3 шт,96.0,,,False,4.60,5,83707000,https://dnipro-m.ua/tovar/sklo-zakhisne-wm-46-2-sht-3-sht/
zapchastini-ta-aksesuari-dlya-instrumentiv,Запчастини та аксесуари для інструментів / Запчастини для зварювального обладнання / Запчастини для зварювальних масок,Скло захисне Dnipro-M WM-48N 2 шт 3 шт,177.0,,,False,4.14,29,83422000,https://dnipro-m.ua/tovar/sklo-zakhisne-wm-48n-2-sht-3-sht/
zapchastini-ta-aksesuari-dlya-instrumentiv,Запчастини та аксесуари для інструментів / Запчастини для зварювального обладнання / Запчастини для зварювальних масок,Скло захисне Dnipro-M WM-100P 1 шт 1 шт,249.0,,,False,4.09,11,83423000,https://dnipro-m.ua/tovar/sklo-zakhisne-wm-100p-1-sht-1-sht/
zapchastini-ta-aksesuari-dlya-instrumentiv,Запчастини та аксесуари для інструментів / Запчастини для зварювального обладнання / Запчастини для зварювальних масок,Наголовник для маски зварника WM-48,330.0,,,False,,0,20662001,https://dnipro-m.ua/tovar/nagolovnik-dlya-maski-zvarnika-wm-48/
zapchastini-ta-aksesuari-dlya-instrumentiv,Запчастини та аксесуари для інструментів / Запчастини для компресорного обладнання,Прокладка: плита циліндра-циліндра AC-50V,6.0,,,True,,0,12740000,https://dnipro-m.ua/tovar/prokladka-plita-czilindra-czilindra-ac-50v/
zapchastini-ta-aksesuari-dlya-instrumentiv,Запчастини та аксесуари для інструментів / Запчастини для компресорного обладнання,Прокладка: головка-плита циліндра AC-50V,6.0,,,True,,0,12738000,https://dnipro-m.ua/tovar/prokladka-golovka-plita-czilindra-ac-50v/
zapchastini-ta-aksesuari-dlya-instrumentiv,Запчастини та аксесуари для інструментів / Запчастини для компресорного обладнання,Прокладка: плита-плита метал AC-50V,6.0,,,False,,0,68693000,https://dnipro-m.ua/tovar/prokladka-plita-plita-metal-ac-50v/
zapchastini-ta-aksesuari-dlya-instrumentiv,Запчастини та аксесуари для інструментів / Запчастини для компресорного обладнання,Прокладка циліндра - плита циліндра AC-50/100VG,15.0,,,True,,0,18948000,https://dnipro-m.ua/tovar/prokladka-czilindra-plita-czilindra-ac-50100vg/
zapchastini-ta-aksesuari-dlya-instrumentiv,Запчастини та аксесуари для інструментів / Запчастини для компресорного обладнання,Прокладка: головка-плита циліндра AC-50/100VG,15.0,,,False,,0,12780000,https://dnipro-m.ua/tovar/prokladka-golovka-plita-czilindra-ac-50100vg/
zapchastini-ta-aksesuari-dlya-instrumentiv,Запчастини та аксесуари для інструментів / Запчастини для компресорного обладнання,Прокладка циліндра AC-50/100VG,15.0,,,False,,0,12786000,https://dnipro-m.ua/tovar/prokladka-czilindra-ac-50100vg/
zapchastini-ta-aksesuari-dlya-instrumentiv,Запчастини та аксесуари для інструментів / Запчастини для компресорного обладнання,Пелюстковий клапан AC-50V,18.0,,,True,,0,72651000,https://dnipro-m.ua/tovar/pelyustkovij-klapan-ac-50v/
zapchastini-ta-aksesuari-dlya-instrumentiv,Запчастини та аксесуари для інструментів / Запчастини для компресорного обладнання,Клапан компресора пелюсковий Dnipro-M AC-50VG,24.0,,,True,5.00,1,12783000,https://dnipro-m.ua/tovar/klapan-kompresora-pelyuskovij-ac-50vg/
zapchastini-ta-aksesuari-dlya-instrumentiv,Запчастини та аксесуари для інструментів / Запчастини для компресорного обладнання,Прокладка клапанів компресора Dnipro-M AC-50VG,30.0,,,True,,0,12782000,https://dnipro-m.ua/tovar/prokladka-klapaniv-kompresora-ac-50vg/
zapchastini-ta-aksesuari-dlya-instrumentiv,Запчастини та аксесуари для інструментів / Запчастини для компресорного обладнання,Гумова насадка на ніжки AC-50LX/50-V,30.0,,,True,,0,91782000,https://dnipro-m.ua/tovar/gumova-nasadka-na-nizhki-ac-50lx50-v/
zapchastini-ta-aksesuari-dlya-instrumentiv,Запчастини та аксесуари для інструментів / Запчастини для компресорного обладнання,Фільтр повітряний для компресора Dnipro-M ACF-70P,30.0,45.0,33,False,,0,58225000-1,https://dnipro-m.ua/tovar/filtr-povitranij-dlya-kompresora-acf-70p/
zapchastini-ta-aksesuari-dlya-instrumentiv,Запчастини та аксесуари для інструментів / Запчастини для компресорного обладнання,Сапун картера компресора Dnipro-M AC-50V,30.0,,,False,,0,12748000,https://dnipro-m.ua/tovar/sapun-kartera-kompresora-ac-50v/
zapchastini-ta-aksesuari-dlya-instrumentiv,Запчастини та аксесуари для інструментів / Запчастини для компресорного обладнання,Оглядове скло кришки картера,30.0,,,False,,0,12697000,https://dnipro-m.ua/tovar/oglyadove-sklo-krishki-kartera/
zapchastini-ta-aksesuari-dlya-instrumentiv,Запчастини та аксесуари для інструментів / Запчастини для компресорного обладнання,Трубопровід з гайками малий AC-50V,60.0,,,True,,0,50827000,https://dnipro-m.ua/tovar/truboprovid-z-gajkami-malij-ac-50v/
zapchastini-ta-aksesuari-dlya-instrumentiv,Запчастини та аксесуари для інструментів / Запчастини для компресорного обладнання,Перехідне коліно AC-20/48/50LX/50V,60.0,,,True,,0,91757000,https://dnipro-m.ua/tovar/perekhidne-kolino-ac-204850lx50v/
zapchastini-ta-aksesuari-dlya-instrumentiv,Запчастини та аксесуари для інструментів / Запчастини для компресорного обладнання,Оглядове скло для AC-50 VG,60.0,,,True,,0,12754000,https://dnipro-m.ua/tovar/oglyadove-sklo-dlya-ac-50-vg/
zapchastini-ta-aksesuari-dlya-instrumentiv,Запчастини та аксесуари для інструментів / Запчастини для компресорного обладнання,Заглушка зливу конденсата Dnipro-M,60.0,,,False,5.00,1,57345000,https://dnipro-m.ua/tovar/zaglushka-zlivu-kondensata/
zapchastini-ta-aksesuari-dlya-instrumentiv,Запчастини та аксесуари для інструментів / Запчастини для компресорного обладнання,Трубка реле тиску AC-50/100VG,60.0,,,False,,0,12791000,https://dnipro-m.ua/tovar/trubka-rele-tisku-ac-50100vg/
zapchastini-ta-aksesuari-dlya-instrumentiv,Запчастини та аксесуари для інструментів / Запчастини для компресорного обладнання,"Колесо для компресора AC-20,AC-48",69.0,,,False,,0,12698000,https://dnipro-m.ua/tovar/koleso-dlya-kompresora-ac-20ac-48/
zapchastini-ta-aksesuari-dlya-instrumentiv,Запчастини та аксесуари для інструментів / Запчастини для компресорного обладнання,Автомат захисту Dnipro-M 15 А,75.0,,,False,,0,50831000,https://dnipro-m.ua/tovar/avtomat-zakhistu-15-a/
zapchastini-ta-aksesuari-dlya-instrumentiv,Запчастини та аксесуари для інструментів / Запчастини для компресорного обладнання,Клапан скидання тиску AC-50/100VG,75.0,,,False,,0,12792000,https://dnipro-m.ua/tovar/klapan-skidannya-tisku-ac-50100vg/
zapchastini-ta-aksesuari-dlya-instrumentiv,Запчастини та аксесуари для інструментів / Запчастини для компресорного обладнання,Фільтр повітряний для компресора Dnipro-M AFC-2NL,84.0,,,True,5.00,1,78938000,https://dnipro-m.ua/tovar/filtr-povitryanij-dlya-kompresora-afc-2nl/
zapchastini-ta-aksesuari-dlya-instrumentiv,Запчастини та аксесуари для інструментів / Запчастини для компресорного обладнання,Магістральний трубопровід,90.0,,,True,,0,93232000,https://dnipro-m.ua/tovar/magistralnij-truboprovid/
zapchastini-ta-aksesuari-dlya-instrumentiv,Запчастини та аксесуари для інструментів / Запчастини для компресорного обладнання,Конденсаторна коробка AC-50V,90.0,,,True,,0,50833000,https://dnipro-m.ua/tovar/kondensatorna-korobka-ac-50v/
zapchastini-ta-aksesuari-dlya-instrumentiv,Запчастини та аксесуари для інструментів / Запчастини для компресорного обладнання,Комплект поршневих кілець AC-50/100VG,90.0,,,True,,0,12771000,https://dnipro-m.ua/tovar/komplekt-porshnevikh-kilecz-ac-50100vg/
zapchastini-ta-aksesuari-dlya-instrumentiv,Запчастини та аксесуари для інструментів / Запчастини для компресорного обладнання,Трубопровід малий AC-50/100VG,90.0,,,True,,0,12773000,https://dnipro-m.ua/tovar/truboprovid-malij-ac-50100vg/
zapchastini-ta-aksesuari-dlya-instrumentiv,Запчастини та аксесуари для інструментів / Запчастини для компресорного обладнання,Вентиль розподільника,90.0,,,False,,0,93229000,https://dnipro-m.ua/tovar/ventil-rozpodilnika/
zapchastini-ta-aksesuari-dlya-instrumentiv,Запчастини та аксесуари для інструментів / Запчастини для компресорного обладнання,Колесо AC-50V,90.0,,,False,,0,57344000,https://dnipro-m.ua/tovar/koleso-ac-50v/
zapchastini-ta-aksesuari-dlya-instrumentiv,Запчастини та аксесуари для інструментів / Запчастини для компресорного обладнання,Крильчатка компресора Dnipro-M AC-20,99.0,,,False,5.00,1,91770000,https://dnipro-m.ua/tovar/krilchatka-kompresora-ac-20/
zapchastini-ta-aksesuari-dlya-instrumentiv,Запчастини та аксесуари для інструментів / Запчастини для компресорного обладнання,Нагнітальний клапан,99.0,,,False,,0,93524000,https://dnipro-m.ua/tovar/nagnitalnij-klapan/
zapchastini-ta-aksesuari-dlya-instrumentiv,Запчастини та аксесуари для інструментів / Запчастини для компресорного обладнання,Фільтр повітряний для компресора AC-9NL,120.0,,,True,5.00,1,41959001,https://dnipro-m.ua/tovar/filtr-povitryanij-dlya-kompresora-ac-9nl/
zapchastini-ta-aksesuari-dlya-instrumentiv,Запчастини та аксесуари для інструментів / Запчастини для компресорного обладнання,Колесо з віссю Dnipro-M AC-50V,120.0,,,False,,0,93902000,https://dnipro-m.ua/tovar/koleso-z-vissyu-ac-50v/
zapchastini-ta-aksesuari-dlya-instrumentiv,Запчастини та аксесуари для інструментів / Запчастини для компресорного обладнання,Трійник AC-50V,150.0,,,True,,0,50832000,https://dnipro-m.ua/tovar/trijnik-ac-50v/
zapchastini-ta-aksesuari-dlya-instrumentiv,Запчастини та аксесуари для інструментів / Запчастини для компресорного обладнання,Перехідник розподільника  Dnipro-M AC-50V,150.0,,,False,,0,91774000,https://dnipro-m.ua/tovar/perekhidnik-rozpodilnika-ac-50v/
zapchastini-ta-aksesuari-dlya-instrumentiv,Запчастини та аксесуари для інструментів / Запчастини для компресорного обладнання,Манометр для компресора,150.0,,,False,,0,91775000,https://dnipro-m.ua/tovar/manometr-dlya-kompresora/
zapchastini-ta-aksesuari-dlya-instrumentiv,Запчастини та аксесуари для інструментів / Запчастини для компресорного обладнання,Ремінь для компресора 50-2Р,165.0,,,True,,0,18793000,https://dnipro-m.ua/tovar/remin-dlya-kompresora-50-2r/
zapchastini-ta-aksesuari-dlya-instrumentiv,Запчастини та аксесуари для інструментів / Запчастини для компресорного обладнання,Фільтр повітряний для компресора Dnipro-M AFC-70VL,168.0,,,True,,0,22924000,https://dnipro-m.ua/tovar/filtr-povitranij-afc-70vl/
zapchastini-ta-aksesuari-dlya-instrumentiv,Запчастини та аксесуари для інструментів / Запчастини для компресорного обладнання,Фільтр повітряний для компресора Dnipro-M AFC-70V,168.0,,,False,4.00,8,16724000,https://dnipro-m.ua/tovar/filtr-vozdushnyj-dlya-kompressora-afc-70v/
zapchastini-ta-aksesuari-dlya-instrumentiv,Запчастини та аксесуари для інструментів / Запчастини для компресорного обладнання,Фільтр повітряний для компресора Dnipro-M AFC-70VG,168.0,,,False,5.00,9,16725000,https://dnipro-m.ua/tovar/filtr-vozdushnyj-dlya-kompressora-afc-70vg/
zapchastini-ta-aksesuari-dlya-instrumentiv,Запчастини та аксесуари для інструментів / Запчастини для компресорного обладнання,Фільтр повітряний для компресора Dnipro-M AFC-105VG,177.0,,,False,5.00,7,16726000,https://dnipro-m.ua/tovar/filtr-vozdushnyj-dlya-kompressora-afc-105vg/
zapchastini-ta-aksesuari-dlya-instrumentiv,Запчастини та аксесуари для інструментів / Запчастини для компресорного обладнання,Ремінь для компресора 100-2Р,180.0,,,True,,0,18794000,https://dnipro-m.ua/tovar/remin-dlya-kompresora-100-2r/
zapchastini-ta-aksesuari-dlya-instrumentiv,Запчастини та аксесуари для інструментів / Запчастини для компресорного обладнання,Клапан нагнітальний компресора Dnipro-M AC-50VG,180.0,,,False,,0,12794000,https://dnipro-m.ua/tovar/klapan-nagnitalnij-kompresora-ac-50vg/
zapchastini-ta-aksesuari-dlya-instrumentiv,Запчастини та аксесуари для інструментів / Запчастини для компресорного обладнання,Колесо компресора Dnipro-M АС-50LX,180.0,,,False,,0,20647001,https://dnipro-m.ua/tovar/koleso-kompresora-as-50lx/
zapchastini-ta-aksesuari-dlya-instrumentiv,Запчастини та аксесуари для інструментів / Запчастини для компресорного обладнання,Плита циліндра AC-50/100VG,186.0,,,True,,0,12781000,https://dnipro-m.ua/tovar/plita-czilindra-ac-50100vg/
zapchastini-ta-aksesuari-dlya-instrumentiv,Запчастини та аксесуари для інструментів / Запчастини для компресорного обладнання,Конденсатор компресора Dnipro-M 40 мкФ +/- 5%,210.0,,,False,,0,50829000,https://dnipro-m.ua/tovar/kondensator-kompresora-40-mkf/
zapchastini-ta-aksesuari-dlya-instrumentiv,Запчастини та аксесуари для інструментів / Запчастини для компресорного обладнання,Конденсатор компресора Dnipro-M 200 мкФ +/- 10-20%,240.0,,,False,,0,50828000,https://dnipro-m.ua/tovar/kondensator-kompresora-200-mkf/
zapchastini-ta-aksesuari-dlya-instrumentiv,Запчастини та аксесуари для інструментів / Запчастини для компресорного обладнання,Реле тиску компресора Dnipro-M AC-50V,300.0,,,True,,0,93527000,https://dnipro-m.ua/tovar/rele-tisku-kompresora-ac-50v/
zapchastini-ta-aksesuari-dlya-instrumentiv,Запчастини та аксесуари для інструментів / Запчастини для компресорного обладнання,Розподільник компресора Dnipro-M AC-50V,300.0,,,False,3.00,2,91780000,https://dnipro-m.ua/tovar/rozpodilnik-kompresora-ac-50v/
zapchastini-ta-aksesuari-dlya-instrumentiv,Запчастини та аксесуари для інструментів / Запчастини для садової техніки / Запчастини для ланцюгових пил,Проставка гумова 40х12 FS-2840DS,9.0,,,True,,0,79800001,https://dnipro-m.ua/tovar/prostavka-gumova-40kh12-fs-2840ds/
zapchastini-ta-aksesuari-dlya-instrumentiv,Запчастини та аксесуари для інструментів / Запчастини для садової техніки / Запчастини для ланцюгових пил,Прокладка циліндр-адаптор,15.0,,,True,,0,72417007,https://dnipro-m.ua/tovar/prokladka-czilindr-adaptor/
zapchastini-ta-aksesuari-dlya-instrumentiv,Запчастини та аксесуари для інструментів / Запчастини для садової техніки / Запчастини для ланцюгових пил,Пружина амортизатора,24.0,,,False,,0,72418001,https://dnipro-m.ua/tovar/pruzhina-amortizatora/
zapchastini-ta-aksesuari-dlya-instrumentiv,Запчастини та аксесуари для інструментів / Запчастини для садової техніки / Запчастини для ланцюгових пил,Шайба упорна DCS-200BC Dual,27.0,,,True,,0,15433003,https://dnipro-m.ua/tovar/shajba-uporna-dcs-200bc-dual/
zapchastini-ta-aksesuari-dlya-instrumentiv,Запчастини та аксесуари для інструментів / Запчастини для садової техніки / Запчастини для ланцюгових пил,Запобіжник пластина 110А JS-80,30.0,,,True,,0,80239003,https://dnipro-m.ua/tovar/zapobizhnik-plastina-110a-js-80/
zapchastini-ta-aksesuari-dlya-instrumentiv,Запчастини та аксесуари для інструментів / Запчастини для садової техніки / Запчастини для ланцюгових пил,Амортизатор картера,30.0,,,False,,0,72386002,https://dnipro-m.ua/tovar/amortizator-kartera/
zapchastini-ta-aksesuari-dlya-instrumentiv,Запчастини та аксесуари для інструментів / Запчастини для садової техніки / Запчастини для ланцюгових пил,Фланець зовнішній CS-185,33.0,,,False,,0,69395001,https://dnipro-m.ua/tovar/flanecz-zovnishnij-cs-185/
zapchastini-ta-aksesuari-dlya-instrumentiv,Запчастини та аксесуари для інструментів / Запчастини для садової техніки / Запчастини для ланцюгових пил,Паливопровід двотрубний DSG-45-62H,45.0,,,False,,0,20528002,https://dnipro-m.ua/tovar/palivoprovid-dvotrubnij-dsg-45-62h/
zapchastini-ta-aksesuari-dlya-instrumentiv,Запчастини та аксесуари для інструментів / Запчастини для садової техніки / Запчастини для ланцюгових пил,Кнопка ввімкнення DSG-45-52H,60.0,,,True,,0,80512002,https://dnipro-m.ua/tovar/knopka-vvimknennya-dsg-45-52h/
zapchastini-ta-aksesuari-dlya-instrumentiv,Запчастини та аксесуари для інструментів / Запчастини для садової техніки / Запчастини для ланцюгових пил,Натягувач ланцюга DCS-200BC Dual,90.0,,,True,,0,15447001,https://dnipro-m.ua/tovar/natyaguvach-lanczyuga-dcs-200bc-dual/
zapchastini-ta-aksesuari-dlya-instrumentiv,Запчастини та аксесуари для інструментів / Запчастини для садової техніки / Запчастини для ланцюгових пил,Кришка шини захисна DCS-200BC Dual,90.0,,,True,,0,15436002,https://dnipro-m.ua/tovar/krishka-shini-zakhisna-dcs-200bc-dual/
zapchastini-ta-aksesuari-dlya-instrumentiv,Запчастини та аксесуари для інструментів / Запчастини для садової техніки / Запчастини для ланцюгових пил,Варіатор у зборі,90.0,,,True,,0,72389001,https://dnipro-m.ua/tovar/variator-u-zbori/
zapchastini-ta-aksesuari-dlya-instrumentiv,Запчастини та аксесуари для інструментів / Запчастини для садової техніки / Запчастини для ланцюгових пил,Зірочка 325-7 NSG - 52H/62H,90.0,,,False,,0,08315001,https://dnipro-m.ua/tovar/zirochka-325-7-nsg-52h62h/
zapchastini-ta-aksesuari-dlya-instrumentiv,Запчастини та аксесуари для інструментів / Запчастини для садової техніки / Запчастини для ланцюгових пил,Зірочка DSE-24DS/15T,90.0,,,False,,0,80349001,https://dnipro-m.ua/tovar/zirochka-dse-24ds15t/
zapchastini-ta-aksesuari-dlya-instrumentiv,Запчастини та аксесуари для інструментів / Запчастини для садової техніки / Запчастини для ланцюгових пил,Щеплення бензопили Dnipro-M DSG-45H,99.0,,,True,,0,72453000,https://dnipro-m.ua/tovar/baraban-shheplennya-iz-zirochkoyu/
zapchastini-ta-aksesuari-dlya-instrumentiv,Запчастини та аксесуари для інструментів / Запчастини для садової техніки / Запчастини для ланцюгових пил,Пластина механізму гальма NSG-45-62H,105.0,,,True,,0,98554010,https://dnipro-m.ua/tovar/plastina-mekhanizmu-galma-nsg-45-62h/
zapchastini-ta-aksesuari-dlya-instrumentiv,Запчастини та аксесуари для інструментів / Запчастини для садової техніки / Запчастини для ланцюгових пил,Направляюча пластина шини DSE-24DS,120.0,,,True,,0,82467002,https://dnipro-m.ua/tovar/napravlyayucha-plastina-shini-dse-24ds/
zapchastini-ta-aksesuari-dlya-instrumentiv,Запчастини та аксесуари для інструментів / Запчастини для садової техніки / Запчастини для ланцюгових пил,Зірочка (DCS-200BC Dual),120.0,,,False,4.00,2,15448001,https://dnipro-m.ua/tovar/zirochka-dcs-200bc-dual/
zapchastini-ta-aksesuari-dlya-instrumentiv,Запчастини та аксесуари для інструментів / Запчастини для садової техніки / Запчастини для ланцюгових пил,Ручка DSG-45-52H,165.0,,,False,,0,80510003,https://dnipro-m.ua/tovar/ruchka-dsg-45-52h/
zapchastini-ta-aksesuari-dlya-instrumentiv,Запчастини та аксесуари для інструментів / Запчастини для садової техніки / Запчастини для ланцюгових пил,Натягувач ланцюга червячний DSG-45-62H,180.0,,,True,,0,98578003,https://dnipro-m.ua/tovar/natyaguvach-lanczyuga-chervyachnij-dsg-45-62h/
zapchastini-ta-aksesuari-dlya-instrumentiv,Запчастини та аксесуари для інструментів / Запчастини для садової техніки / Запчастини для ланцюгових пил,Пластина натягувача ланцюга (DCS-200BC Dual),198.0,,,False,,0,15444001,https://dnipro-m.ua/tovar/plastina-natyaguvacha-lanczyuga-dcs-200bc-dual/
zapchastini-ta-aksesuari-dlya-instrumentiv,Запчастини та аксесуари для інструментів / Запчастини для садової техніки / Запчастини для ланцюгових пил,Бензобак паливний,210.0,,,True,,0,12635000,https://dnipro-m.ua/tovar/benzobak-palivnij/
zapchastini-ta-aksesuari-dlya-instrumentiv,Запчастини та аксесуари для інструментів / Запчастини для садової техніки / Запчастини для ланцюгових пил,Натягувач ланцюга для акумуляторної ланцюгової пили DNIPRO-M DCS-200BC Dual,225.0,,,True,4.29,7,99703000,https://dnipro-m.ua/tovar/natyaguvach-lancyuga-dlya-akumulyatornoyi-pili-dcs-200bc-dual/
zapchastini-ta-aksesuari-dlya-instrumentiv,Запчастини та аксесуари для інструментів / Запчастини для садової техніки / Запчастини для ланцюгових пил,Котушка запалювання,330.0,,,True,,0,72437000,https://dnipro-m.ua/tovar/kotushka-zapalyuvannya/
zapchastini-ta-aksesuari-dlya-instrumentiv,Запчастини та аксесуари для інструментів / Запчастини для садової техніки / Запчастини для ланцюгових пил,Стартер DSG-45-62H,390.0,,,True,,0,98564005,https://dnipro-m.ua/tovar/starter-dsg-45-62h/
zapchastini-ta-aksesuari-dlya-instrumentiv,Запчастини та аксесуари для інструментів / Запчастини для садової техніки / Запчастини для ланцюгових пил,Механізм гальма DSG-45-52H,390.0,,,True,,0,80507003,https://dnipro-m.ua/tovar/mekhanizm-galma-dsg-45-52h/
zapchastini-ta-aksesuari-dlya-instrumentiv,Запчастини та аксесуари для інструментів / Запчастини для садової техніки / Запчастини для ланцюгових пил,Ручка DTC-200BC Dual,390.0,,,False,,0,41283001,https://dnipro-m.ua/tovar/ruchka-dtc-200bc-dual/
zapchastini-ta-aksesuari-dlya-instrumentiv,Запчастини та аксесуари для інструментів / Запчастини для садової техніки / Запчастини для ланцюгових пил,Карбюратор DSG-45-62H,510.0,,,False,,0,80551003,https://dnipro-m.ua/tovar/karbyurator-dsg-45-62h/
zapchastini-ta-aksesuari-dlya-instrumentiv,Запчастини та аксесуари для інструментів / Запчастини для садової техніки / Запчастини для мотокоси,Стопорне кільце M43/52/50RX,3.0,,,True,,0,69707001,https://dnipro-m.ua/tovar/stoporne-kilcze-m435250rx/
zapchastini-ta-aksesuari-dlya-instrumentiv,Запчастини та аксесуари для інструментів / Запчастини для садової техніки / Запчастини для мотокоси,Прокладка карбюратор-адаптер M43/M52,9.0,,,True,,0,69699003,https://dnipro-m.ua/tovar/prokladka-karbyurator-adapter-m43m52/
zapchastini-ta-aksesuari-dlya-instrumentiv,Запчастини та аксесуари для інструментів / Запчастини для садової техніки / Запчастини для мотокоси,Прокладка циліндра M43/M52,12.0,,,True,,0,69699006,https://dnipro-m.ua/tovar/prokladka-czilindra-m43m52/
zapchastini-ta-aksesuari-dlya-instrumentiv,Запчастини та аксесуари для інструментів / Запчастини для садової техніки / Запчастини для мотокоси,Хомут захисного кожуха Dnipro-M 43/52,24.0,,,True,3.00,1,69720001,https://dnipro-m.ua/tovar/khomut-zakhisnogo-kozhukha-dlya-motokos-43-ta-52/
zapchastini-ta-aksesuari-dlya-instrumentiv,Запчастини та аксесуари для інструментів / Запчастини для садової техніки / Запчастини для мотокоси,Ніж кожуха M43/52,30.0,,,False,,0,69715001,https://dnipro-m.ua/tovar/nizh-kozhukha-dlya-motokos-43-ta-52/
zapchastini-ta-aksesuari-dlya-instrumentiv,Запчастини та аксесуари для інструментів / Запчастини для садової техніки / Запчастини для мотокоси,Відповідна частина стартера M43,39.0,,,False,,0,69692001,https://dnipro-m.ua/tovar/vidpovidna-chastina-startera-m43/
zapchastini-ta-aksesuari-dlya-instrumentiv,Запчастини та аксесуари для інструментів / Запчастини для садової техніки / Запчастини для мотокоси,Ніж обрізки волосіні 150S,75.0,,,True,,0,83617001,https://dnipro-m.ua/tovar/nizh-obrizki-volosini-150s/
zapchastini-ta-aksesuari-dlya-instrumentiv,Запчастини та аксесуари для інструментів / Запчастини для садової техніки / Запчастини для мотокоси,Ніж обрізання ліска M110/120,75.0,,,False,,0,76940001,https://dnipro-m.ua/tovar/nizh-obrizannya-liska-m110120/
zapchastini-ta-aksesuari-dlya-instrumentiv,Запчастини та аксесуари для інструментів / Запчастини для садової техніки / Запчастини для мотокоси,Шланг паливний для мотокоси,75.0,,,False,3.35,17,16748001,https://dnipro-m.ua/tovar/shlang-palivnij-dlya-motokosi/
zapchastini-ta-aksesuari-dlya-instrumentiv,Запчастини та аксесуари для інструментів / Запчастини для садової техніки / Запчастини для мотокоси,Кріплення ручок керування М 43,78.0,,,False,,0,52799001,https://dnipro-m.ua/tovar/kriplennya-ruchok-keruvannya-m-43/
zapchastini-ta-aksesuari-dlya-instrumentiv,Запчастини та аксесуари для інструментів / Запчастини для садової техніки / Запчастини для мотокоси,Накладка кожуха захисного DTC-200BC Dual,90.0,,,True,,0,41297001,https://dnipro-m.ua/tovar/nakladka-kozhukha-zakhisnogo-dtc-200bc-dual/
zapchastini-ta-aksesuari-dlya-instrumentiv,Запчастини та аксесуари для інструментів / Запчастини для садової техніки / Запчастини для мотокоси,Крильчатка адаптера 53,120.0,,,True,,0,58097001,https://dnipro-m.ua/tovar/krilchatka-adaptera-53/
zapchastini-ta-aksesuari-dlya-instrumentiv,Запчастини та аксесуари для інструментів / Запчастини для садової техніки / Запчастини для мотокоси,Кожух захисний Dnipro-M 43,120.0,,,False,4.00,2,69684004,https://dnipro-m.ua/tovar/kozhukh-zakhisnij-fs-43/
zapchastini-ta-aksesuari-dlya-instrumentiv,Запчастини та аксесуари для інструментів / Запчастини для садової техніки / Запчастини для мотокоси,Кріплення ручок тримера Dnipro-M 120/150S,150.0,,,True,,0,52964001,https://dnipro-m.ua/tovar/kriplennya-ruchok-trimera-120150s/
zapchastini-ta-aksesuari-dlya-instrumentiv,Запчастини та аксесуари для інструментів / Запчастини для садової техніки / Запчастини для мотокоси,Щітки комплект 120S,150.0,,,True,,0,49569116,https://dnipro-m.ua/tovar/shhitki-komplekt-120s/
zapchastini-ta-aksesuari-dlya-instrumentiv,Запчастини та аксесуари для інструментів / Запчастини для садової техніки / Запчастини для мотокоси,Варіатор у зборі для мотокоси Dnipro-M FC-43,150.0,,,True,,0,69676001,https://dnipro-m.ua/tovar/variator-u-zbori-dlya-motokosi-fc-43/
zapchastini-ta-aksesuari-dlya-instrumentiv,Запчастини та аксесуари для інструментів / Запчастини для садової техніки / Запчастини для мотокоси,Ручка M52,150.0,,,True,,0,69717005,https://dnipro-m.ua/tovar/ruchka-motokosi-m52/
zapchastini-ta-aksesuari-dlya-instrumentiv,Запчастини та аксесуари для інструментів / Запчастини для садової техніки / Запчастини для мотокоси,Металевий захист M43,150.0,,,True,,0,69689001,https://dnipro-m.ua/tovar/metalevij-zakhist-m43/
zapchastini-ta-aksesuari-dlya-instrumentiv,Запчастини та аксесуари для інструментів / Запчастини для садової техніки / Запчастини для мотокоси,Ніж DTC-201,150.0,,,True,,0,41298004,https://dnipro-m.ua/tovar/nizh-dtc-201/
zapchastini-ta-aksesuari-dlya-instrumentiv,Запчастини та аксесуари для інструментів / Запчастини для садової техніки / Запчастини для мотокоси,Стартер для мотокоси,150.0,,,False,4.38,8,69706001,https://dnipro-m.ua/tovar/starter-dlya-motokosi/
zapchastini-ta-aksesuari-dlya-instrumentiv,Запчастини та аксесуари для інструментів / Запчастини для садової техніки / Запчастини для мотокоси,Стартер мотокоси Foresta FC-26S,150.0,,,False,,0,69706005,https://dnipro-m.ua/tovar/starter-motokosi-foresta-fc-26s/
zapchastini-ta-aksesuari-dlya-instrumentiv,Запчастини та аксесуари для інструментів / Запчастини для садової техніки / Запчастини для мотокоси,Кожух захисний Dnipro-M 110/120S,165.0,,,False,,0,52962001,https://dnipro-m.ua/tovar/kozhukh-zakhisnij-110120s/
zapchastini-ta-aksesuari-dlya-instrumentiv,Запчастини та аксесуари для інструментів / Запчастини для садової техніки / Запчастини для мотокоси,Ручка мотокоси Dnipro-M 43,180.0,,,False,,0,69717001,https://dnipro-m.ua/tovar/ruchka-dlya-motokosi-43/
zapchastini-ta-aksesuari-dlya-instrumentiv,Запчастини та аксесуари для інструментів / Запчастини для садової техніки / Запчастини для мотокоси,Бензобак паливний M52,195.0,,,False,,0,79971003,https://dnipro-m.ua/tovar/benzobak-palivnij-m52/
zapchastini-ta-aksesuari-dlya-instrumentiv,Запчастини та аксесуари для інструментів / Запчастини для садової техніки / Запчастини для мотокоси,Стартер для мотокоси у зборі,210.0,,,True,,0,69706003,https://dnipro-m.ua/tovar/starter-dlya-motokosi-u-zbori/
zapchastini-ta-aksesuari-dlya-instrumentiv,Запчастини та аксесуари для інструментів / Запчастини для садової техніки / Запчастини для мотокоси,Кожух захисний 33М/50RX,210.0,,,False,,0,52802005,https://dnipro-m.ua/tovar/kozhukh-zakhisnij-33m50rx/
zapchastini-ta-aksesuari-dlya-instrumentiv,Запчастини та аксесуари для інструментів / Запчастини для садової техніки / Запчастини для мотокоси,Елемент фільтруючий 50RX,210.0,,,False,,0,52939002,https://dnipro-m.ua/tovar/element-filtruyuchij-50rx/
zapchastini-ta-aksesuari-dlya-instrumentiv,Запчастини та аксесуари для інструментів / Запчастини для садової техніки / Запчастини для мотокоси,Кожух захисний 150S,210.0,,,False,,0,52962002,https://dnipro-m.ua/tovar/kozhukh-zakhisnij-150s/
zapchastini-ta-aksesuari-dlya-instrumentiv,Запчастини та аксесуари для інструментів / Запчастини для садової техніки / Запчастини для мотокоси,Насадка волосінь DTC-200BC Dual,210.0,,,False,,0,41301001,https://dnipro-m.ua/tovar/nasadka-volosin-dtc-200bc-dual/
zapchastini-ta-aksesuari-dlya-instrumentiv,Запчастини та аксесуари для інструментів / Запчастини для садової техніки / Запчастини для мотокоси,Корпус кожуха захисного Dnipro-M DTC-200BC Dual,240.0,,,True,,0,41296001,https://dnipro-m.ua/tovar/korpus-kozhukha-zakhisnogo-dtc-200bc-dual/
zapchastini-ta-aksesuari-dlya-instrumentiv,Запчастини та аксесуари для інструментів / Запчастини для садової техніки / Запчастини для мотокоси,Ручка керування у зборі M 43,240.0,,,True,,0,52798001,https://dnipro-m.ua/tovar/ruchka-keruvannya-u-zbori-m-43/
zapchastini-ta-aksesuari-dlya-instrumentiv,Запчастини та аксесуари для інструментів / Запчастини для садової техніки / Запчастини для мотокоси,Кріплення ручок керування M 52,255.0,,,False,3.00,2,52799002,https://dnipro-m.ua/tovar/kriplennya-ruchok-keruvannya-m-52/
zapchastini-ta-aksesuari-dlya-instrumentiv,Запчастини та аксесуари для інструментів / Запчастини для садової техніки / Запчастини для мотокоси,Редуктор у зборі M110/120,300.0,,,True,,0,76942006,https://dnipro-m.ua/tovar/reduktor-u-zbori-m110120/
zapchastini-ta-aksesuari-dlya-instrumentiv,Запчастини та аксесуари для інструментів / Запчастини для садової техніки / Запчастини для мотокоси,Ручка управління в зборі для мотокоси Dnipro-M 52,390.0,,,True,,0,52798002,https://dnipro-m.ua/tovar/ruchka-upravlinnya-v-zbori-dlya-motokosi-52/
zapchastini-ta-aksesuari-dlya-instrumentiv,Запчастини та аксесуари для інструментів / Запчастини для садової техніки / Запчастини для мотокоси,Ремінь наплечный 110,390.0,,,True,5.00,1,52963001,https://dnipro-m.ua/tovar/remin-naplechnyj-110/
zapchastini-ta-aksesuari-dlya-instrumentiv,Запчастини та аксесуари для інструментів / Запчастини для садової техніки / Запчастини для мотокоси,Ремінь наплічний 120,390.0,,,True,5.00,1,52963002,https://dnipro-m.ua/tovar/remin-naplichnij-120/
zapchastini-ta-aksesuari-dlya-instrumentiv,Запчастини та аксесуари для інструментів / Запчастини для садової техніки / Запчастини для мотокоси,Редуктор нижній для мотокоси Dnipro-M 43,399.0,,,True,5.00,1,52797002,https://dnipro-m.ua/tovar/reduktor-nizhnij-dlya-motokosi-dnipro-m-43/
zapchastini-ta-aksesuari-dlya-instrumentiv,Запчастини та аксесуари для інструментів / Запчастини для садової техніки / Запчастини для мотокоси,Редуктор верхній для мотокоси Dnipro-M 43,399.0,,,True,,0,52797001,https://dnipro-m.ua/tovar/reduktor-verkhnij-dlya-motokosi-dnipro-m-43/
zapchastini-ta-aksesuari-dlya-instrumentiv,Запчастини та аксесуари для інструментів / Запчастини для садової техніки / Запчастини для мотокоси,Редуктор верхній для мотокоси Dnipro-M 52,420.0,,,True,,0,52797003,https://dnipro-m.ua/tovar/reduktor-verkhnij-dlya-motokosi-dnipro-m-52/
zapchastini-ta-aksesuari-dlya-instrumentiv,Запчастини та аксесуари для інструментів / Запчастини для садової техніки / Запчастини для мотокоси,Редуктор нижній для мотокоси Dnipro-M 52,420.0,,,False,,0,52797004,https://dnipro-m.ua/tovar/reduktor-nizhnij-dlya-motokosi-dnipro-m-52/
zapchastini-ta-aksesuari-dlya-instrumentiv,Запчастини та аксесуари для інструментів / Запчастини для садової техніки / Запчастини для мотокоси,Карбюратор M43/52,480.0,,,True,,0,69681001,https://dnipro-m.ua/tovar/karbyurator-m4352/
zapchastini-ta-aksesuari-dlya-instrumentiv,Запчастини та аксесуари для інструментів / Запчастини для садової техніки / Запчастини для мотокоси,Ремінь для тримера Dnipro-M TH-2,510.0,,,True,4.29,14,99552000,https://dnipro-m.ua/tovar/remin-dlya-trimera-th-2/
zapchastini-ta-aksesuari-dlya-instrumentiv,Запчастини та аксесуари для інструментів / Запчастини для садової техніки / Запчастини для мотокоси,Ремінь ранцевий M 52,690.0,,,True,,0,52803002,https://dnipro-m.ua/tovar/remin-ranczevij-m-52/
zapchastini-ta-aksesuari-dlya-instrumentiv,Запчастини та аксесуари для інструментів / Запчастини для садової техніки / Запчастини для мотокоси,Електричний стартер для мотокоси Dnipro-M 52 та 43 (без АКБ та ЗП),1500.0,1950.0,23,True,4.17,6,48702000-2,https://dnipro-m.ua/tovar/elektrichnij-starter-dlya-motokosi-52-ta-43/
zapchastini-ta-aksesuari-dlya-instrumentiv,Запчастини та аксесуари для інструментів / Запчастини для садової техніки / Комплектуючі до насосних станцій,"Перехідник DNIPRO-M 1- 3/4""",99.0,,,True,,0,99305000,https://dnipro-m.ua/tovar/perehidnik-1-3-4/
zapchastini-ta-aksesuari-dlya-instrumentiv,Запчастини та аксесуари для інструментів / Запчастини для садової техніки / Комплектуючі до насосних станцій,"Механічне реле тиску Dnipro-M PS-1, 1.5-3.1 Бар",330.0,,,True,3.88,8,84749000,https://dnipro-m.ua/tovar/mekhanichne-rele-tisku-ps-1-15-31-bar/
zapchastini-ta-aksesuari-dlya-instrumentiv,Запчастини та аксесуари для інструментів / Запчастини для садової техніки / Комплектуючі до насосних станцій,"Мембрана для гідроакумулятору Dnipro-M 19 л, EPDM",420.0,,,True,,0,84748000,https://dnipro-m.ua/tovar/membrana-dlya-gidroakumulyatoru-19-l-epdm/
zapchastini-ta-aksesuari-dlya-instrumentiv,Запчастини та аксесуари для інструментів / Запчастини для садової техніки / Комплектуючі до насосних станцій,"Шланг всмоктувальний DNIPRO-M до насосів 1"", 7 м , з фільтром",1149.0,,,True,,0,99304000,https://dnipro-m.ua/tovar/shlang-vsmoktuvalnij-do-nasosiv-1-7m-z-filtrom/
zapchastini-ta-aksesuari-dlya-instrumentiv,Запчастини та аксесуари для інструментів / Запчастини для садової техніки / Комплектуючі до обприскувачів,Шланг подачі рідини Dnipro-M 12S,30.0,,,True,1.00,1,76901001,https://dnipro-m.ua/tovar/shlang-podachi-zhidkosti/
zapchastini-ta-aksesuari-dlya-instrumentiv,Запчастини та аксесуари для інструментів / Запчастини для садової техніки / Комплектуючі до обприскувачів,Фіксатор ременя Dnipro-M 16М,30.0,,,False,,0,80319002,https://dnipro-m.ua/tovar/fiksator-remenya-16m/
zapchastini-ta-aksesuari-dlya-instrumentiv,Запчастини та аксесуари для інструментів / Запчастини для садової техніки / Комплектуючі до обприскувачів,Шланг подачі рідини BS-16M,45.0,,,False,,0,76901002,https://dnipro-m.ua/tovar/shlang-podachi-ridini-bs-16m/
zapchastini-ta-aksesuari-dlya-instrumentiv,Запчастини та аксесуари для інструментів / Запчастини для садової техніки / Комплектуючі до обприскувачів,Зарядний пристрій для оприскувача Dnipro-M М8,54.0,,,False,,0,58568001,https://dnipro-m.ua/tovar/zaryadnij-pristrij-dlya-opriskuvacha-m8/
zapchastini-ta-aksesuari-dlya-instrumentiv,Запчастини та аксесуари для інструментів / Запчастини для садової техніки / Комплектуючі до обприскувачів,Штанга телескопічна 5 Li,60.0,,,False,,0,58572002,https://dnipro-m.ua/tovar/shtanga-teleskopichna-5-li/
zapchastini-ta-aksesuari-dlya-instrumentiv,Запчастини та аксесуари для інструментів / Запчастини для садової техніки / Комплектуючі до обприскувачів,Ручка до обприскувача Dnipro-M,99.0,,,False,4.07,30,83428000,https://dnipro-m.ua/tovar/ruchka-do-obpriskuvacha/
zapchastini-ta-aksesuari-dlya-instrumentiv,Запчастини та аксесуари для інструментів / Запчастини для садової техніки / Комплектуючі до обприскувачів,Комплект насадок для оприскувача (5Li),99.0,,,False,,0,58566003,https://dnipro-m.ua/tovar/komplekt-nasadok-dlya-opriskuvacha-5li/
zapchastini-ta-aksesuari-dlya-instrumentiv,Запчастини та аксесуари для інструментів / Запчастини для садової техніки / Комплектуючі до обприскувачів,Комплект насадок для оприскувача (M8),99.0,,,False,,0,58566001,https://dnipro-m.ua/tovar/komplekt-nasadok-dlya-opriskuvacha-m8/
zapchastini-ta-aksesuari-dlya-instrumentiv,Запчастини та аксесуари для інструментів / Запчастини для садової техніки / Комплектуючі до обприскувачів,Телескопічна трубка до обприскувача Dnipro-M 47-82 см,108.0,,,True,4.44,16,83429000,https://dnipro-m.ua/tovar/teleskopichna-trubka-do-obpriskuvacha-47-82-sm/
zapchastini-ta-aksesuari-dlya-instrumentiv,Запчастини та аксесуари для інструментів / Запчастини для садової техніки / Комплектуючі до обприскувачів,Набір форсунок до обприскувача Dnipro-M 6 в 1,108.0,,,True,4.50,10,83431000,https://dnipro-m.ua/tovar/nabir-forsunok-do-obpriskuvacha-6-v-1/
zapchastini-ta-aksesuari-dlya-instrumentiv,Запчастини та аксесуари для інструментів / Запчастини для садової техніки / Комплектуючі до обприскувачів,Зарядний пристрій для оприскувача Foresta 12N,108.0,,,False,,0,76905001,https://dnipro-m.ua/tovar/zaryadnoe-ustrojstvo-bs-16-18/
zapchastini-ta-aksesuari-dlya-instrumentiv,Запчастини та аксесуари для інструментів / Запчастини для садової техніки / Комплектуючі до обприскувачів,Ремінь 12N,150.0,,,False,,0,76902002,https://dnipro-m.ua/tovar/remin-12n/
zapchastini-ta-aksesuari-dlya-instrumentiv,Запчастини та аксесуари для інструментів / Запчастини для садової техніки / Комплектуючі до обприскувачів,Зарядний пристрій BC-3 12V/1А,225.0,,,False,,0,86589001,https://dnipro-m.ua/tovar/zaryadnij-pristrij-bc-3-12v1a/
zapchastini-ta-aksesuari-dlya-instrumentiv,Запчастини та аксесуари для інструментів / Запчастини для садової техніки / Комплектуючі до обприскувачів,Насос автоматичний Dnipro-M 12S,249.0,,,False,,0,76900001,https://dnipro-m.ua/tovar/nasos-avtomaticheskij/
zapchastini-ta-aksesuari-dlya-instrumentiv,Запчастини та аксесуари для інструментів / Запчастини для садової техніки / Комплектуючі до обприскувачів,Телескопічна трубка до обприскувача Dnipro-M 270 см,345.0,,,True,3.66,50,83430000,https://dnipro-m.ua/tovar/teleskopichna-trubka-do-obpriskuvacha-270-sm/
zapchastini-ta-aksesuari-dlya-instrumentiv,Запчастини та аксесуари для інструментів / Запчастини для садової техніки / Комплектуючі до обприскувачів,Пристрій зарядний 16.8 V/1 А,420.0,,,True,,0,58100001,https://dnipro-m.ua/tovar/pristrij-zaryadnij-168-v1-a/
zapchastini-ta-aksesuari-dlya-instrumentiv,Запчастини та аксесуари для інструментів / Запчастини для садової техніки / Комплектуючі до обприскувачів,Батарея 12V/8AH,810.0,,,True,,0,76893001,https://dnipro-m.ua/tovar/batareya-12v-8ah/
zapchastini-ta-aksesuari-dlya-instrumentiv,Запчастини та аксесуари для інструментів / Запчастини до вимірювального інструменту,Зарядний пристрій Dnipro-M МL-120,150.0,,,False,,0,82111001,https://dnipro-m.ua/tovar/zaryadnij-pristrij-ml-120/
zapchastini-ta-aksesuari-dlya-instrumentiv,Запчастини та аксесуари для інструментів / Запчастини до вимірювального інструменту,Акумуляторна батарея Dnipro-M для лазерного рівня ML-120L,168.0,,,True,,0,82113004,https://dnipro-m.ua/tovar/akumulyatorna-batareya-dlya-lazernogo-rivnya-ml-120l/
zapchastini-ta-aksesuari-dlya-instrumentiv,Запчастини та аксесуари для інструментів / Запчастини до вимірювального інструменту,Акумуляторна батарея Dnipro-M для лазерного рівня ML-330R,360.0,,,False,,0,82113005,https://dnipro-m.ua/tovar/akumulyatorna-batareya-dlya-lazernogo-rivnya-ml-330r/
zapchastini-ta-aksesuari-dlya-instrumentiv,Запчастини та аксесуари для інструментів / Запчастини до вимірювального інструменту,"Акумуляторна батарея Li-ion 3,7V ML-816G",390.0,,,False,,0,82113006,https://dnipro-m.ua/tovar/akumulyatorna-batareya-li-ion-37v-ml-816g/
zapchastini-ta-aksesuari-dlya-instrumentiv,Запчастини та аксесуари для інструментів / Запчастини до вимірювального інструменту,Акумуляторна батарея Dnipro-M для лазерного рівня ML-512GSX,465.0,,,False,,0,82113002,https://dnipro-m.ua/tovar/akumulyatorna-batareya-dlya-lazernogo-rivnya-ml-512gsx/
zapchastini-ta-aksesuari-dlya-instrumentiv,Запчастини та аксесуари для інструментів / Запчастини до культиваторів,"Шплінт M85, 4T",9.0,,,False,,0,84803001,https://dnipro-m.ua/tovar/shplint-m85-4t/
zapchastini-ta-aksesuari-dlya-instrumentiv,Запчастини та аксесуари для інструментів / Запчастини до культиваторів,"Штифт стопорний 10х60 M85, 4T",12.0,,,False,,0,84802001,https://dnipro-m.ua/tovar/shtift-stopornij-10kh60-m85-4t/
zapchastini-ta-aksesuari-dlya-instrumentiv,Запчастини та аксесуари для інструментів / Запчастини до пуско-зарядних пристроїв,Запобіжник Dnipro-M 110 А,36.0,,,False,,0,80239002,https://dnipro-m.ua/tovar/zapobizhnik-110-a/
zapchastini-ta-aksesuari-dlya-instrumentiv,Запчастини та аксесуари для інструментів / Ремкомплекти для тріскачок і воротків,"Ремкомплект для воротка Dnipro-M 1/2""",105.0,,,True,5.00,1,84470000,https://dnipro-m.ua/tovar/remkomplekt-dlya-vorotka-12/
zapchastini-ta-aksesuari-dlya-instrumentiv,Запчастини та аксесуари для інструментів / Ремкомплекти для тріскачок і воротків,"Ремкомплект для тріскачки Dnipro-M 1/4""",168.0,,,True,5.00,6,17644001,https://dnipro-m.ua/tovar/remkomplekt-dlya-treshhotki-14/
zapchastini-ta-aksesuari-dlya-instrumentiv,Запчастини та аксесуари для інструментів / Ремкомплекти для тріскачок і воротків,"Ремкомплект для тріскачки Dnipro-M 1/2""",225.0,,,True,5.00,7,17644002,https://dnipro-m.ua/tovar/remkomplekt-dlya-treshhotki-12/
zapchastini-ta-aksesuari-dlya-instrumentiv,Запчастини та аксесуари для інструментів / Свічки запалювання,Свічка запалювання Dnipro-M M S8R,90.0,,,True,,0,21378001,https://dnipro-m.ua/tovar/svecha-zazhiganiya-m-s8r/
zapchastini-ta-aksesuari-dlya-instrumentiv,Запчастини та аксесуари для інструментів / Свічки запалювання,Свічка запалювання Dnipro-M S6R,99.0,,,True,4.50,4,41743000,https://dnipro-m.ua/tovar/svichka-zapalyuvannya-s6r/
zapchastini-ta-aksesuari-dlya-instrumentiv,Запчастини та аксесуари для інструментів / Свічки запалювання,Свічка запалювання Dnipro-M M S7R,120.0,,,True,4.00,5,21378002,https://dnipro-m.ua/tovar/svecha-zazhiganiya-m-s7r/
zapchastini-ta-aksesuari-dlya-instrumentiv,Запчастини та аксесуари для інструментів / Свічки запалювання,Свічка запалювання для генератора GX-20І,150.0,,,False,,0,59944002,https://dnipro-m.ua/tovar/svichka-zapalyuvannya-dlya-generatora-gx-20i/
